broadcast_position_noise_m,frequency_MHz,mc_trials,method,tail_mean_power_db,tail_mean_gain_over_single_mean_db,tail_mean_gain_over_single_best_db,tail_mean_phase_std_deg,tail_mean_phase_rmse_deg,final_power_db,tail_mean_distance_rmse_m,tail_mean_node_rmse_m,tail_mean_uav_rmse_m,tail_mean_uav_line_intercept_rmse_m,tail_mean_uav_velocity_rmse_mps,point_out_dir
0.0,40.0,10,No Algorithm,-3.9210696320183325,50.058330454702045,50.058330454702045,52.014420096924404,52.01409931515421,-3.977729745133656,,,,,,D:\git\sim\outputs\岸基广播定位误差扫描_40MHz_N500_MC10_预热20_20260916\point_00_0m
0.0,40.0,10,DPC,-2.6566027629224735,51.3227973237979,51.3227973237979,43.94949054095323,43.949865912318835,-2.666322019537015,1.0101125085997635,1.7331225394346874,0.2476126207332031,0.23214309741419645,0.015365968287234669,D:\git\sim\outputs\岸基广播定位误差扫描_40MHz_N500_MC10_预热20_20260916\point_00_0m
0.0,40.0,10,Node-KF DPC,-0.12644453087004806,53.85295555585032,53.85295555585032,9.785817934372776,9.78481256198849,-0.12287046796319312,0.1767140520774759,0.16199909901719575,0.2476126207332031,0.23214309741419645,0.015365968287234669,D:\git\sim\outputs\岸基广播定位误差扫描_40MHz_N500_MC10_预热20_20260916\point_00_0m
0.0,40.0,10,KF-DPC,-0.06611483057990578,53.91328525614047,53.91328525614047,7.073727841187307,7.087636910877754,-0.06846133257156524,0.10661951775003016,0.16199909901719575,0.03592930935738078,0.14987907028322833,0.005791172758003543,D:\git\sim\outputs\岸基广播定位误差扫描_40MHz_N500_MC10_预热20_20260916\point_00_0m
0.0,40.0,10,Shore Broadcast,-0.03186326388337571,53.947536822837,53.947536822837,4.910318396991861,4.910326768042159,-0.03186326388337474,0.0,0.0,0.0,,,D:\git\sim\outputs\岸基广播定位误差扫描_40MHz_N500_MC10_预热20_20260916\point_00_0m
0.05,40.0,10,No Algorithm,-3.9210696320183325,50.058330454702045,50.058330454702045,52.014420096924404,52.01409931515421,-3.977729745133656,,,,,,D:\git\sim\outputs\岸基广播定位误差扫描_40MHz_N500_MC10_预热20_20260916\point_01_0.05m
0.05,40.0,10,DPC,-2.6566027629224735,51.3227973237979,51.3227973237979,43.94949054095323,43.949865912318835,-2.666322019537015,1.0101125085997635,1.7331225394346874,0.2476126207332031,0.23214309741419645,0.015365968287234669,D:\git\sim\outputs\岸基广播定位误差扫描_40MHz_N500_MC10_预热20_20260916\point_01_0.05m
0.05,40.0,10,Node-KF DPC,-0.12644453087004806,53.85295555585032,53.85295555585032,9.785817934372776,9.78481256198849,-0.12287046796319312,0.1767140520774759,0.16199909901719575,0.2476126207332031,0.23214309741419645,0.015365968287234669,D:\git\sim\outputs\岸基广播定位误差扫描_40MHz_N500_MC10_预热20_20260916\point_01_0.05m
0.05,40.0,10,KF-DPC,-0.06611483057990578,53.91328525614047,53.91328525614047,7.073727841187307,7.087636910877754,-0.06846133257156524,0.10661951775003016,0.16199909901719575,0.03592930935738078,0.14987907028322833,0.005791172758003543,D:\git\sim\outputs\岸基广播定位误差扫描_40MHz_N500_MC10_预热20_20260916\point_01_0.05m
0.05,40.0,10,Shore Broadcast,-0.0460722313563166,53.933327855364055,53.933327855364055,5.891124502264099,5.9599800409559505,-0.048153403185017686,0.06924571428089106,0.08661524550138582,0.080208306456462,,,D:\git\sim\outputs\岸基广播定位误差扫描_40MHz_N500_MC10_预热20_20260916\point_01_0.05m
0.1,40.0,10,No Algorithm,-3.9210696320183325,50.058330454702045,50.058330454702045,52.014420096924404,52.01409931515421,-3.977729745133656,,,,,,D:\git\sim\outputs\岸基广播定位误差扫描_40MHz_N500_MC10_预热20_20260916\point_02_0.1m
0.1,40.0,10,DPC,-2.6566027629224735,51.3227973237979,51.3227973237979,43.94949054095323,43.949865912318835,-2.666322019537015,1.0101125085997635,1.7331225394346874,0.2476126207332031,0.23214309741419645,0.015365968287234669,D:\git\sim\outputs\岸基广播定位误差扫描_40MHz_N500_MC10_预热20_20260916\point_02_0.1m
0.1,40.0,10,Node-KF DPC,-0.12644453087004806,53.85295555585032,53.85295555585032,9.785817934372776,9.78481256198849,-0.12287046796319312,0.1767140520774759,0.16199909901719575,0.2476126207332031,0.23214309741419645,0.015365968287234669,D:\git\sim\outputs\岸基广播定位误差扫描_40MHz_N500_MC10_预热20_20260916\point_02_0.1m
0.1,40.0,10,KF-DPC,-0.06611483057990578,53.91328525614047,53.91328525614047,7.073727841187307,7.087636910877754,-0.06846133257156524,0.10661951775003016,0.16199909901719575,0.03592930935738078,0.14987907028322833,0.005791172758003543,D:\git\sim\outputs\岸基广播定位误差扫描_40MHz_N500_MC10_预热20_20260916\point_02_0.1m
0.1,40.0,10,Shore Broadcast,-0.08849867659915556,53.890901410121224,53.890901410121224,8.11117920937658,8.307541940112122,-0.09665374538365856,0.1384915211565283,0.17323049100277169,0.1604166129129227,,,D:\git\sim\outputs\岸基广播定位误差扫描_40MHz_N500_MC10_预热20_20260916\point_02_0.1m
0.25,40.0,10,No Algorithm,-3.9210696320183325,50.058330454702045,50.058330454702045,52.014420096924404,52.01409931515421,-3.977729745133656,,,,,,D:\git\sim\outputs\岸基广播定位误差扫描_40MHz_N500_MC10_预热20_20260916\point_03_0.25m
0.25,40.0,10,DPC,-2.6566027629224735,51.3227973237979,51.3227973237979,43.94949054095323,43.949865912318835,-2.666322019537015,1.0101125085997635,1.7331225394346874,0.2476126207332031,0.23214309741419645,0.015365968287234669,D:\git\sim\outputs\岸基广播定位误差扫描_40MHz_N500_MC10_预热20_20260916\point_03_0.25m
0.25,40.0,10,Node-KF DPC,-0.12644453087004806,53.85295555585032,53.85295555585032,9.785817934372776,9.78481256198849,-0.12287046796319312,0.1767140520774759,0.16199909901719575,0.2476126207332031,0.23214309741419645,0.015365968287234669,D:\git\sim\outputs\岸基广播定位误差扫描_40MHz_N500_MC10_预热20_20260916\point_03_0.25m
0.25,40.0,10,KF-DPC,-0.06611483057990578,53.91328525614047,53.91328525614047,7.073727841187307,7.087636910877754,-0.06846133257156524,0.10661951775003016,0.16199909901719575,0.03592930935738078,0.14987907028322833,0.005791172758003543,D:\git\sim\outputs\岸基广播定位误差扫描_40MHz_N500_MC10_预热20_20260916\point_03_0.25m
0.25,40.0,10,Shore Broadcast,-0.3837907936844913,53.59560929303588,53.59560929303588,16.774477173724154,17.361675480154425,-0.43481264395664265,0.34622949225446814,0.43307622750692915,0.4010415322823076,,,D:\git\sim\outputs\岸基广播定位误差扫描_40MHz_N500_MC10_预热20_20260916\point_03_0.25m
0.5,40.0,10,No Algorithm,-3.9210696320183325,50.058330454702045,50.058330454702045,52.014420096924404,52.01409931515421,-3.977729745133656,,,,,,D:\git\sim\outputs\岸基广播定位误差扫描_40MHz_N500_MC10_预热20_20260916\point_04_0.5m
0.5,40.0,10,DPC,-2.6566027629224735,51.3227973237979,51.3227973237979,43.94949054095323,43.949865912318835,-2.666322019537015,1.0101125085997635,1.7331225394346874,0.2476126207332031,0.23214309741419645,0.015365968287234669,D:\git\sim\outputs\岸基广播定位误差扫描_40MHz_N500_MC10_预热20_20260916\point_04_0.5m
0.5,40.0,10,Node-KF DPC,-0.12644453087004806,53.85295555585032,53.85295555585032,9.785817934372776,9.78481256198849,-0.12287046796319312,0.1767140520774759,0.16199909901719575,0.2476126207332031,0.23214309741419645,0.015365968287234669,D:\git\sim\outputs\岸基广播定位误差扫描_40MHz_N500_MC10_预热20_20260916\point_04_0.5m
0.5,40.0,10,KF-DPC,-0.06611483057990578,53.91328525614047,53.91328525614047,7.073727841187307,7.087636910877754,-0.06846133257156524,0.10661951775003016,0.16199909901719575,0.03592930935738078,0.14987907028322833,0.005791172758003543,D:\git\sim\outputs\岸基广播定位误差扫描_40MHz_N500_MC10_预热20_20260916\point_04_0.5m
0.5,40.0,10,Shore Broadcast,-1.4071872911503578,52.57221279557002,52.57221279557002,32.23749273008532,33.237474359915005,-1.607912975181128,0.6924612484120626,0.8661524550138584,0.8020830645646143,,,D:\git\sim\outputs\岸基广播定位误差扫描_40MHz_N500_MC10_预热20_20260916\point_04_0.5m
1.0,40.0,10,No Algorithm,-3.9210696320183325,50.058330454702045,50.058330454702045,52.014420096924404,52.01409931515421,-3.977729745133656,,,,,,D:\git\sim\outputs\岸基广播定位误差扫描_40MHz_N500_MC10_预热20_20260916\point_05_1m
1.0,40.0,10,DPC,-2.6566027629224735,51.3227973237979,51.3227973237979,43.94949054095323,43.949865912318835,-2.666322019537015,1.0101125085997635,1.7331225394346874,0.2476126207332031,0.23214309741419645,0.015365968287234669,D:\git\sim\outputs\岸基广播定位误差扫描_40MHz_N500_MC10_预热20_20260916\point_05_1m
1.0,40.0,10,Node-KF DPC,-0.12644453087004806,53.85295555585032,53.85295555585032,9.785817934372776,9.78481256198849,-0.12287046796319312,0.1767140520774759,0.16199909901719575,0.2476126207332031,0.23214309741419645,0.015365968287234669,D:\git\sim\outputs\岸基广播定位误差扫描_40MHz_N500_MC10_预热20_20260916\point_05_1m
1.0,40.0,10,KF-DPC,-0.06611483057990578,53.91328525614047,53.91328525614047,7.073727841187307,7.087636910877754,-0.06846133257156524,0.10661951775003016,0.16199909901719575,0.03592930935738078,0.14987907028322833,0.005791172758003543,D:\git\sim\outputs\岸基广播定位误差扫描_40MHz_N500_MC10_预热20_20260916\point_05_1m
1.0,40.0,10,Shore Broadcast,-3.523518106215339,50.45588198050503,50.45588198050503,49.76913699010699,49.91082869371632,-3.7847642372699135,1.3849312977622383,1.7323049100277166,1.6041661291292286,,,D:\git\sim\outputs\岸基广播定位误差扫描_40MHz_N500_MC10_预热20_20260916\point_05_1m
