factor,factor_value,factor_label,frequency_MHz,wavelength_m,N,connectivity,n_clusters,actual_mean_degree,actual_mean_cluster_size,cluster_effective_peer_count_mean,cluster_peer_coverage_fraction,uav_position_noise_m,node_position_noise_m,mc_trials,T_long,K,TL_s,Ts_s,buoy_wave_speed_mps,buoy_wave_diffusion_m_per_sqrt_s,no_algorithm_tail_power_db,dfpc_tail_power_db,dfpc_gain_over_no_algorithm_db,no_algorithm_tail_gain_over_single_mean_db,dfpc_tail_gain_over_single_mean_db,dfpc_tail_gain_over_single_best_db,no_algorithm_tail_phase_std_deg,no_algorithm_tail_phase_rmse_deg,random_reference_tail_power_db,random_reference_gain_over_single_mean_db,random_reference_tail_phase_std_deg,random_reference_tail_phase_rmse_deg,dfpc_tail_phase_std_deg,dfpc_tail_phase_rmse_deg,dfpc_tail_distance_rmse_m,dfpc_tail_node_rmse_m,dfpc_tail_uav_rmse_m,dfpc_tail_uav_line_intercept_rmse_m,dfpc_tail_uav_velocity_rmse_mps,dfpc_final_power_db,dfpc_final_phase_std_deg,dfpc_final_phase_rmse_deg,dfpc_final_distance_rmse_m,node_kf_dfpc_tail_power_db,node_kf_dfpc_gain_over_single_mean_db,node_kf_dfpc_tail_phase_std_deg,node_kf_dfpc_tail_phase_rmse_deg,node_kf_dfpc_tail_distance_rmse_m,node_kf_dfpc_tail_node_rmse_m,node_kf_dfpc_tail_uav_rmse_m,node_kf_dfpc_final_power_db,node_kf_dfpc_final_phase_std_deg,node_kf_dfpc_final_distance_rmse_m,kf_dfpc_tail_power_db,kf_improvement_over_dfpc_db,kf_dfpc_gain_over_single_mean_db,kf_dfpc_phase_std_deg,kf_dfpc_phase_rmse_deg,kf_dfpc_distance_rmse_m,kf_dfpc_node_rmse_m,kf_dfpc_uav_rmse_m,kf_dfpc_final_power_db,kf_dfpc_final_phase_std_deg,kf_dfpc_final_phase_rmse_deg,kf_dfpc_final_distance_rmse_m,cluster_dfpc_tail_power_db,cluster_dfpc_gain_over_single_mean_db,cluster_dfpc_tail_phase_std_deg,cluster_dfpc_tail_phase_rmse_deg,cluster_dfpc_tail_distance_rmse_m,cluster_dfpc_tail_node_rmse_m,cluster_dfpc_tail_uav_rmse_m,cluster_dfpc_final_power_db,cluster_dfpc_final_phase_std_deg,cluster_dfpc_final_distance_rmse_m,cluster_kf_dfpc_tail_power_db,cluster_kf_dfpc_gain_over_single_mean_db,cluster_kf_dfpc_tail_phase_std_deg,cluster_kf_dfpc_tail_phase_rmse_deg,cluster_kf_dfpc_tail_distance_rmse_m,cluster_kf_dfpc_tail_node_rmse_m,cluster_kf_dfpc_tail_uav_rmse_m,cluster_kf_dfpc_final_power_db,cluster_kf_dfpc_final_phase_std_deg,cluster_kf_dfpc_final_distance_rmse_m,controlled_design,target_mean_degree,target_cluster_size,point_index,point_out_dir
node_count,50.0,N=50,20.0,15.0,50,0.03,40,3.3840000000000003,1.25,1.0827790463610623,0.37699999999999995,3.0,1.0,20,8,30,1.5,0.05,5.0,0.5,-3.5915778694742206,-0.7801195909405046,2.811458278533716,29.4654903098176,32.27693185214572,25.225848763380473,50.743031361008605,50.75888824620444,-3.7756429798708337,29.281044800895266,51.92885947681643,51.90736784449649,24.527029587561383,24.557571233063964,1.0157301096037028,1.729077063755284,0.36425772909466964,0.3654981593339988,0.05918513290997204,-0.7550048348153916,24.129928000849098,24.152679988122394,1.0032168246105362,-0.11865420448237018,32.93846075396449,9.91608755562334,9.969833180346852,0.39534561583923034,0.5372498788940121,0.36425772909466964,-0.11118239011691343,9.599640548931978,0.3709926157197607,-0.09214155699849719,0.6879780339420072,32.96495619315405,8.811563441290938,8.927429642246004,0.3503957570766592,0.5372498788940121,0.1806873324694517,-0.09066514717482711,8.692328966707302,8.739003557240466,0.33118138844820255,-0.13160187828402686,32.925487607711126,10.421234189438069,10.476115932641251,0.41911754240377935,0.5749433993273851,0.36425772909466964,-0.12765728740135096,10.268314198813105,0.4001966311713018,-0.1025493894532248,32.95453139003519,9.2479820970328,9.379908313335235,0.372240057881281,0.5749433993273851,0.1806873324694517,-0.1038437555674111,9.307113160711612,0.35860298174310345,False,8.0,,0,C:\Users\mika\Documents\Codex\2026-08-21\d-git-bullshitsim\outputs\uncontrolled_node_count_gain\node_count\point_00
node_count,75.0,N=75,20.0,15.0,75,0.03,40,4.193333333333333,1.875,1.2628708054262014,0.754,3.0,1.0,20,8,30,1.5,0.05,5.0,0.5,-3.6959641998780315,-0.7927615204816797,2.9032026793963523,32.8884417595721,35.7915799138563,28.676924974299247,51.14709360511688,51.12970727183822,-3.871438046987587,32.712667688965894,52.15095904262068,52.17396919170107,24.56116118096878,24.565748953793456,1.0160967891055035,1.7326732417493032,0.34305968244031254,0.3406750114613694,0.05586634815453704,-0.7804894327833676,23.940776730858456,23.93621183793683,0.9863933529312259,-0.12148945170107796,36.46284912486861,9.926052253078124,9.937180310714533,0.39712858918236327,0.5401918303513927,0.34305968244031254,-0.11641213890867291,9.730888120802192,0.3889173158157494,-0.09465993104133774,0.6981015894403422,36.48964893771361,8.83741352880058,8.871585438883807,0.3508291255920555,0.5401918303513927,0.12574383628512897,-0.09385488737433943,8.721986246523699,8.758217071406282,0.34737859160252726,-0.14040751823764447,36.44389109977873,10.557435744863744,10.553079206516491,0.42028423922043184,0.5867126838022866,0.34305968244031254,-0.1319146535307978,10.234008289894785,0.40400531520177363,-0.11236006707640339,36.471932821986435,9.50915348920732,9.5205890369677,0.3753408675356203,0.5867126838022866,0.12574383628512897,-0.10649326263099389,9.248705718324976,0.3606248613980526,False,8.0,,1,C:\Users\mika\Documents\Codex\2026-08-21\d-git-bullshitsim\outputs\uncontrolled_node_count_gain\node_count\point_01
node_count,100.0,N=100,20.0,15.0,100,0.03,40,4.953,2.5,1.4076070019891584,0.8810000000000001,3.0,1.0,20,8,30,1.5,0.05,5.0,0.5,-3.677618094201539,-0.7819601076527263,2.8956579865488123,35.42976603454231,38.32551050589481,31.00456158419346,51.00567584865208,51.01701962441638,-3.92782443828606,35.18008803487052,52.278488964476274,52.25605967452673,24.464246450411668,24.4758379073206,1.012518150220983,1.7290543537272747,0.3244633144011158,0.3296126474903975,0.05301408287657138,-0.7727200079920639,24.48060283790864,24.48517036863023,1.0117030466074246,-0.11583239175168894,38.99167565262526,9.692499819777584,9.708644606025715,0.3868443678745804,0.5324997367254541,0.3244633144011158,-0.11060414646987886,9.408433675169718,0.3757932024754834,-0.09365122936280036,0.6883088782899258,39.0138427674256,8.735564720380898,8.781177259196808,0.34580599994124034,0.5324997367254541,0.11712963113231177,-0.09030834436547291,8.539467203836471,8.576329529541322,0.338194908801332,-0.127075155987531,38.98044141469186,10.136352201582811,10.152816844954335,0.40290755388179794,0.5780225610977333,0.3244633144011158,-0.12178473026585786,9.920604618684113,0.39719101322753314,-0.10503112225557465,39.00246090360528,9.206194809687245,9.246740239134283,0.36267413236019247,0.5780225610977333,0.11712963113231177,-0.10410536244070398,9.140180629899403,0.36446905138244035,False,8.0,,2,C:\Users\mika\Documents\Codex\2026-08-21\d-git-bullshitsim\outputs\uncontrolled_node_count_gain\node_count\point_02
node_count,150.0,N=150,20.0,15.0,150,0.03,40,6.463333333333333,3.75,1.569197062826847,0.9636666666666666,3.0,1.0,20,8,30,1.5,0.05,5.0,0.5,-3.72255758656233,-0.7862738820443728,2.936283704517957,38.93410753421136,41.870496738419305,34.410427259233266,51.11446289363039,51.11480616247524,-3.84694645864906,38.80960544257093,51.81814261308608,51.79697716981351,24.475111021594767,24.468327530718323,1.0130209678213582,1.732385542149774,0.303494761205308,0.2981947963422638,0.048554039388238435,-0.829331561966557,24.999421054707174,24.985888444769493,1.0359845197819353,-0.1142908196871407,42.54253305650045,9.575307871790715,9.574046484510445,0.3801922701505432,0.5371352507793237,0.303494761205308,-0.11226845523392869,9.469376458415002,0.37378033973719527,-0.09447266060608048,0.6918012214382925,42.562354282045874,8.734558811227474,8.761845650188464,0.3439869113467349,0.5371352507793237,0.0898781131482264,-0.09297784608162897,8.65905827964924,8.681929732739992,0.33902460663246475,-0.12190058123942463,42.53492170171219,9.828216525751344,9.831200200170487,0.39285767518114917,0.570312472696839,0.303494761205308,-0.1186472492819017,9.607403518067603,0.38157621626463645,-0.10145705199709588,42.55535432796186,8.99742629578016,9.030747458337157,0.35749015922621824,0.570312472696839,0.0898781131482264,-0.10046599077376334,8.908383133340482,0.35158168187485,False,8.0,,3,C:\Users\mika\Documents\Codex\2026-08-21\d-git-bullshitsim\outputs\uncontrolled_node_count_gain\node_count\point_03
node_count,200.0,N=200,20.0,15.0,200,0.03,40,7.955000000000001,5.0,1.6797153371424347,0.9864999999999999,3.0,1.0,20,8,30,1.5,0.05,5.0,0.5,-3.712877144160973,-0.7845980597188462,2.928279084442127,41.44319860191394,44.37152753634385,36.73878206068511,50.97858581614357,50.97534361885213,-3.820994681775974,41.334627461373344,51.67576714346719,51.68134591051243,24.402598832612345,24.40514972775918,1.0103576120025604,1.731892995420275,0.27700711502263614,0.27562361387597795,0.04465386661128529,-0.811769352313687,24.82288966194688,24.82457978810121,1.0240501800608304,-0.11074798919433484,45.04539862499439,9.437258145184906,9.445782918213224,0.3756088708554946,0.5351691110973446,0.27700711502263614,-0.10715635914032826,9.30443248122739,0.3699199437879498,-0.09278381681058806,0.6918142429082579,45.06334471371906,8.690952776685075,8.723865294903868,0.3433091098226699,0.5351691110973446,0.07433513224992438,-0.09189210034167603,8.655844638373193,8.67319099891552,0.34135812403839494,-0.11927815578954076,45.03687951361972,9.713686177832203,9.725414367484847,0.3869886426087615,0.5664988541292407,0.27700711502263614,-0.10870280136396418,9.237232235458128,0.3672640019319048,-0.1001610070873554,45.0559791190501,8.940093058430348,8.964878043699324,0.35302768111976657,0.5664988541292407,0.07433513224992438,-0.09484351645074121,8.652664803390529,0.3408094614216699,False,8.0,,4,C:\Users\mika\Documents\Codex\2026-08-21\d-git-bullshitsim\outputs\uncontrolled_node_count_gain\node_count\point_04
node_count,300.0,N=300,20.0,15.0,300,0.03,40,10.921,7.5,1.85588243502389,0.9968333333333333,3.0,1.0,20,8,30,1.5,0.05,5.0,0.5,-3.7367827989660274,-0.7824780399457121,2.9543047590203155,44.896667905379424,47.85113107098148,40.08141504339549,50.9984559694233,51.00026663495709,-3.89072528670851,44.7428670839121,51.938861390239786,51.93858031776255,24.385289455788563,24.38825134787194,1.0091856343031462,1.7314804429123243,0.24690403556856308,0.24601771698659639,0.03991666152793597,-0.802073198551041,24.616659347221212,24.59601978384181,1.0148382107104323,-0.10793437391406954,48.52564712865782,9.390499452316362,9.392419088542647,0.3717095871034846,0.5394659405051181,0.24690403556856308,-0.10917633558672976,9.431190911113974,0.37097693797839953,-0.09394480334412593,0.6885332366015859,48.5396288483514,8.769525179699691,8.781626921316807,0.3445760268128312,0.5394659405051181,0.06257715638843127,-0.09613396700265259,8.865379352296218,8.875921756922962,0.3457699850993186,-0.11161863239168626,48.5219847946323,9.411275599256525,9.42200261859078,0.3729209115298713,0.5557783262167292,0.24690403556856308,-0.10875633082166108,9.290502648080171,0.36837470112379467,-0.09698854071111865,48.53659996446413,8.788075405298189,8.815009718459239,0.34598136958065684,0.5557783262167292,0.06257715638843127,-0.09455830434205367,8.689644658399065,0.3424833873944822,False,8.0,,5,C:\Users\mika\Documents\Codex\2026-08-21\d-git-bullshitsim\outputs\uncontrolled_node_count_gain\node_count\point_05
node_count,500.0,N=500,20.0,15.0,500,0.03,40,16.9244,12.5,2.089069445761496,0.9996999999999999,3.0,1.0,20,8,30,1.5,0.05,5.0,0.5,-3.7378233089846495,-0.7819479560321014,2.9558753529525483,49.370035950534266,52.32591578530492,44.383508853125385,50.997055041989206,50.99795796737743,-3.90799238343467,49.19994837473908,51.955646603233824,51.954842026679565,24.31869839555003,24.321305079648038,1.0062503154918085,1.7307981991312735,0.20140404840438442,0.20381911589703874,0.032626304475820225,-0.7825725811811437,24.337602287444078,24.34492724618543,1.0068279836470122,-0.1038970056556568,53.00393342626377,9.119197256659382,9.124182628783679,0.35961793248741275,0.5374939901043811,0.20140404840438442,-0.1020373978517076,9.058183544214153,0.3561224830142955,-0.09440686466619165,0.6875410913659096,53.01341656780606,8.71749625546058,8.725864276710409,0.3417320670136421,0.5374939901043811,0.034524567559097906,-0.09362569430177319,8.693013677074985,8.69879947814856,0.33977558043363726,-0.10346074470868556,53.004370816166634,9.04051457298669,9.052475179614845,0.3557694257830806,0.5415132925351139,0.20140404840438442,-0.10484761290881599,9.101066229806088,0.3568214080339895,-0.09326799039361763,53.01456118739254,8.608045436060722,8.624573705324734,0.3364954612331686,0.5415132925351139,0.034524567559097906,-0.09438635539650586,8.663318213472767,0.337380241346905,False,8.0,,6,C:\Users\mika\Documents\Codex\2026-08-21\d-git-bullshitsim\outputs\uncontrolled_node_count_gain\node_count\point_06
node_count,750.0,N=750,20.0,15.0,750,0.03,40,24.36986666666667,18.75,2.2826220925007736,1.0,3.0,1.0,20,8,30,1.5,0.05,5.0,0.5,-3.7517826801488208,-0.7798965073051423,2.9718861728436785,52.86694052270793,55.83885244174442,47.936740774432835,51.0225752545771,51.0230701629047,-3.9033292689742556,52.715412706802226,51.97138994177879,51.96911324111105,24.281351850659416,24.28052390521725,1.0047016540188747,1.73205998451534,0.17337994403658433,0.1732217719364584,0.02798202750289047,-0.7706808333418781,24.151521041162546,24.150184924518683,0.9988133909377284,-0.10287538785430135,56.5158940256927,9.119742735490227,9.119454825699991,0.3583059244778532,0.5394925843726371,0.17337994403658433,-0.10100470817273727,9.029426871645965,0.3535467791574137,-0.09568175712738292,0.6842147501777595,56.52307928460019,8.80961358031563,8.810661281172012,0.34459701264010806,0.5394925843726371,0.029581690311905006,-0.09541491115173334,8.780463416381616,8.779348082181128,0.3426312551842882,-0.09790489906525626,56.52087184599867,8.801510242629519,8.806381654058226,0.3440015657062448,0.5312956357047075,0.17337994403658433,-0.09709163614068736,8.761835646950535,0.34353285097045555,-0.09064797878758166,56.52812181762614,8.479212365120507,8.485408736897007,0.3296594759902622,0.5312956357047075,0.029581690311905006,-0.09098723368869187,8.485322145706398,0.33148562763526085,False,8.0,,7,C:\Users\mika\Documents\Codex\2026-08-21\d-git-bullshitsim\outputs\uncontrolled_node_count_gain\node_count\point_07
node_count,1000.0,N=1000,20.0,15.0,1000,0.03,40,31.7887,25.0,2.4787668645846703,1.0,3.0,1.0,20,8,30,1.5,0.05,5.0,0.5,-3.7539245415892815,-0.7772839313998604,2.976640610189421,55.383134424081256,58.35972235343397,50.377758138869495,51.0383196149724,51.03825366503575,-3.9168162528592925,55.22014341265768,51.99420516926989,51.9994385247331,24.2403358155788,24.242454014869722,1.0026949151065279,1.73170556782207,0.15401987809422582,0.15392543570910058,0.024896228682008248,-0.7895155028925867,24.414828577431262,24.416400497769462,1.010580860651858,-0.10052612510066268,59.03649313776345,9.009893027493773,9.014001605924536,0.35420470666602605,0.5394641446859101,0.15401987809422582,-0.09968684162833621,8.985294347235422,0.3528347951263888,-0.09453558093697821,0.6827483504628826,59.04247929410931,8.752458704884296,8.758411933733148,0.34287472159868354,0.5394641446859101,0.029732516522091555,-0.09416667482372065,8.74760747083747,8.752837422524376,0.342371331537891,-0.0910281846660068,59.04599528545823,8.490448172325985,8.498106530559767,0.3319385099954133,0.5148414774592247,0.15401987809422582,-0.08896749153102626,8.41921078480592,0.32830027651295207,-0.08521865716901125,59.051803619639614,8.23271581281414,8.242139514078877,0.3205122989957382,0.5148414774592247,0.029732516522091555,-0.0834391676989219,8.16489640136527,0.31701752641177217,False,8.0,,8,C:\Users\mika\Documents\Codex\2026-08-21\d-git-bullshitsim\outputs\uncontrolled_node_count_gain\node_count\point_08
node_count,1500.0,N=1500,20.0,15.0,1500,0.03,40,46.819599999999994,37.5,2.8498710491996806,1.0,3.0,1.0,20,8,30,1.5,0.05,5.0,0.5,-3.746853617576093,-0.776187045407162,2.9706665721689305,58.903408167645175,61.87407287801931,53.937956214417405,51.01590834801891,51.01499466513189,-3.9249441484460528,58.72537567787366,51.99583496938133,51.99579971299653,24.2318682729346,24.233006749262746,1.0021524853726431,1.7314330697670763,0.126941480524384,0.12730873402127818,0.02054429427593418,-0.7874936398086706,24.284007028252514,24.293316660487815,1.0050419413674438,-0.09808213008762007,62.552178524680706,8.901670379353781,8.903313193558764,0.3492015928062872,0.536709270318848,0.126941480524384,-0.09643569079356248,8.836568124988371,0.3461356256490151,-0.09406838772251096,0.6821186576846515,62.55618703367333,8.734463446930718,8.737619513435495,0.341861549407221,0.536709270318848,0.020581393153136784,-0.09303071498389638,8.689414695173383,8.690038793582602,0.3396979881147705,-0.07953103783311005,62.5707214154218,7.934786402595797,7.939139267631448,0.3069377710422896,0.48184986215389397,0.126941480524384,-0.0791574872769686,7.92537983888368,0.30579294816541386,-0.07527021578593789,62.5749794627044,7.732205948342408,7.737583739751499,0.29786611903071053,0.48184986215389397,0.020581393153136784,-0.07532509515596171,7.7494078088046,0.29797836084737905,False,8.0,,9,C:\Users\mika\Documents\Codex\2026-08-21\d-git-bullshitsim\outputs\uncontrolled_node_count_gain\node_count\point_09
node_count,2000.0,N=2000,20.0,15.0,2000,0.03,40,61.80844999999999,50.0,3.19230402121022,1.0,3.0,1.0,20,8,30,1.5,0.05,5.0,0.5,-3.7478609690746834,-0.7762650800204962,2.9715958890541874,61.39626444930058,64.36788807202413,56.37625079586834,50.990230022222704,50.989658293831134,-3.916278959500568,61.227883926297125,51.94369641193262,51.94385772242035,24.22729004271386,24.22723691713128,1.0020507081082795,1.7319383244327842,0.1114712365848341,0.1115685822959789,0.018028366256259087,-0.7752843797749577,24.210976744934346,24.20800256505463,1.0014621240053312,-0.0981532956750693,65.04598733188335,8.907998043908963,8.908252759067544,0.3495669531787616,0.5401815424650354,0.1114712365848341,-0.09727687909350533,8.884014869760966,0.34854378357999755,-0.09503914142589973,0.6812259385945963,65.04909956544314,8.77486396221679,8.775823690533974,0.34374607131902796,0.5401815424650354,0.01715811890124788,-0.09434249736228725,8.75674811855749,8.757873567758823,0.3430020589460081,-0.07110656689581882,65.0730232638314,7.508121087658753,7.512367756786678,0.28727047503021047,0.4522330599117506,0.1114712365848341,-0.07286856101133325,7.603272350590911,0.29174582611734556,-0.06804819982710995,65.07608015906453,7.348426277874843,7.35286213797288,0.28006649205450485,0.4522330599117506,0.01715811890124788,-0.06995041386635285,7.453168446096365,0.2850477070462771,False,8.0,,10,C:\Users\mika\Documents\Codex\2026-08-21\d-git-bullshitsim\outputs\uncontrolled_node_count_gain\node_count\point_10
