factor,factor_value,factor_label,point_index,cluster_kf_dpc_tail_power_db,kf_dpc_tail_power_db,cluster_dpc_tail_power_db,dpc_tail_power_db,random_reference_tail_power_db,gap_cluster_kf_vs_kf_db,gap_kf_vs_cluster_dpc_db,gap_cluster_dpc_vs_dpc_db,gap_dpc_vs_random_db,expected_order_ok,cluster_kf_vs_kf_paired_mean_db,cluster_kf_vs_kf_support_fraction,kf_vs_cluster_dpc_paired_mean_db,kf_vs_cluster_dpc_support_fraction,cluster_dpc_vs_dpc_paired_mean_db,cluster_dpc_vs_dpc_support_fraction,dpc_vs_random_paired_mean_db,dpc_vs_random_support_fraction
node_count,20,N=20,0,-0.5710850829092565,-0.5710850829092565,-0.11733233069340267,-0.756500006284448,-3.62658107022354,0.0,-0.45375275221585387,0.6391676755910454,2.870081063939092,False,0.0,0.0,-0.4538043977794473,0.0,0.6391736763849336,1.0,2.876980087803219,1.0
node_count,30,N=30,1,-0.5699263641434262,-0.5699263641434262,-0.12207903404181877,-0.7632200087061711,-3.682539321473504,0.0,-0.4478473301016075,0.6411409746643524,2.9193193127673327,False,0.0,0.0,-0.4479772232917453,0.0,0.6412271710930668,1.0,2.924898635051924,1.0
node_count,50,N=50,2,-0.5249637396547054,-0.529168354662297,-0.11663347672339923,-0.7805761995793637,-3.778334595196357,0.004204615007591506,-0.4125348779388977,0.6639427228559646,2.9977583956169935,False,0.004205047397096373,0.7,-0.4125689400540239,0.0,0.6639619433238086,1.0,3.0037450510512786,1.0
node_count,75,N=75,3,-0.4700828163956121,-0.48847303069151926,-0.10337161874536664,-0.7929752896537554,-3.870927401434938,0.018390214295907148,-0.3851014119461526,0.6896036709083888,3.0779521117811828,False,0.018400980661625762,0.95,-0.38517690072280664,0.0,0.6896626805739632,1.0,3.080293779331261,1.0
node_count,100,N=100,4,-0.421336212612641,-0.4546901667536543,-0.08207243963826034,-0.7826221634686978,-3.9263712308729684,0.03335395414101333,-0.372617727115394,0.7005497238304375,3.1437490674042703,False,0.03335274129326219,1.0,-0.37265279899486625,0.0,0.7005859476419275,1.0,3.1459508562919263,1.0
node_count,150,N=150,5,-0.3479337688952173,-0.39711073787109863,-0.06510114029651302,-0.7864075664440927,-3.8452709155072586,0.04917696897588131,-0.3320095975745856,0.7213064261475797,3.058863349063166,False,0.049181880633708916,1.0,-0.3320539026844548,0.0,0.7213368258818071,1.0,3.0596268431708236,1.0
node_count,200,N=200,6,-0.30033828328592227,-0.3551147615615805,-0.05552456128943843,-0.784515548036665,-3.822119370796498,0.054776478275658236,-0.29959020027214206,0.7289909867472266,3.0376038227598334,False,0.054782872685867935,1.0,-0.29962181864490767,0.0,0.7290050794868921,1.0,3.038642326349755,1.0
node_count,300,N=300,7,-0.23513345931474844,-0.29838861657843907,-0.04450337194451554,-0.7825420955827063,-3.8904247468536166,0.06325515726369063,-0.25388524463392353,0.7380387236381907,3.10788265127091,False,0.06325815785778176,1.0,-0.253896108725961,0.0,0.7380444492964349,1.0,3.1085775333159513,1.0
node_count,500,N=500,8,-0.16670010765244467,-0.2360685091538372,-0.03505194838131531,-0.7818704852842285,-3.9065398403111127,0.06936840150139253,-0.2010165607725219,0.7468185369029132,3.1246693550268843,False,0.06937027707634527,1.0,-0.2010198926808732,0.0,0.7468260603762614,1.0,3.1254949100808225,1.0
node_count,1000,N=1000,9,-0.10248490104893787,-0.1758021357672821,-0.027185721269930893,-0.77718926043828,-3.9165537800656027,0.07331723471834423,-0.1486164144973512,0.750003539168349,3.139364519627323,False,0.07331788948070633,1.0,-0.14861724183849606,0.0,0.7500064857782207,1.0,3.1395420896972603,1.0
node_count,1500,N=1500,10,-0.07497200627807524,-0.1489536236105302,-0.023988970408479162,-0.7761820945694233,-3.9250153774150345,0.07398161733245495,-0.12496465320205102,0.7521931241609442,3.148833282845611,False,0.07398213849632831,1.0,-0.12496537036323954,0.0,0.7521955743504046,1.0,3.148929171517976,1.0
node_count,2000,N=2000,11,-0.06166160245014429,-0.13751348387401113,-0.02233027737721166,-0.7762422366130429,-3.9163702019700413,0.07585188142386684,-0.11518320649679947,0.7539119592358312,3.1401279653569985,False,0.07585239370517179,1.0,-0.11518377917157381,0.0,0.75391336226513,1.0,3.140189217095077,1.0
connectivity,0.0005,p=0.0005,0,-0.5568382178725744,-0.626511980006279,-0.064782715799325,-0.8098100309034968,-3.9165537800656027,0.06967376213370458,-0.5617292642069539,0.7450273151041718,3.106743749162106,False,0.06967341971232376,1.0,-0.5617312449342851,0.0,0.7450303754796718,1.0,3.1069203787502033,1.0
connectivity,0.001,p=0.001,1,-0.517549682318291,-0.5873507350832856,-0.06188113426265635,-0.8072236692209052,-3.9165537800656027,0.0698010527649946,-0.5254696008206292,0.7453425349582488,3.109330110844698,False,0.0698006907583751,1.0,-0.5254720364083196,0.0,0.7453448867688363,1.0,3.1095074227251116,1.0
connectivity,0.002,p=0.002,2,-0.4510662913461386,-0.5214358287764498,-0.056599536545033906,-0.8024028778550705,-3.9165537800656027,0.07036953743031116,-0.46483629223141587,0.7458033413100366,3.1141509022105325,False,0.07036949034759915,1.0,-0.4648385973512238,0.0,0.7458061969774541,1.0,3.11432809327905,1.0
connectivity,0.003,p=0.003,3,-0.39920817245735213,-0.4696113347834052,-0.05218787114792811,-0.7985300928843203,-3.9165537800656027,0.07040316232605309,-0.4174234636354771,0.7463422217363922,3.1180236871812825,False,0.07040385594448403,1.0,-0.41742640905038336,0.0,0.74634470700751,1.0,3.118201296172976,1.0
connectivity,0.005,p=0.005,4,-0.3229288114874448,-0.3939176855516464,-0.04604596828914831,-0.7931434556490603,-3.9165537800656027,0.07098887406420162,-0.3478717172624981,0.747097487359912,3.1234103244165423,False,0.07098983115370347,1.0,-0.34787345836876193,0.0,0.7471005598171712,1.0,3.1235874802133714,1.0
connectivity,0.008,p=0.008,5,-0.24982524858160998,-0.32162010459705026,-0.040098189594972536,-0.7879711560452103,-3.9165537800656027,0.07179485601544028,-0.28152191500207774,0.7478729664502377,3.1285826240203924,False,0.07179549836524887,1.0,-0.2815238464316902,0.0,0.7478758631353669,1.0,3.1287600095964327,1.0
connectivity,0.01,p=0.01,6,-0.21852695545744286,-0.29061717291072275,-0.03769652610867781,-0.7857320418380691,-3.9165537800656027,0.0720902174532799,-0.25292064680204496,0.7480355157293913,3.1308217382275334,False,0.0720905409342443,1.0,-0.25292189162812834,0.0,0.748038353437792,1.0,3.1309991582926275,1.0
connectivity,0.02,p=0.02,7,-0.13664875252947611,-0.20937477159145068,-0.03027633535196091,-0.77980257287927,-3.9165537800656027,0.07272601906197457,-0.17909843623948976,0.7495262375273091,3.136751207186333,False,0.07272659721768171,1.0,-0.17909943369528378,0.0,0.7495291569427267,1.0,3.136928780645624,1.0
connectivity,0.03,p=0.03,8,-0.10248490104893787,-0.1758021357672821,-0.027185721269930893,-0.77718926043828,-3.9165537800656027,0.07331723471834423,-0.1486164144973512,0.750003539168349,3.139364519627323,False,0.07331788948070633,1.0,-0.14861724183849606,0.0,0.7500064857782207,1.0,3.1395420896972603,1.0
connectivity,0.05,p=0.05,9,-0.07111602167813079,-0.145053306304041,-0.024255078460735657,-0.7750637227354267,-3.9165537800656027,0.07393728462591022,-0.12079822784330535,0.7508086442746911,3.1414900573301763,False,0.07393785127408083,1.0,-0.12079892161919166,0.0,0.7508117332776628,1.0,3.1416674725958242,1.0
connectivity,0.08,p=0.08,10,-0.051789363932720336,-0.12627334057387735,-0.022254065197032102,-0.7735560316992738,-3.9165537800656027,0.07448397664115701,-0.10401927537684524,0.7513019665022417,3.142997748366329,False,0.07448457497686785,1.0,-0.10401989745675297,0.0,0.7513049409877851,1.0,3.1431753100449704,1.0
connectivity,0.1,p=0.1,11,-0.04511648265992803,-0.1197323272576758,-0.021599932645762595,-0.7730721368371124,-3.9165537800656027,0.07461584459774777,-0.0981323946119132,0.7514722041913499,3.1434816432284904,False,0.07461642008694189,1.0,-0.09813295736525487,0.0,0.7514751057427729,1.0,3.1436592598716375,1.0
frequency,10,10 MHz,0,-0.034500184527385555,-0.052821382657962046,-0.015645173250819745,-0.20327937446378422,-3.9102500730402405,0.01832119813057649,-0.0371762094071423,0.18763420121296448,3.7069706985764563,False,0.018321260748328537,1.0,-0.03717627219011469,0.0,0.187634375622019,1.0,3.707268317608263,1.0
frequency,20,20 MHz,1,-0.10248490104893787,-0.1758021357672821,-0.027185721269930893,-0.77718926043828,-3.9165537800656027,0.07331723471834423,-0.1486164144973512,0.750003539168349,3.139364519627323,False,0.07331788948070633,1.0,-0.14861724183849606,0.0,0.7500064857782207,1.0,3.1395420896972603,1.0
frequency,30,30 MHz,2,-0.2153601543877514,-0.3802615541184132,-0.04643453269435112,-1.6796830954141273,-3.92341792342616,0.1649013997306618,-0.3338270214240621,1.6332485627197761,2.243734828012033,False,0.16490443292104567,1.0,-0.3338309755785689,0.0,1.6332603642380321,1.0,2.2438771176604613,1.0
frequency,50,50 MHz,3,-0.5697304708556027,-1.0192462157174182,-0.10803468619205671,-3.3101080868778787,-3.9213598288922054,0.44951574486181556,-0.9112115295253616,3.202073400685822,0.6112517420143266,False,0.44953806054587686,1.0,-0.9112397442701023,0.0,3.2021050652854846,1.0,0.6112953929725313,1.0
frequency,80,80 MHz,4,-1.3415040760013373,-2.266845821137713,-0.25805550546922407,-3.893443009898008,-3.917353241113069,0.9253417451363757,-2.008790315668489,3.6353875044287842,0.02391023121506075,False,0.9254134667549916,1.0,-2.0088812734640373,0.0,3.635427394405485,1.0,0.023918563831239338,0.75
frequency,100,100 MHz,5,-1.9178684135178519,-2.9681979205557028,-0.3963191090702871,-3.9057456280059344,-3.9104001330239186,1.0503295070378509,-2.5718788114854156,3.5094265189356473,0.004654505017984256,False,1.0504120566919597,1.0,-2.571975621315663,0.0,3.5094448689381865,1.0,0.004647661175502948,0.6
frequency,150,150 MHz,6,-3.1064653286717956,-3.774619974075981,-0.8709291561102829,-3.9152079885231568,-3.91720373494529,0.6681546454041856,-2.9036908179656984,3.044278832412874,0.0019957464221334043,False,0.6681808993765748,1.0,-2.9036609815181347,0.0,3.0442119395438874,1.0,0.0019843980723372344,0.5
