iteration_step,random_phase_reference_gain_linear,random_phase_reference_norm_db,random_phase_reference_power_linear,random_phase_reference_ideal_power_linear,random_phase_reference_single_node_mean_power_linear,random_phase_reference_single_node_best_power_linear,random_phase_reference_gain_over_single_mean_linear,random_phase_reference_gain_over_single_mean_db,random_phase_reference_gain_over_single_best_linear,random_phase_reference_gain_over_single_best_db,random_phase_reference_phase_std_deg,random_phase_reference_phase_rmse_deg,random_phase_reference_distance_rmse,random_phase_reference_node_rmse,random_phase_reference_uav_rmse,random_phase_reference_uav_line_intercept_rmse,random_phase_reference_uav_velocity_rmse,no_algorithm_gain_linear,no_algorithm_norm_db,no_algorithm_power_linear,no_algorithm_ideal_power_linear,no_algorithm_single_node_mean_power_linear,no_algorithm_single_node_best_power_linear,no_algorithm_gain_over_single_mean_linear,no_algorithm_gain_over_single_mean_db,no_algorithm_gain_over_single_best_linear,no_algorithm_gain_over_single_best_db,no_algorithm_phase_std_deg,no_algorithm_phase_rmse_deg,no_algorithm_distance_rmse,no_algorithm_node_rmse,no_algorithm_uav_rmse,no_algorithm_uav_line_intercept_rmse,no_algorithm_uav_velocity_rmse,dpc_gain_linear,dpc_norm_db,dpc_power_linear,dpc_ideal_power_linear,dpc_single_node_mean_power_linear,dpc_single_node_best_power_linear,dpc_gain_over_single_mean_linear,dpc_gain_over_single_mean_db,dpc_gain_over_single_best_linear,dpc_gain_over_single_best_db,dpc_phase_std_deg,dpc_phase_rmse_deg,dpc_distance_rmse,dpc_node_rmse,dpc_uav_rmse,dpc_uav_line_intercept_rmse,dpc_uav_velocity_rmse,cluster_dpc_gain_linear,cluster_dpc_norm_db,cluster_dpc_power_linear,cluster_dpc_ideal_power_linear,cluster_dpc_single_node_mean_power_linear,cluster_dpc_single_node_best_power_linear,cluster_dpc_gain_over_single_mean_linear,cluster_dpc_gain_over_single_mean_db,cluster_dpc_gain_over_single_best_linear,cluster_dpc_gain_over_single_best_db,cluster_dpc_phase_std_deg,cluster_dpc_phase_rmse_deg,cluster_dpc_distance_rmse,cluster_dpc_node_rmse,cluster_dpc_uav_rmse,cluster_dpc_uav_line_intercept_rmse,cluster_dpc_uav_velocity_rmse,uav+node_kf_dpc_gain_linear,uav+node_kf_dpc_norm_db,uav+node_kf_dpc_power_linear,uav+node_kf_dpc_ideal_power_linear,uav+node_kf_dpc_single_node_mean_power_linear,uav+node_kf_dpc_single_node_best_power_linear,uav+node_kf_dpc_gain_over_single_mean_linear,uav+node_kf_dpc_gain_over_single_mean_db,uav+node_kf_dpc_gain_over_single_best_linear,uav+node_kf_dpc_gain_over_single_best_db,uav+node_kf_dpc_phase_std_deg,uav+node_kf_dpc_phase_rmse_deg,uav+node_kf_dpc_distance_rmse,uav+node_kf_dpc_node_rmse,uav+node_kf_dpc_uav_rmse,uav+node_kf_dpc_uav_line_intercept_rmse,uav+node_kf_dpc_uav_velocity_rmse,cluster_uav+node_kf_dpc_gain_linear,cluster_uav+node_kf_dpc_norm_db,cluster_uav+node_kf_dpc_power_linear,cluster_uav+node_kf_dpc_ideal_power_linear,cluster_uav+node_kf_dpc_single_node_mean_power_linear,cluster_uav+node_kf_dpc_single_node_best_power_linear,cluster_uav+node_kf_dpc_gain_over_single_mean_linear,cluster_uav+node_kf_dpc_gain_over_single_mean_db,cluster_uav+node_kf_dpc_gain_over_single_best_linear,cluster_uav+node_kf_dpc_gain_over_single_best_db,cluster_uav+node_kf_dpc_phase_std_deg,cluster_uav+node_kf_dpc_phase_rmse_deg,cluster_uav+node_kf_dpc_distance_rmse,cluster_uav+node_kf_dpc_node_rmse,cluster_uav+node_kf_dpc_uav_rmse,cluster_uav+node_kf_dpc_uav_line_intercept_rmse,cluster_uav+node_kf_dpc_uav_velocity_rmse
0,0.4051275721770648,-3.924081985916139,16.026201835644574,39.55456127400181,5.032521107635841e-05,0.0003416521781939646,317907.3085512762,55.02111586024934,46906.82382530312,46.69547269264001,51.957829698179836,51.95716087027586,,,,,,0.4222391133026739,-3.7444153913653073,16.704280109082198,39.55456127400181,5.032521107635841e-05,0.0003416521781939646,331349.00227116037,55.20085681105797,48891.786963127735,46.87521364344863,50.974276290362056,50.97762002013322,3.1614187679359884,1.7299393334505817,5.196365109921508,,,0.8282866184346293,-0.8181935492375493,32.80843519943166,39.55456127400181,5.032521107635841e-05,0.0003416521781939646,650215.1816905619,58.12573957971275,96025.59674251803,49.80009641210343,24.89200017106316,24.89876440440538,1.0312886100108245,1.7299393334505817,0.3452492540107995,0.345364712726418,2.60856358437538,0.982555374224372,-0.0764296457349188,38.92113330043504,39.55456127400181,5.032521107635841e-05,0.0003416521781939646,771325.3136412802,58.867330274999034,113916.67135075491,50.54168710738971,6.694261125182789,6.7171337234655475,0.24404550819563045,0.21580592420656067,0.3452492540107995,0.345364712726418,2.60856358437538,0.9505984067550742,-0.2200291793738846,37.652957232755284,39.55456127400181,5.032521107635841e-05,0.0003416521781939646,746231.041920952,58.723903522479425,110204.97311212742,50.398260354870104,12.875748398839063,12.898270473365935,0.5224530609056682,0.6512349236909052,0.5706920781091558,0.5032012268505622,0.35861099420925535,0.9755259286910116,-0.10761182919613808,38.59353630050029,39.55456127400181,5.032521107635841e-05,0.0003416521781939646,765503.0254071717,58.837416686935995,112958.77161934388,50.511773519326674,9.047696730807653,9.08421851466619,0.35747621460193224,0.21580592420656067,0.5706920781091558,0.5032012268505622,0.35861099420925535
1,0.4051847203523231,-3.9234694038922573,16.050277614245804,39.604368559563696,5.036871020404915e-05,0.00034163847946551776,318096.1304344122,55.02360774316335,46979.371303966975,46.70197182090211,51.96644978001625,51.96532944460435,,,,,,0.42317395396538887,-3.734810706449208,16.762404386224013,39.604368559563696,5.036871020404915e-05,0.00034163847946551776,332192.99694113556,55.21170361486893,49063.3597299062,46.890067692607694,50.95908536602101,50.959711296404365,3.1576943407800315,1.7333701140774318,5.194753738894956,,,0.8261392941809725,-0.8294672072573349,32.76245666582248,39.604368559563696,5.036871020404915e-05,0.00034163847946551776,648772.258748111,58.11617680616855,95895.38301714257,49.7945408839073,24.976437864081127,24.9845733539307,1.034153358697817,1.7333701140774318,0.3443075872835657,0.34386361730888454,4.124827799254418,0.9827858560745686,-0.07541102367952253,38.97765435271551,39.604368559563696,5.036871020404915e-05,0.00034163847946551776,771804.8775891005,58.87011951617145,114087.09104519726,50.548483593910206,6.657759424053638,6.6761735777482425,0.24173213460638687,0.20750766753015534,0.3443075872835657,0.34386361730888454,4.124827799254418,0.9539848426068727,-0.2045852553121953,37.81562882595626,39.604368559563696,5.036871020404915e-05,0.00034163847946551776,749077.2627021786,58.74188202600501,110686.43102911972,50.420246103743764,12.489273832669909,12.515592958501424,0.5062505907990145,0.622378465910389,0.5724968761405851,0.49131180046080297,0.3434074079723438,0.9759150079778216,-0.10588003207793335,38.655634831349715,39.604368559563696,5.036871020404915e-05,0.00034163847946551776,766108.5894041712,58.84093458829207,113145.59258627747,50.519298666030835,8.939699355967306,8.978542337706115,0.3528303246434111,0.20750766753015534,0.5724968761405851,0.49131180046080297,0.3434074079723438
2,0.4051634831981053,-3.9236970388484367,16.069656537174467,39.65406070533433,5.04120307360881e-05,0.0003416178091949331,318202.7154043922,55.02500270717159,47039.1684178732,46.70744264410217,51.99318572130087,51.99280311829029,,,,,,0.42166357870746385,-3.750339096549862,16.721706856978315,39.65406070533433,5.04120307360881e-05,0.0003416178091949331,331128.38459755725,55.19796202200196,48947.92904880428,46.880401958932545,51.107502750125576,51.105350803823484,3.1640292794590925,1.7305306615328893,5.199730950766714,,,0.8286667008197045,-0.8162011251483025,32.89923912541248,39.65406070533433,5.04120307360881e-05,0.0003416178091949331,651007.9110501999,58.13166194961164,96301.81078680034,49.81410188654221,24.798876502350296,24.810113122784347,1.0270859144562898,1.7305306615328893,0.3304195065288647,0.3299372748613497,2.1045111129923812,0.9844492611985164,-0.06806662613067763,39.08331838013015,39.65406070533433,5.04120307360881e-05,0.0003416178091949331,773369.4283715497,58.87965274274095,114403.79586670166,50.56209267967152,6.456870643522118,6.475916624443767,0.2333779311980236,0.20235025231020892,0.3304195065288647,0.3299372748613497,2.1045111129923812,0.9559417544062653,-0.19568568509019238,37.92815326358679,39.65406070533433,5.04120307360881e-05,0.0003416178091949331,750837.7485880833,58.752778291185905,111023.03584466182,50.435218228116476,12.2796813787925,12.302093812061576,0.4971399985819365,0.6055852629344877,0.5697761440191553,0.49360223289793226,0.3397787614581073,0.9760915828940838,-0.10509432251790446,38.70844719349037,39.65406070533433,5.04120307360881e-05,0.0003416178091949331,766537.0366810531,58.84345871816326,113307.40551791029,50.52589865509384,8.91740641110203,8.95063188035055,0.3515598538024222,0.20235025231020892,0.5697761440191553,0.49360223289793226,0.3397787614581073
3,0.40515828154502914,-3.9237527956928426,16.088866654345175,39.70351529112518,5.045494469679031e-05,0.00034159852972107986,318327.47369141714,55.02675177834665,47098.30569785515,46.713210698800076,52.02592166616652,52.03125550507577,,,,,,0.4201267465012803,-3.766196691209973,16.676116573073912,39.70351529112518,5.045494469679031e-05,0.00034159852972107986,329995.4950104135,55.18339136030485,48817.17571297408,46.86985028075827,51.05798091700177,51.052972924736,3.166438333292933,1.7304182672666901,5.185822134174724,,,0.8294187373351125,-0.8122615774783021,32.95988553023148,39.70351529112518,5.045494469679031e-05,0.00034159852972107986,651774.9384167561,58.13746721168885,96485.16675676293,49.823926132142276,24.769167886019844,24.775708641337474,1.0254780860875525,1.7304182672666901,0.31842667096782173,0.31767767262036045,1.3644094172990484,0.985663080024197,-0.06271510506565238,39.173295407851484,39.70351529112518,5.045494469679031e-05,0.00034159852972107986,774590.0839720734,58.886973772405575,114674.0277387143,50.57343269285899,6.303817666137473,6.318951514518877,0.22655488647871144,0.19895970346934969,0.31842667096782173,0.31767767262036045,1.3644094172990484,0.9567745772605423,-0.19190372969111594,38.00296579856051,39.70351529112518,5.045494469679031e-05,0.00034159852972107986,751758.8682531499,58.75836969191877,111248.7331091734,50.44482861237219,12.18672792655876,12.212521552533278,0.4934007955879023,0.5945574050660715,0.5706205951185108,0.509505929246888,0.33896106639193774,0.9761249232838131,-0.10494598295372701,38.757689294443686,39.70351529112518,5.045494469679031e-05,0.00034159852972107986,766871.9197856226,58.84537153230631,113458.25018025457,50.53183045275972,8.927483222383144,8.965126788846081,0.3522878861284477,0.19895970346934969,0.5706205951185108,0.509505929246888,0.33896106639193774
4,0.40505575943604727,-3.9248518827041616,16.104357399063666,39.75293430392668,5.0497883465467335e-05,0.0003415762050763853,318375.37208700576,55.02746531199285,47146.849399762825,46.717981654693396,52.04779755780985,52.0521081174736,,,,,,0.421352528708372,-3.7535439535660826,16.750827910735367,39.75293430392668,5.0497883465467335e-05,0.0003415762050763853,331134.64326151117,55.1978830283827,49038.960668267915,46.88839937108325,51.058378823724475,51.06628548676583,3.1645511917309914,1.7311095293415109,5.1909135808483216,,,0.8304519839274982,-0.8068547304783518,33.036884985864425,39.75293430392668,5.0497883465467335e-05,0.0003415762050763853,652791.1058902993,58.144463520381166,96717.05994655384,49.83497986308173,24.734975592236932,24.73730546685703,1.0234942285001087,1.7311095293415109,0.30867540063339854,0.3081282919146504,0.9969417332782964,0.9866011075424799,-0.0585840134162793,39.254243971068725,39.75293430392668,5.0497883465467335e-05,0.0003415762050763853,775611.2488046256,58.89303863857948,114918.69391836865,50.58355498128004,6.169756912760469,6.18723298052403,0.2208044499476547,0.19701090464516866,0.30867540063339854,0.3081282919146504,0.9969417332782964,0.9575857807542076,-0.18822311417261045,38.080510420115374,39.75293430392668,5.0497883465467335e-05,0.0003415762050763853,752691.511421052,58.76386292955754,111483.2050551034,50.454379272258095,12.10143304273041,12.124402326527155,0.48996281082751036,0.587439060692746,0.5692921704460074,0.5187835980364053,0.33877501880784955,0.9764238382816981,-0.10361626317710378,38.818179222348874,39.75293430392668,5.0497883465467335e-05,0.0003415762050763853,767419.4656284727,58.84846231296714,113642.86925319892,50.5389786556677,8.885876754290496,8.920149569926238,0.3505553418594376,0.19701090464516866,0.5692921704460074,0.5187835980364053,0.33877501880784955
5,0.40506010748771637,-3.9248052638210114,16.124057813131248,39.80219787534309,5.05404822830544e-05,0.00034154428542666114,318514.18604475,55.02949527165809,47208.81175540881,46.724157597834264,52.057827649154774,52.05764355812834,,,,,,0.42157557040527227,-3.7512456370059706,16.782430454575454,39.80219787534309,5.05404822830544e-05,0.00034154428542666114,331519.9396821437,55.203223364137074,49136.21593251406,46.897885690313245,51.05800674506832,51.05477532839939,3.1695927950702485,1.7325950604417815,5.197808953481817,,,0.8300558750394424,-0.8089267219675764,33.064208493706744,39.80219787534309,5.05404822830544e-05,0.00034154428542666114,652799.8535561903,58.14462444433184,96806.07505251956,49.839286770508025,24.723417376882868,24.726141529933738,1.02345988163069,1.7325950604417815,0.2998339163099099,0.29932212325196483,0.7715959202947019,0.9873681714989915,-0.055208766760875765,39.3294685961752,39.80219787534309,5.05404822830544e-05,0.00034154428542666114,776507.3737326835,58.89830364546329,115149.70328662533,50.59296597163948,6.056551036595712,6.0712711861103354,0.21563477815638996,0.1953990626039726,0.2998339163099099,0.29932212325196483,0.7715959202947019,0.9580063304362614,-0.18631621125575798,38.142299213533164,39.80219787534309,5.05404822830544e-05,0.00034154428542666114,753310.0083821878,58.76751192684388,111674.47713913083,50.46217425302008,12.030638838141922,12.049089712131316,0.48654503559978934,0.5831824405184499,0.5679793598590677,0.5261590035283238,0.3387300505406481,0.9763962711248012,-0.10373887830243157,38.864967267786966,39.80219787534309,5.05404822830544e-05,0.00034154428542666114,767705.9093264525,58.85008871867867,113790.40249670213,50.54475104485485,8.872013471094403,8.899429321499593,0.3492911041675881,0.1953990626039726,0.5679793598590677,0.5261590035283238,0.3387300505406481
6,0.40516740578527405,-3.923654992864867,16.147199902868916,39.851440225951826,5.0583141270505067e-05,0.00034151431873693,318719.21808560746,55.0323706619918,47280.42799053241,46.73115472997519,52.04971434012639,52.04742345194489,,,,,,0.4213543981342132,-3.7535246851513744,16.790845608549255,39.851440225951826,5.0583141270505067e-05,0.00034151431873693,331447.26294649794,55.20246189742941,49165.32140350607,46.90124596541281,51.03069765262208,51.02734313574837,3.1617706856938046,1.7303466988644565,5.19357474287369,,,0.8318804460748583,-0.7993908397461782,33.169266519955485,39.851440225951826,5.0583141270505067e-05,0.00034151431873693,654447.6177365067,58.15608893564115,97121.96300620414,49.85487300362453,24.571238815324577,24.57498884735993,1.016896178848922,1.7303466988644565,0.2919620627269949,0.2916273473137814,0.6233672684643836,0.9880106309882745,-0.05238382381293587,39.40011530805647,39.851440225951826,5.0583141270505067e-05,0.00034151431873693,777302.0653948539,58.902946261247806,115366.33944010321,50.6017303292312,5.962876062655632,5.975169387207725,0.21141514322479546,0.1950124187106826,0.2919620627269949,0.2916273473137814,0.6233672684643836,0.958068385289896,-0.18603490614487614,38.191996881213036,39.851440225951826,5.0583141270505067e-05,0.00034151431873693,753665.2884398657,58.769568072038055,111829.4993887611,50.468352140021445,12.046612943333448,12.06487664088055,0.48737554014339446,0.5806216921109969,0.5696060144447183,0.5437835703967002,0.3387185078478812,0.9763641588250808,-0.10388171399653079,38.91199335310891,39.851440225951826,5.0583141270505067e-05,0.00034151431873693,767992.0955563663,58.85170482115148,113937.74122982626,50.55048888913486,8.907208942469943,8.932707532006207,0.35092127218261737,0.1950124187106826,0.5696060144447183,0.5437835703967002,0.3387185078478812
7,0.40608634686142664,-3.9138161179639575,16.200940352823512,39.90045972604079,5.0625457510694135e-05,0.0003414773358019819,319536.53782024776,55.04360529722692,47442.577827077024,46.74656731863385,51.97504739927864,51.974678236585156,,,,,,0.42198253097177424,-3.747055273786006,16.839237933782734,39.90045972604079,5.0625457510694135e-05,0.0003414773358019819,332072.48746066296,55.210390092706795,49311.842644200246,46.91335211411373,51.018991407276,51.024622405532405,3.164659119656252,1.7299436973267528,5.194211893406363,,,0.8312943415550011,-0.8024517563885254,33.188912560892476,39.90045972604079,5.0625457510694135e-05,0.0003414773358019819,654231.1970398116,58.15440151548762,97189.58595021811,49.85736353689455,24.638078573004506,24.640364127185713,1.019042893144442,1.7299436973267528,0.28610734742433414,0.2852915291030375,0.5245382194106519,0.9884444984537111,-0.05047711471201835,39.46360187001394,39.90045972604079,5.0625457510694135e-05,0.0003414773358019819,777943.202586019,58.90665332209449,115564.16534433838,50.60961534350142,5.88859150130003,5.904973695205023,0.20836587612814897,0.1945787794526971,0.28610734742433414,0.2852915291030375,0.5245382194106519,0.9578601698953333,-0.18697885363203232,38.22795560943349,39.90045972604079,5.0625457510694135e-05,0.0003414773358019819,753781.3478840053,58.77033132710231,111946.35434726544,50.47329334850924,12.066663280387596,12.086227719415715,0.48795630446943644,0.5795986607332343,0.5680345955767292,0.5542427324245192,0.3387154059027988,0.9763804767853725,-0.10380913102811223,38.95890224380461,39.90045972604079,5.0625457510694135e-05,0.0003414773358019819,768300.1128414188,58.8534973003735,114086.88057969316,50.55645932178043,8.888937787035342,8.917386805265714,0.34979973066112025,0.1945787794526971,0.5680345955767292,0.5542427324245192,0.3387154059027988
8,0.4071911488809411,-3.9020167083324293,16.262771556528698,39.949380053763534,5.0667548259519416e-05,0.0003414328661462352,320510.2936767381,55.05691968798925,47629.81030178357,46.76413098442273,51.88099389633952,51.884999905964264,,,,,,0.42110829061244676,-3.7560620827863374,16.82212116013357,39.949380053763534,5.0667548259519416e-05,0.0003414328661462352,331493.6146614732,55.20292214004541,49268.23097071664,46.91013343647888,51.06129492897924,51.06032539523822,3.1545422692477687,1.730679108333358,5.190685929909236,,,0.832101173839648,-0.7982386533317853,33.260642814656435,39.949380053763534,5.0667548259519416e-05,0.0003414328661462352,655162.6707882618,58.16083182511831,97412.66398879376,49.86804312155178,24.57163289536861,24.5737385691894,1.0169055905046378,1.730679108333358,0.28027812154515996,0.2797632020891629,0.45010168714459203,0.9888386295168129,-0.04874575974623306,39.525640812714514,39.949380053763534,5.0667548259519416e-05,0.0003414328661462352,778554.6849824125,58.910173307763245,115761.2477270741,50.617384604196715,5.817559691046062,5.83264818216157,0.20525326791969623,0.1944859187760344,0.28027812154515996,0.2797632020891629,0.45010168714459203,0.9580649558452451,-0.1860504519198587,38.28399309777163,39.949380053763534,5.0667548259519416e-05,0.0003414328661462352,754256.8011608636,58.773041680878144,112125.11871020508,50.480252977311615,12.038507961692815,12.061854313511681,0.4871873858674717,0.5793368327813586,0.5687479034064864,0.569687672527041,0.33871452888370873,0.9765163572389535,-0.10320477620244198,39.0119217475902,39.949380053763534,5.0667548259519416e-05,0.0003414328661462352,768713.2874546226,58.855834599777396,114257.18087847045,50.56304589621088,8.856134915163324,8.891984564641488,0.3489761277006602,0.1944859187760344,0.5687479034064864,0.569687672527041,0.33871452888370873
9,0.4077924314091266,-3.8956083894962745,16.308940995407276,39.998282457854955,5.0709653947625806e-05,0.0003413819574068534,321127.10470603686,55.06507204737563,47772.09899013777,46.776612900040135,51.83617653314992,51.83663530725066,,,,,,0.4212546720509642,-3.7545526942101803,16.8475377987222,39.998282457854955,5.0709653947625806e-05,0.0003413819574068534,331744.6037278009,55.2064793326795,49350.5587274993,46.918020185344005,51.0140869997175,51.01770238288992,3.1622409418613993,1.7327589320995618,5.200117656542497,,,0.8314574743399378,-0.8015995826862863,33.271767561172325,39.998282457854955,5.0709653947625806e-05,0.0003413819574068534,654867.6855904878,58.15897087887257,97460.01907692813,49.870511731537086,24.63845747898492,24.643762795345562,1.0198609785748558,1.7327589320995618,0.2753935300352455,0.2748774902051964,0.3945052690406753,0.989183542440087,-0.04723117833297148,39.586073049805925,39.998282457854955,5.0709653947625806e-05,0.0003413819574068534,779130.1502820589,58.91347493254813,115955.92395479804,50.625015785212625,5.756496735714607,5.772878354224605,0.20257691872779537,0.19462152345856457,0.2753935300352455,0.2748774902051964,0.3945052690406753,0.9582188618195954,-0.18535284632594995,38.33644741608692,39.998282457854955,5.0709653947625806e-05,0.0003413819574068534,754675.2456343924,58.775467884180436,112295.86603802102,50.48700873684494,12.013581565704795,12.029662468822552,0.4861974104027382,0.5799859717344736,0.5684440515825097,0.5848123728556769,0.33871426636129004,0.9766024924551358,-0.10282171657331987,39.06325778677284,39.998282457854955,5.0709653947625806e-05,0.0003413819574068534,769096.3144507254,58.85800934199344,114424.9199014717,50.56955019465794,8.841496308845967,8.867055764633593,0.34848507850223986,0.19462152345856457,0.5684440515825097,0.5848123728556769,0.33871426636129004
10,0.4080493658335316,-3.892872927626185,16.342412274384618,40.04699384728059,5.0751536949193864e-05,0.0003413493168665435,321486.74124175846,55.06968184395509,47874.607604291596,46.785297175062894,51.81833529665825,51.81832898874929,,,,,,0.4224358412405255,-3.7423924153333914,16.919112431561196,40.04699384728059,5.0751536949193864e-05,0.0003413493168665435,332838.7822058559,55.220450930358936,49564.31574336109,46.93606626146675,50.98524826897703,50.98310756866651,3.162822553270803,1.732015810631044,5.200181702151055,,,0.8325907858344178,-0.7956839969883368,33.35535218328926,40.04699384728059,5.0751536949193864e-05,0.0003413493168665435,656017.3913059653,58.16674515427331,97714.04207775836,49.882360485381106,24.5058703135092,24.508956339982024,1.0142913013148542,1.732015810631044,0.2707944537421055,0.27042475758005186,0.35058877548422157,0.98943093578222,-0.046145150053178666,39.64286579453583,40.04699384728059,5.0751536949193864e-05,0.0003413493168665435,779628.078242824,58.91630946907842,116133.35238231075,50.63192480018622,5.705556889471369,5.725560202355923,0.20044789448996878,0.1945743311308704,0.2707944537421055,0.27042475758005186,0.35058877548422157,0.958117419972866,-0.1858126365488702,38.380462635265395,40.04699384728059,5.0751536949193864e-05,0.0003413493168665435,754914.4746170444,58.77681150944057,112435.49718469522,50.49242684054838,12.018071147815906,12.048928068665832,0.4868100791344894,0.5803619451270453,0.5680280301025874,0.5966988907759079,0.33871418314824625,0.9764976301749665,-0.10328806347641396,39.10724858384581,40.04699384728059,5.0751536949193864e-05,0.0003413493168665435,769329.9664893196,58.85932088136113,114564.65072994592,50.574936212468934,8.850848492396434,8.893732463154397,0.34937742321185883,0.1945743311308704,0.5680280301025874,0.5966988907759079,0.33871418314824625
11,0.4078060027153546,-3.895463858973385,16.35532959839053,40.0954217350625,5.0792894998400354e-05,0.00034130549545009905,321450.11875065457,55.06894654797186,47918.35173089357,46.78873108866879,51.83451614802314,51.83181727851989,,,,,,0.42310824121914437,-3.735485154837806,16.969210336701316,40.0954217350625,5.0792894998400354e-05,0.00034130549545009905,333519.65054124815,55.22906791097859,49717.24015618787,46.948852451675535,50.98717458308227,50.98784091859608,3.1606785929297496,1.7351577028769074,5.193319031295679,,,0.8324519665286341,-0.7964081640829972,33.39395929936943,40.0954217350625,5.0792894998400354e-05,0.00034130549545009905,656207.4169259039,58.16785125334753,97839.38941054445,49.88763579404446,24.578072227022183,24.579307603249188,1.0165406774775234,1.7351577028769074,0.2665375384245603,0.2662555220389443,0.31460533101435634,0.9896763058049061,-0.045068272103527124,39.699142361767265,40.0954217350625,5.0792894998400354e-05,0.00034130549545009905,780127.0632919527,58.919161275011675,116312.65859240647,50.63894581570862,5.667453999628738,5.685846861535395,0.1983693618680401,0.1948161481859306,0.2665375384245603,0.2662555220389443,0.31460533101435634,0.9582049706889029,-0.18541580569125235,38.43058118315176,40.0954217350625,5.0792894998400354e-05,0.00034130549545009905,755281.4487255694,58.778886850899184,112596.12076076218,50.49867139159612,12.001131806111038,12.017285902501865,0.48537245535381035,0.5809872701816822,0.5673165422891112,0.6117431352770247,0.3387141553039565,0.9766165577643307,-0.10275916868685495,39.159326279122915,40.0954217350625,5.0792894998400354e-05,0.00034130549545009905,769729.7177503834,58.86156454440228,114731.37884910208,50.58134908509922,8.83252490657362,8.85619364780777,0.3475559217750555,0.1948161481859306,0.5673165422891112,0.6117431352770247,0.3387141553039565
12,0.4072078806463306,-3.901838257398213,16.353442588416495,40.1438438457088,5.083432616075664e-05,0.0003412637674252836,321113.15188466985,55.0641095009984,47918.354863739725,46.78803758291255,51.88560259402992,51.888030372723826,,,,,,0.4225365346990426,-3.7413573373864684,16.952965733499337,40.1438438457088,5.083432616075664e-05,0.0003412637674252836,333087.37693208945,55.22442094107893,49675.535271876535,46.948349022993085,51.00672228624621,51.00816224917042,3.1677778034531774,1.7294621312642475,5.202088056534665,,,0.8333174232806899,-0.7918953770446129,33.467148151392706,40.1438438457088,5.083432616075664e-05,0.0003412637674252836,657126.41084616,58.17397863351466,98065.25912218378,49.89790671542882,24.458515095628808,24.465029418150326,1.0117084478207388,1.7294621312642475,0.2628221319407426,0.2625137130870312,0.28603241624869874,0.9898722850759285,-0.044208351648503896,39.754086543101714,40.1438438457088,5.083432616075664e-05,0.0003412637674252836,780590.2605697515,58.92178468145302,116487.00264240846,50.64571276336717,5.623906661536536,5.643574753477562,0.1963158328867554,0.19520823203375035,0.2628221319407426,0.2625137130870312,0.28603241624869874,0.957833994853262,-0.1870975330804017,38.46177486890682,40.1438438457088,5.083432616075664e-05,0.0003412637674252836,755293.1422834942,58.77898124037381,112700.54568768259,50.50290932228796,12.046216650089184,12.06500977738745,0.4870504546667697,0.5811239495397046,0.568289206054935,0.6249353061499558,0.33871414551246326,0.9764311393577044,-0.10358378952127345,39.19889393880236,40.1438438457088,5.083432616075664e-05,0.0003412637674252836,769890.8062055669,58.86248720236993,114860.57021719108,50.58641528428407,8.867722804216386,8.895643050198727,0.3488449648082727,0.19520823203375035,0.568289206054935,0.6249353061499558,0.33871414551246326
13,0.40639317632224353,-3.9105359282668504,16.340547539828666,40.1920967263943,5.087543783993417e-05,0.0003412585362485703,320595.16679796623,55.05705880848873,47881.35860436693,46.784634363456846,51.967398954951264,51.969160573093134,,,,,,0.4230184088510238,-3.7364073265224915,16.99598986992855,40.1920967263943,5.087543783993417e-05,0.0003412585362485703,333598.72055858816,55.23075180704974,49802.50305441007,46.95832736201786,50.95957440133432,50.96173434518109,3.158310880218969,1.7321109917421789,5.194344262695728,,,0.8335805035717161,-0.7905245154243746,33.517284304762555,40.1920967263943,5.087543783993417e-05,0.0003412585362485703,657599.7973369082,58.177165568909665,98213.35498473761,49.90474112387778,24.47012692103065,24.472006278933577,1.0119653115693106,1.7321109917421789,0.2592956939602476,0.25904621361485514,0.26209509994157737,0.9900809826254958,-0.04329281292364599,39.80926442961477,40.1920967263943,5.087543783993417e-05,0.0003412585362485703,781061.9413914691,58.92445294346636,116650.31620820187,50.652028498434476,5.58484016515566,5.604891054270516,0.19472879865601905,0.1952091265273217,0.2592956939602476,0.25904621361485514,0.26209509994157737,0.9577184773776992,-0.1876213360353029,38.503734326496,40.1920967263943,5.087543783993417e-05,0.0003412585362485703,755507.4733638528,58.780195460481835,112824.97996795356,50.50777101544995,12.063727254324085,12.081989911219258,0.4878712093523961,0.5814254496463248,0.5693434304631131,0.6455325367343031,0.3387141419124708,0.9764044135122285,-0.10370266166284274,39.24501687661506,40.1920967263943,5.087543783993417e-05,0.0003412585362485703,770178.2455085487,58.864102857350055,114997.27465258555,50.59167841231816,8.877739479414863,8.903633513707602,0.3494940016631005,0.1952091265273217,0.5693434304631131,0.6455325367343031,0.3387141419124708
14,0.4061511302634579,-3.9131233384537008,16.351523503504612,40.240124455302926,5.091627229291648e-05,0.0003412409460627982,320548.23670658947,55.05636150603942,47916.30197833513,46.78771584979377,52.00340986989324,52.00721769548414,,,,,,0.4203004679044946,-3.764401265107967,16.902270005793046,40.240124455302926,5.091627229291648e-05,0.0003412409460627982,331568.1089054646,55.20463219311613,49530.04455966462,46.93598653687048,51.149267273081826,51.14533095771421,3.1626115160816903,1.7358549210595753,5.199764218418771,,,0.8325039419439865,-0.7961370141267174,33.51566682754077,40.240124455302926,5.091627229291648e-05,0.0003412409460627982,657022.5543874641,58.17323923476012,98213.69300845532,49.904593578514465,24.542537408437028,24.548499825275574,1.0150171360601077,1.7358549210595753,0.2558579167401091,0.2558028261267177,0.24157137006773977,0.9902376258091111,-0.04260575913215998,39.86225771530605,40.240124455302926,5.091627229291648e-05,0.0003412409460627982,781493.9441264957,58.926896726904886,116811.65892387966,50.65825107065922,5.549201504049549,5.567671430074977,0.19287701505554156,0.19503126751186572,0.2558579167401091,0.2558028261267177,0.24157137006773977,0.9577583117961697,-0.18744070353448838,38.55172041473892,40.240124455302926,5.091627229291648e-05,0.0003412409460627982,755846.8237059779,58.782136715581636,112971.37090881405,50.51349105933598,12.055180566435311,12.078195061911558,0.48761240164455766,0.581081818903185,0.566568203261329,0.6610110988293766,0.3387141405360524,0.9764961246306677,-0.10329475934607166,39.296008795738125,40.240124455302926,5.091627229291648e-05,0.0003412409460627982,770563.1986518849,58.866263049285905,115152.60104828063,50.59761739304026,8.853284370633716,8.88563266657533,0.3486684059784104,0.19503126751186572,0.566568203261329,0.6610110988293766,0.3387141405360524
15,0.40623623008124565,-3.9122134675419797,16.375858442940356,40.28811321046236,5.0956981015889154e-05,0.00034121855720836843,320763.24466411804,55.05916397822174,47991.21780436039,46.79434347528399,52.01016256451723,52.009901349447915,,,,,,0.42200443982418984,-3.746829798890295,17.00165093211379,40.28811321046236,5.0956981015889154e-05,0.00034121855720836843,333144.6973939307,55.22449048279246,49825.37295756034,46.959669979854716,51.04137816772494,51.043191681249155,3.1584824793814255,1.731520677707897,5.195028596954124,,,0.8336861772626334,-0.7899739916067186,33.59980962407627,40.28811321046236,5.0956981015889154e-05,0.00034121855720836843,658198.4018567964,58.18119514583821,98467.23766281229,49.91637464290046,24.4270853392766,24.432717004588984,1.0107688526293424,1.731520677707897,0.2525661342450237,0.2529612003305705,0.22448889125988594,0.990393919119042,-0.04192034823505436,39.91529920137869,40.28811321046236,5.0956981015889154e-05,0.00034121855720836843,781927.1709103398,58.9293423101789,116975.32299897415,50.664521807241165,5.516391730020975,5.532009099209401,0.191271827222885,0.1949563166402656,0.2525661342450237,0.2529612003305705,0.22448889125988594,0.9581132954479061,-0.1858313321935663,38.61100968713044,40.28811321046236,5.0956981015889154e-05,0.00034121855720836843,756425.0292939623,58.78550510286489,113153.15039483858,50.52068459992714,12.013953167676561,12.031887525962823,0.48600577135663503,0.5805260003418016,0.5675222631723583,0.6740401673155767,0.3387141399917359,0.9765220121507344,-0.10317962670184215,39.34293338576169,40.28811321046236,5.0956981015889154e-05,0.00034121855720836843,770888.9382565913,58.86814624632489,115298.26639949699,50.60332574338715,8.847689425235469,8.8737388677415,0.34853992364470654,0.1949563166402656,0.5675222631723583,0.6740401673155767,0.3387141399917359
16,0.4063314157083461,-3.9111959868925963,16.398734008270182,40.335914169366475,5.099739540033446e-05,0.00034122033462126103,320974.6049351407,55.06210063636522,48058.42706641201,46.80076868759605,51.9973918527216,51.99683077897124,,,,,,0.4236442392295572,-3.7299869481079853,17.086650548730237,40.335914169366475,5.099739540033446e-05,0.00034122033462126103,334554.1568937496,55.242947722803336,50074.51134674945,46.98161577403417,50.914969872842875,50.91313127591018,3.1575006180979335,1.7314811346735044,5.1901841347004325,,,0.8329752012273005,-0.7936792792149319,33.607744570768,40.335914169366475,5.099739540033446e-05,0.00034122033462126103,657879.3463773652,58.179247961256806,98489.91380230842,49.91791601248764,24.48005186510747,24.485165610094036,1.0126838943342038,1.7314811346735044,0.24958704432400847,0.250073567939478,0.20966189508825922,0.9905201238526801,-0.041366967136286084,39.96708267224203,40.335914169366475,5.099739540033446e-05,0.00034122033462126103,782337.7593151663,58.93165454155282,117126.78461766556,50.670322592783634,5.491164957295004,5.5052283237785415,0.18998239249876664,0.19492147649428354,0.24958704432400847,0.250073567939478,0.20966189508825922,0.9579123375830103,-0.1867423314060484,38.64912945637994,40.335914169366475,5.099739540033446e-05,0.00034122033462126103,756574.122400243,58.78634623324598,113264.52651981871,50.5250142844768,12.050712923606072,12.073459148327721,0.4870549455040506,0.5803441129091538,0.5685718746840643,0.6889748540975257,0.3387141397702447,0.9764102004675702,-0.1036769219663663,39.385888534030656,40.335914169366475,5.099739540033446e-05,0.00034122033462126103,771120.6225395629,58.86943668863318,115423.81106457477,50.608104739864004,8.875818911169977,8.905325834687016,0.34909866323876665,0.19492147649428354,0.5685718746840643,0.6889748540975257,0.3387141397702447
17,0.4069531981245149,-3.904555341777548,16.44086883628072,40.38384783645715,5.103820537792495e-05,0.00034121408699741703,321573.5886859847,55.07038858540537,48182.920055546354,46.81267694061405,51.93360326460768,51.93372036626814,,,,,,0.42082424851310163,-3.7589924344551786,17.003211042924057,40.38384783645715,5.103820537792495e-05,0.00034121408699741703,332528.7780656057,55.21567137503515,49830.55261211225,46.95795973024382,51.04303817433722,51.040403332333234,3.1610634935284403,1.7297140186811666,5.197381670340123,,,0.8338993773789204,-0.7888635042402223,33.68398131036937,40.38384783645715,5.103820537792495e-05,0.00034121408699741703,658848.7237016844,58.18565065228637,98715.76020139595,49.92793900749505,24.43146795615573,24.433119093540586,1.0109957317501197,1.7297140186811666,0.247150033914536,0.24755431598173763,0.19739536903736066,0.9906514967193201,-0.04079099975875301,40.01916971884645,40.38384783645715,5.103820537792495e-05,0.00034121408699741703,782748.7660517433,58.93397229043662,117281.95291044266,50.67626064564529,5.46231778001705,5.476225899906215,0.18862211326980768,0.19511799851034217,0.247150033914536,0.24755431598173763,0.19739536903736066,0.9580135422170987,-0.1862835181019233,38.69949708197922,40.38384783645715,5.103820537792495e-05,0.00034121408699741703,756956.8908163237,58.78852893683988,113414.56070557353,50.530817292048546,12.033054051144115,12.05611997183908,0.4860462636424633,0.5795648349765411,0.5682183948602977,0.7050211133163296,0.3387141396779471,0.9765123028663932,-0.10322280759815533,39.43718554881511,40.38384783645715,5.103820537792495e-05,0.00034121408699741703,771508.1337776488,58.871600992039305,115576.60850173846,50.613889347247984,8.86330219315697,8.895241766095861,0.3483393567385315,0.19511799851034217,0.5682183948602977,0.7050211133163296,0.3387141396779471
18,0.4077704117581989,-3.895842902703289,16.490671853783617,40.43161451562326,5.107866313008399e-05,0.0003412265632790084,322324.0519050011,55.08073720966324,48326.95859655939,46.8263740536163,51.85288694867649,51.854835896189456,,,,,,0.4213010953361197,-3.754074117542008,17.029898466445225,40.43161451562326,5.107866313008399e-05,0.0003412265632790084,332920.2503581915,55.221697325445525,49907.05251393495,46.96733416939858,51.048722266714925,51.0478688455751,3.159597609654532,1.7332384987203613,5.193110256180161,,,0.8342171243635768,-0.7872089943351588,33.73796184367029,40.43161451562326,5.107866313008399e-05,0.0003412265632790084,659394.0108441534,58.18927090542357,98870.47170384871,49.934907749376634,24.424712299926643,24.430488156925584,1.0107156459950515,1.7332384987203613,0.24476479266333662,0.24509033738583436,0.18623772640332711,0.990795395483085,-0.04016020375395846,40.07158757115221,40.43161451562326,5.107866313008399e-05,0.0003412265632790084,783170.1673139937,58.93634339941728,117431.1612245249,50.68198024337034,5.432089493053259,5.4441771114037385,0.18715333675442805,0.19424674739229006,0.24476479266333662,0.24509033738583436,0.18623772640332711,0.957748588199791,-0.18748479530206738,38.733518850021404,40.43161451562326,5.107866313008399e-05,0.0003412265632790084,757046.2619156179,58.78910146627013,113509.97738681977,50.5347383102232,12.076840282243642,12.097103057376069,0.48815678172862664,0.5785380144377317,0.5681273499825594,0.7218027830234883,0.33871413963872754,0.9762947044233278,-0.10419066364468138,39.47394447036674,40.43161451562326,5.107866313008399e-05,0.0003412265632790084,771633.5506436381,58.872345095423796,115679.97617953943,50.61798193937686,8.900975521214027,8.928786497689037,0.3503443152215272,0.19424674739229006,0.5681273499825594,0.7218027830234883,0.33871413963872754
19,0.40826622692312614,-3.8905654480777905,16.526501712770283,40.479168258515344,5.1118845715658136e-05,0.0003412389760179676,322805.054117297,55.08746557711078,48430.136449715224,46.836426663460024,51.79773212793471,51.80028773253771,,,,,,0.41980983710532715,-3.769473891206804,16.996767457902124,40.479168258515344,5.1118845715658136e-05,0.0003412389760179676,331970.4910279577,55.209003097607656,49808.24635772431,46.95796418395691,51.093059615755465,51.092196345684016,3.1584776378505937,1.7358298011281155,5.191340505820159,,,0.8324560847270446,-0.7963866792827559,33.70894644894963,40.479168258515344,5.1118845715658136e-05,0.0003412389760179676,658286.8142505352,58.18184954702786,98781.87790144268,49.9308106333771,24.546386920705196,24.55113771833817,1.0158163663268298,1.7358298011281155,0.24216103608929784,0.24254231808321522,0.1755360627083999,0.9909099271004018,-0.03965820732802497,40.12269705683322,40.479168258515344,5.1118845715658136e-05,0.0003412389760179676,783567.318419682,58.93857107593816,117577.03012596676,50.68753216228741,5.40594623169057,5.417449016431266,0.18595814070845934,0.19354953877498782,0.24216103608929784,0.24254231808321522,0.1755360627083999,0.9583068680588034,-0.18495399309385288,38.80111415505957,40.479168258515344,5.1118845715658136e-05,0.0003412389760179676,757780.2723611693,58.793317895782,113704.25581433253,50.54227898213125,11.999634525035923,12.022618985993358,0.4851240971229937,0.5769974719324505,0.5665815216023197,0.7322928970301149,0.3387141396217961,0.97664820073346,-0.10261845691877186,39.53470555638718,40.479168258515344,5.1118845715658136e-05,0.0003412389760179676,772219.0534406654,58.87563717851005,115854.13596526069,50.6245982648593,8.841080210040888,8.872394717321505,0.3480576007636305,0.19354953877498782,0.5665815216023197,0.7322928970301149,0.3387141396217961
20,0.4085437884412821,-3.887613881909498,16.553938328481642,40.526458620576086,5.11584656916434e-05,0.00034127945201265045,323122.8252822401,55.091971294797865,48504.92255458046,46.84384616589756,51.77545596912624,51.77510345391809,,,,,,0.4224438537324395,-3.7423100419246014,17.11820650219549,40.526458620576086,5.11584656916434e-05,0.00034127945201265045,334132.03214670846,55.23753360272524,50158.6580894291,46.98940847382494,50.996253700771014,51.003555237984585,3.1639687701889994,1.732411491394491,5.196753497344916,,,0.83383777435136,-0.789184344426848,33.803225025957985,40.526458620576086,5.11584656916434e-05,0.00034127945201265045,659653.5367652412,58.190989351210476,99047.23760025586,49.94286422231017,24.42241809712183,24.426819455353176,1.0104603396638092,1.732411491394491,0.24036485302176236,0.24031153323873566,0.16677032047667692,0.9910018278646668,-0.03925544474556782,40.172909207611525,40.526458620576086,5.11584656916434e-05,0.00034127945201265045,783953.1478326911,58.94072931801108,117711.03819847875,50.692604189110774,5.383350341244934,5.393776814056211,0.18493192768622996,0.19359187916795062,0.24036485302176236,0.24031153323873566,0.16677032047667692,0.9585008904758541,-0.18407479313232056,38.85352902592181,40.526458620576086,5.11584656916434e-05,0.00034127945201265045,758228.1144274673,58.79590172940682,113845.13708412585,50.54777660050652,11.990914888485191,12.016657494083955,0.48495840240278804,0.5755733077177118,0.5666025053017089,0.7479188946713798,0.338714139614393,0.9767468807051457,-0.10217967044263977,39.58494453143122,40.526458620576086,5.11584656916434e-05,0.00034127945201265045,772607.2051288522,58.87781788337679,115988.34491086438,50.629692754476494,8.832609869076942,8.867288327815231,0.34798644307067106,0.19359187916795062,0.5666025053017089,0.7479188946713798,0.338714139614393
21,0.40796540400537973,-3.8937666408317124,16.548386640888996,40.5737964631945,5.119827447694692e-05,0.0003413468618720567,322779.58279369795,55.087493759025584,48479.0879856737,46.84195200024749,51.80431213538423,51.804738695914025,,,,,,0.4234363662081555,-3.7321184597342456,17.184207275185425,40.5737964631945,5.119827447694692e-05,0.0003413468618720567,335112.96104049205,55.24987554219726,50342.04371565436,47.00433378341916,51.00982582466732,51.00523052436762,3.1721795768819936,1.7339341501232415,5.199905797768522,,,0.8330319187175649,-0.7933835770806031,33.80418514898396,40.5737964631945,5.119827447694692e-05,0.0003413468618720567,659215.0112942469,58.188297037997955,99030.93221971978,49.94275527921986,24.474400119414764,24.478513230583058,1.012335689344731,1.7339341501232415,0.2382010603497619,0.2381466624244603,0.15856383851003875,0.991113034760931,-0.03876812140867673,40.22377512668617,40.5737964631945,5.119827447694692e-05,0.0003413468618720567,784350.8314976181,58.94296093023541,117837.42068213147,50.69741917145731,5.359111468387384,5.368890372077995,0.18361161194890918,0.19291547589899316,0.2382010603497619,0.2381466624244603,0.15856383851003875,0.9585277691395412,-0.1839530082517194,38.9006130317883,40.5737964631945,5.119827447694692e-05,0.0003413468618720567,758561.4852497478,58.797806389580195,113961.20881276266,50.5522646308021,11.966297324576594,11.994969501571694,0.4842053696522664,0.5740253129227955,0.5667461075226837,0.7672941288084979,0.33871413961112296,0.9767216504621967,-0.10229185402907189,39.63046793776907,40.5737964631945,5.119827447694692e-05,0.0003413468618720567,772900.22984781,58.87946471111707,116099.40559988782,50.63392295233897,8.813327653765626,8.853802008330614,0.3474473843044945,0.19291547589899316,0.5667461075226837,0.7672941288084979,0.33871413961112296
22,0.40680172670517484,-3.906172123448245,16.51932167338109,40.62093129529851,5.1237745566987005e-05,0.00034140705443536903,321980.8522525027,55.076863175281325,48385.50408101633,46.8339656187289,51.88248646698684,51.887311015561856,,,,,,0.4225138048665297,-3.7415909670384586,17.158992086614713,40.62093129529851,5.1237745566987005e-05,0.00034140705443536903,334448.3673682572,55.241759858913156,50259.323274501345,46.99886230236073,51.0029152242632,50.99650735222683,3.1575633088919637,1.732327644822051,5.194083767985733,,,0.8334812169452093,-0.791041828413318,33.86280286888377,40.62093129529851,5.1237745566987005e-05,0.00034140705443536903,659845.3402338166,58.192407795315496,99185.3868613547,49.94951023876307,24.440695502625037,24.441484044053745,1.0112228451119345,1.732327644822051,0.2358571961974742,0.23622790124424117,0.15127801414164763,0.9911959334935039,-0.038404883762974656,40.27351118886892,40.62093129529851,5.1237745566987005e-05,0.00034140705443536903,784727.9948451085,58.945067398118006,117962.69511827175,50.70216984156558,5.337066147287875,5.347349522779149,0.18280861027578432,0.19304598009365337,0.2358571961974742,0.23622790124424117,0.15127801414164763,0.9582962119309671,-0.18500228580052852,38.935694459448285,40.62093129529851,5.1237745566987005e-05,0.00034140705443536903,758679.457873941,58.79852314673926,114044.24711909586,50.555625590186835,11.987125816557596,12.001601637543187,0.4840750591015466,0.5732924300863392,0.5669466577291121,0.7811775197693419,0.33871413960966684,0.9766116252967035,-0.1027811030772268,39.67184040974782,40.62093129529851,5.1237745566987005e-05,0.00034140705443536903,773123.82025145,58.88074105250782,116200.46843487796,50.63784349595539,8.838410253466822,8.859688140884558,0.3474531982865957,0.19304598009365337,0.5669466577291121,0.7811775197693419,0.33871413960966684
23,0.40527714926978675,-3.9224788238168373,16.477623340623232,40.66793566946621,5.127710676183323e-05,0.0003414677466717947,320904.272139734,55.06221666601094,48254.88432407656,46.8219449914978,51.98399615362047,51.98812159393981,,,,,,0.4220108253503806,-3.7467640844677446,17.164861355135542,40.66793566946621,5.127710676183323e-05,0.0003414677466717947,334211.56394409586,55.23790685789766,50268.50004792179,46.99763518338453,51.001605179620825,51.00171368743131,3.1602107082925706,1.7326209774376946,5.1975463176936065,,,0.8336378247087204,-0.7902258832286397,33.90898695569286,40.66793566946621,5.127710676183323e-05,0.0003414677466717947,660237.3817686264,58.19495749542057,99303.02627495,49.95468582090743,24.45126181729516,24.455948620739655,1.011454724598294,1.7326209774376946,0.2338266489230002,0.23429278423602368,0.14463889202401492,0.9912821714957215,-0.03802704666683881,40.323259495541265,40.66793566946621,5.127710676183323e-05,0.0003414677466717947,785106.1662510922,58.94717711932828,118087.53543402342,50.70690544481514,5.315193810663356,5.325414586583899,0.18170244196820443,0.1930818478455319,0.2338266489230002,0.23429278423602368,0.14463889202401492,0.9581129839167516,-0.18583274430509836,38.97323954128492,40.66793566946621,5.127710676183323e-05,0.0003414677466717947,758835.154816108,58.79941611124568,114134.02274072295,50.55914443673255,12.023333439919185,12.039810758254388,0.4856650165440599,0.5726308848064733,0.5676366738388456,0.7996497081544911,0.3387141396090143,0.9764179176812299,-0.10364259694536798,39.70935729080925,40.66793566946621,5.127710676183323e-05,0.0003414677466717947,773271.0719743179,58.881580125348755,116289.75668003823,50.641308450835616,8.86478347280917,8.889981258946747,0.3487250180623376,0.1930818478455319,0.5676366738388456,0.7996497081544911,0.3387141396090143
24,0.4037948558456726,-3.9383921806218867,16.43759615938235,40.71487282526316,5.1316356230445344e-05,0.00034153670775324217,319862.9462270417,55.04798560446082,48128.28078026672,46.810221006874755,52.084554492522834,52.085819851626376,,,,,,0.42074122945620096,-3.759849283253414,17.131653412871426,40.71487282526316,5.1316356230445344e-05,0.00034153670775324217,333361.5563128338,55.22735372106904,50160.83259096341,46.989589123482965,51.11064932594487,51.10541359239339,3.1629006896754013,1.7314483367270623,5.19503948794178,,,0.8340383467892041,-0.7881398123744565,33.96300608527318,40.71487282526316,5.1316356230445344e-05,0.00034153670775324217,660797.8169143928,58.19868398443779,99441.51716759472,49.96091938685173,24.429000373699367,24.429231037495654,1.0108511855954034,1.7314483367270623,0.2322576395778779,0.23254464790243123,0.1388957090549189,0.9913620769441016,-0.037676983912498685,40.372608034731506,40.71487282526316,5.1316356230445344e-05,0.00034153670775324217,785478.1459205162,58.94925372804083,118208.64086395224,50.71148913045476,5.296489988829607,5.307610426961837,0.18071467569769378,0.19262005091911458,0.2322576395778779,0.23254464790243123,0.1388957090549189,0.9584860539887563,-0.18414201742402606,39.03441505095882,40.71487282526316,5.1316356230445344e-05,0.00034153670775324217,759438.828148333,58.80282806956168,114290.56142253993,50.56506347197563,11.988243589498376,12.015505905887267,0.48485796447356033,0.5715467989539212,0.5691432452057812,0.8154166830774285,0.3387141396087204,0.9764676680484218,-0.10342132120748901,39.7585597064164,40.71487282526316,5.1316356230445344e-05,0.00034153670775324217,773628.0245264668,58.88354150859371,116410.78803292967,50.645776911007644,8.856541103975852,8.897326947382899,0.349313337288808,0.19262005091911458,0.5691432452057812,0.8154166830774285,0.3387141396087204
25,0.4028293230950651,-3.948789234340489,16.41790357933776,40.76166156213193,5.1355449833013726e-05,0.00034160300676007975,319235.77585305995,55.039417904395634,48061.61133347821,46.804178007419324,52.133829108943786,52.13813613820836,,,,,,0.42237835928231743,-3.74298341149046,17.20911420612943,40.76166156213193,5.1355449833013726e-05,0.00034160300676007975,334678.55659140047,55.24484845272865,50377.618032497594,47.00960855575234,50.979650537599724,50.97944117909195,3.1622558078518757,1.7315299630762992,5.194754316533376,,,0.8342809448832068,-0.786876756617514,34.01150470422046,40.76166156213193,5.1355449833013726e-05,0.00034160300676007975,661245.8930829286,58.20162781439109,99564.61294804138,49.96638791741478,24.381961430130133,24.385415312046835,1.0093811458278303,1.7315299630762992,0.23053913089978234,0.23070089729851773,0.13342259665946557,0.9914451851853904,-0.037312919776736266,40.42192944320024,40.76166156213193,5.1355449833013726e-05,0.00034160300676007975,785851.718962832,58.951339269797614,118330.36682050867,50.71609937282131,5.278943225841265,5.289551956752247,0.1799162245838017,0.19229481387679864,0.23053913089978234,0.23070089729851773,0.13342259665946557,0.9586187935331182,-0.18354061002772892,39.08284380960435,40.76166156213193,5.1355449833013726e-05,0.00034160300676007975,759830.508358154,58.805143144885655,114410.41814242917,50.569903247909345,11.9650077499996,11.986781530381638,0.48367540014171434,0.5704410731353904,0.5672869261664274,0.8308485081459509,0.33871413960858743,0.9765422128084487,-0.10308978803638189,39.80584956420621,40.76166156213193,5.1355449833013726e-05,0.00034160300676007975,773981.0518670606,58.88557367226934,116526.88526095422,50.65033377529302,8.857024835037851,8.886479154612733,0.3487650217267009,0.19229481387679864,0.5672869261664274,0.8308485081459509,0.33871413960858743
26,0.40264822544960066,-3.9507421058904963,16.429163070246762,40.80833299322244,5.139430506620973e-05,0.00034164459506395536,319221.4832025417,55.039207995599945,48088.9172176117,46.806784041044104,52.1403671995076,52.13976707559099,,,,,,0.4209154628163818,-3.7580511964879753,17.18580421485291,40.80833299322244,5.139430506620973e-05,0.00034164459506395536,333808.20691746665,55.23229919844316,50303.66020984131,46.999875243887324,51.033178989348045,51.031481722369215,3.157572909742258,1.7317634713394658,5.189783321666121,,,0.8343796016737902,-0.7863632177807388,34.05912891612034,40.80833299322244,5.139430506620973e-05,0.00034164459506395536,661656.5171793614,58.20425401859777,99691.83738762143,49.971830064041924,24.398003367017008,24.400880262149702,1.009740858486069,1.7317634713394658,0.22880085498719258,0.22889443928103365,0.12829169004693822,0.9915092836055602,-0.037032150947937555,40.4706214338183,40.80833299322244,5.139430506620973e-05,0.00034164459506395536,786214.1127506635,58.95335557909436,118458.58428397866,50.72093162453851,5.258802934777986,5.268619512024547,0.17917690326649932,0.19213589586775393,0.22880085498719258,0.22889443928103365,0.12829169004693822,0.9584004235980984,-0.18453003003307217,39.11845030976024,40.80833299322244,5.139430506620973e-05,0.00034164459506395536,759955.4930805832,58.80586275262369,114500.83806650006,50.57343879806783,11.983442363245127,12.000196261178395,0.48379256707170903,0.569223060009691,0.5663774840197804,0.8469986256851691,0.3387141396085271,0.9764341993926774,-0.10357017919928327,39.84767225420299,40.80833299322244,5.139430506620973e-05,0.00034164459506395536,774209.7707205035,58.886843098502595,116635.184493652,50.65441914394675,8.865658091756274,8.889234621701714,0.34834680089345466,0.19213589586775393,0.5663774840197804,0.8469986256851691,0.3387141396085271
27,0.4034691651761709,-3.9418965029888713,16.481100911132977,40.854921659420754,5.1433080096535294e-05,0.00034167683651591254,319997.55199292785,55.04980021493949,48236.38018837496,46.82030121306823,52.0636101302188,52.06508506568431,,,,,,0.41945112499110626,-3.7731863646404626,17.14211374809377,40.854921659420754,5.1433080096535294e-05,0.00034167683651591254,332749.6527821149,55.21887129981985,50170.622184017084,46.98937229794858,51.135521054162396,51.13522012192067,3.1640696415359812,1.7313705300571638,5.194768966619879,,,0.8347743586264986,-0.7843089942216401,34.10761825357692,40.854921659420754,5.1433080096535294e-05,0.00034167683651591254,662157.4371279209,58.207749500325974,99824.43670598575,49.97825049845471,24.344577092840936,24.344688994818043,1.0075904978481238,1.7313705300571638,0.22694320296348364,0.22711351751746345,0.12336679004090914,0.9915867105241831,-0.036693023809106974,40.51970608063072,40.854921659420754,5.1433080096535294e-05,0.00034167683651591254,786585.1234548085,58.95541958398307,118591.07818237078,50.72592058211181,5.23652234292509,5.245537766325609,0.17826040199903195,0.19219698437840202,0.22694320296348364,0.22711351751746345,0.12336679004090914,0.95860791965185,-0.18358987354569703,39.171961583167494,40.854921659420754,5.1433080096535294e-05,0.00034167683651591254,760430.2463612892,58.80858468617574,114646.59329187805,50.57908568430447,11.967112917046553,11.986959614733603,0.4837309810111254,0.5685081153344891,0.5678795020337009,0.8671443999810152,0.33871413960849966,0.9765914111954482,-0.10287099514137073,39.89973219916772,40.854921659420754,5.1433080096535294e-05,0.00034167683651591254,774641.137735093,58.889258375556956,116776.52839152195,50.65975937368569,8.834169064025385,8.86362116605507,0.3479036010855841,0.19219698437840202,0.5678795020337009,0.8671443999810152,0.33871413960849966
28,0.40465506292324716,-3.9291502147463397,16.548659978496456,40.90147962042924,5.147189453441031e-05,0.0003416948763272593,321061.3881883611,55.064173971048,48431.34064136532,46.837780959545235,51.977451945434574,51.98141989546387,,,,,,0.4218410229920438,-3.748511884828199,17.254967842456463,40.90147962042924,5.147189453441031e-05,0.0003416948763272593,334755.0726037634,55.24553878282029,50498.27854645747,47.01914577131753,51.02557268640102,51.02435742873638,3.163864217798479,1.7323766515622476,5.2005952939462725,,,0.8340739688505567,-0.7879543276857246,34.12375694590719,40.90147962042924,5.147189453441031e-05,0.0003416948763272593,661935.0985062323,58.20613320957651,99866.35232205459,49.979740198073756,24.401847899867462,24.402358170003456,1.0094213370857306,1.7323766515622476,0.22543685988228696,0.2254529036883707,0.11902410263939307,0.991655345147166,-0.03639242875107415,40.56842737095553,40.90147962042924,5.147189453441031e-05,0.0003416948763272593,786948.0180087816,58.95743821502358,118727.21645728832,50.73104520352083,5.219080753070689,5.227139771187273,0.1773965090341293,0.19142853548156874,0.22543685988228696,0.2254529036883707,0.11902410263939307,0.9587045975744336,-0.1831518991627179,39.2197114958534,40.90147962042924,5.147189453441031e-05,0.0003416948763272593,760799.9598903586,58.810732288230895,114780.09888165553,50.584339276728144,11.946041089525433,11.966025577518817,0.48274343965328315,0.5673704138830553,0.5674961897549871,0.8841681574434794,0.3387141396084871,0.9765551393443742,-0.10303230064880764,39.943239452507946,40.90147962042924,5.147189453441031e-05,0.0003416948763272593,774917.2224937852,58.89083849411947,116897.49161982496,50.66444548261672,8.847581011094697,8.87507400878821,0.3482439847805221,0.19142853548156874,0.5674961897549871,0.8841681574434794,0.3387141396084871
29,0.4049900671530786,-3.925556282260903,16.582187698089488,40.94777935641647,5.151024301341534e-05,0.0003417125496078104,321464.50832027267,55.06955159203931,48526.80868215208,46.84622680107339,51.97402440065964,51.97211941935925,,,,,,0.4202910645324698,-3.76449843079247,17.209966343892546,40.94777935641647,5.151024301341534e-05,0.0003417125496078104,333630.05875833053,55.23083278480043,50364.030213728605,47.007507993834494,51.10666577503488,51.10311021403959,3.1615981370854467,1.7312950085881669,5.201267576741997,,,0.8328190554338625,-0.7944934644768871,34.10524738398135,40.94777935641647,5.151024301341534e-05,0.0003417125496078104,661139.5353078871,58.20109116970882,99806.91271416999,49.977766378742885,24.455355662855382,24.455148729141012,1.0117514182975045,1.7312950085881669,0.22392241163515486,0.22393021924746115,0.11501877890837749,0.9916908144820235,-0.036237093926316355,40.61547142966627,40.94777935641647,5.151024301341534e-05,0.0003417125496078104,787285.5825782698,58.95931827280852,118858.79933396212,50.73599348184258,5.209203073787089,5.21732463708575,0.1769094839761142,0.19135779390673763,0.22392241163515486,0.22393021924746115,0.11501877890837749,0.9588700091699768,-0.18240264702814407,39.27109571947893,40.94777935641647,5.151024301341534e-05,0.0003417125496078104,761239.0254540305,58.81324878205194,114924.59968498981,50.589923991086025,11.941455588312811,11.962009708503087,0.4825166417496882,0.5660686150331058,0.5677582985467214,0.8936099801033128,0.3387141396084815,0.9766239760191948,-0.10272618035697798,39.991711137637346,40.94777935641647,5.151024301341534e-05,0.0003417125496078104,775282.2686862883,58.89287192673792,117033.32356288393,50.669547135772,8.846648395296821,8.874645349200232,0.34816720929250633,0.19135779390673763,0.5677582985467214,0.8936099801033128,0.3387141396084815
