factor,factor_value,factor_label,point_index,method,mc_trials,tail_power_db,final_power_db,trial_tail_power_std_db,tail_phase_std_deg,tail_phase_rmse_deg,tail_distance_rmse_m,tail_node_rmse_m,tail_uav_rmse_m
connectivity,0.0005,p=0.0005,0,Cluster DPC,20,-0.5716940286821934,-0.6071878947618884,0.10491733179575653,18.377957522168778,18.46526729586862,0.7717634816006675,1.7066180422430706,0.39010685427782466
connectivity,0.0005,p=0.0005,0,Cluster UAV+Node-KF DPC,20,-0.5406862611000677,-0.5794895147390652,0.10436847997655264,17.726533951698023,17.812149783803946,0.7436599291495221,1.7066180422430706,0.17357534865093344
connectivity,0.0005,p=0.0005,0,DPC,20,-0.8098100309034968,-0.8205231231776832,0.006047105198761748,24.74477218567162,24.7469730849289,1.0237085005232172,1.73170556782207,0.39010685427782466
connectivity,0.0005,p=0.0005,0,No Algorithm,20,-3.754009131520693,-3.805173927268858,0.02154107643822198,51.03831961497241,51.03825366503574,3.166429097167006,1.73170556782207,5.195682979992946
connectivity,0.0005,p=0.0005,0,Random Phase Reference,20,-3.9165537800656027,-3.907805607943104,0.040573421646903446,51.994205169269875,51.9994385247331,,,
connectivity,0.0005,p=0.0005,0,UAV+Node-KF DPC,20,-0.10279030709529274,-0.10211602374485626,0.0035342496939253618,9.125138913509867,9.130802475576052,0.358979275305574,0.5394641446859102,0.17357534865093344
connectivity,0.001,p=0.001,1,Cluster DPC,20,-0.5659873837735377,-0.6006943425560431,0.11350742477728652,18.220605507439796,18.290773363536072,0.75556442345431,1.6814636319760996,0.37600892347118414
connectivity,0.001,p=0.001,1,Cluster UAV+Node-KF DPC,20,-0.5361886264157238,-0.5742836076263642,0.11215801267923678,17.581120499863435,17.649873825910266,0.7286501562507331,1.6814636319760996,0.13355925108243444
connectivity,0.001,p=0.001,1,DPC,20,-0.8072236692209052,-0.8149874552385771,0.005506955312660289,24.70312116269774,24.70520533329658,1.0220403965273577,1.73170556782207,0.37600892347118414
connectivity,0.001,p=0.001,1,No Algorithm,20,-3.754009131520693,-3.805173927268858,0.02154107643822198,51.03831961497241,51.03825366503574,3.166429097167006,1.73170556782207,5.195682979992946
connectivity,0.001,p=0.001,1,Random Phase Reference,20,-3.9165537800656027,-3.907805607943104,0.040573421646903446,51.994205169269875,51.9994385247331,,,
connectivity,0.001,p=0.001,1,UAV+Node-KF DPC,20,-0.09945965816411294,-0.09908686286104101,0.003269964195950635,8.981583855813499,8.98744500047135,0.35268735134267415,0.5394641446859102,0.13355925108243444
connectivity,0.002,p=0.002,2,Cluster DPC,20,-0.5618968886967499,-0.5926994271678838,0.09928597059937772,18.097540876146745,18.204878808542098,0.7488861856968121,1.678061726908777,0.35088140372192755
connectivity,0.002,p=0.002,2,Cluster UAV+Node-KF DPC,20,-0.5323016854915439,-0.5656776675011912,0.09741594515405837,17.47452675168614,17.578513873013705,0.7223741695292893,1.678061726908777,0.09281275851458484
connectivity,0.002,p=0.002,2,DPC,20,-0.8024028778550705,-0.8117062282997267,0.005606475278539491,24.633802634405463,24.635666141639152,1.0191263826285866,1.73170556782207,0.35088140372192755
connectivity,0.002,p=0.002,2,No Algorithm,20,-3.754009131520693,-3.805173927268858,0.02154107643822198,51.03831961497241,51.03825366503574,3.166429097167006,1.73170556782207,5.195682979992946
connectivity,0.002,p=0.002,2,Random Phase Reference,20,-3.9165537800656027,-3.907805607943104,0.040573421646903446,51.994205169269875,51.9994385247331,,,
connectivity,0.002,p=0.002,2,UAV+Node-KF DPC,20,-0.09691672299508368,-0.09651717022613071,0.0029321076337475017,8.862543741785322,8.868348850441114,0.34759798454409035,0.5394641446859102,0.09281275851458484
connectivity,0.003,p=0.003,3,Cluster DPC,20,-0.5459269816832135,-0.5724450127589932,0.10137403814205373,17.906734683284547,18.009044808900338,0.7401215363120187,1.6598865315095697,0.32879988277159566
connectivity,0.003,p=0.003,3,Cluster UAV+Node-KF DPC,20,-0.518339280418225,-0.5494696277735306,0.10115515681376377,17.30980535751845,17.407278899856863,0.7145189438075922,1.6598865315095697,0.07189807479652405
connectivity,0.003,p=0.003,3,DPC,20,-0.7985300928843203,-0.8090863911357992,0.005254730327585941,24.57306468285077,24.574944149765635,1.0166121870271883,1.73170556782207,0.32879988277159566
connectivity,0.003,p=0.003,3,No Algorithm,20,-3.754009131520693,-3.805173927268858,0.02154107643822198,51.03831961497241,51.03825366503574,3.166429097167006,1.73170556782207,5.195682979992946
connectivity,0.003,p=0.003,3,Random Phase Reference,20,-3.9165537800656027,-3.907805607943104,0.040573421646903446,51.994205169269875,51.9994385247331,,,
connectivity,0.003,p=0.003,3,UAV+Node-KF DPC,20,-0.09583183486123972,-0.09544922092334555,0.0029542176631926426,8.810723847804594,8.816627067957384,0.3453895118827949,0.5394641446859102,0.07189807479652405
connectivity,0.005,p=0.005,4,Cluster DPC,20,-0.5728671702979784,-0.6073646141297189,0.07596990885198493,18.24628620762494,18.322224917904766,0.754417147517282,1.7094557362735554,0.2930766608576653
connectivity,0.005,p=0.005,4,Cluster UAV+Node-KF DPC,20,-0.5514271050872833,-0.5879369772179065,0.07359143004574888,17.800363147264324,17.8719287289067,0.7355519718058163,1.7094557362735554,0.05187148799353447
connectivity,0.005,p=0.005,4,DPC,20,-0.7931434556490603,-0.8032947397355462,0.005635364127579896,24.487897466851294,24.489886387197046,1.0130048488356926,1.73170556782207,0.2930766608576653
connectivity,0.005,p=0.005,4,No Algorithm,20,-3.754009131520693,-3.805173927268858,0.02154107643822198,51.03831961497241,51.03825366503574,3.166429097167006,1.73170556782207,5.195682979992946
connectivity,0.005,p=0.005,4,Random Phase Reference,20,-3.9165537800656027,-3.907805607943104,0.040573421646903446,51.994205169269875,51.9994385247331,,,
connectivity,0.005,p=0.005,4,UAV+Node-KF DPC,20,-0.09513151002113476,-0.09472495887968588,0.0028206135957299285,8.777710981256527,8.783645168628372,0.3439683814570087,0.5394641446859102,0.05187148799353447
connectivity,0.008,p=0.008,5,Cluster DPC,20,-0.5413033861185502,-0.5706290026505035,0.08163967442379422,17.776122663575045,17.86702230828312,0.7365272813551527,1.671870792250957,0.25532002433358386
connectivity,0.008,p=0.008,5,Cluster UAV+Node-KF DPC,20,-0.524779758770718,-0.5562511834134706,0.08144074228946051,17.416299066869986,17.502796168540637,0.7211416011034488,1.671870792250957,0.039913985189479875
connectivity,0.008,p=0.008,5,DPC,20,-0.7879711560452103,-0.7988373202882547,0.0054456747305424835,24.407182471484557,24.409348979488946,1.0096357175432846,1.73170556782207,0.25532002433358386
connectivity,0.008,p=0.008,5,No Algorithm,20,-3.754009131520693,-3.805173927268858,0.02154107643822198,51.03831961497241,51.03825366503574,3.166429097167006,1.73170556782207,5.195682979992946
connectivity,0.008,p=0.008,5,Random Phase Reference,20,-3.9165537800656027,-3.907805607943104,0.040573421646903446,51.994205169269875,51.9994385247331,,,
connectivity,0.008,p=0.008,5,UAV+Node-KF DPC,20,-0.09481552658055316,-0.09441217896826276,0.0027128997782014217,8.763552864620044,8.769450693388922,0.3433510828394461,0.5394641446859102,0.039913985189479875
connectivity,0.01,p=0.01,6,Cluster DPC,20,-0.5604751188933115,-0.5989633898760317,0.10257339901766326,18.004717534868753,18.092907713749216,0.7447844141871988,1.7373894490832682,0.2375307207532275
connectivity,0.01,p=0.01,6,Cluster UAV+Node-KF DPC,20,-0.5465133733499008,-0.585761822433211,0.1017296912318093,17.69579352493664,17.77724896345544,0.731717242073853,1.7373894490832682,0.03632101792106658
connectivity,0.01,p=0.01,6,DPC,20,-0.7857320418380691,-0.7971416738972672,0.005416577690275825,24.373199662562545,24.375397537045576,1.0082117137132032,1.73170556782207,0.2375307207532275
connectivity,0.01,p=0.01,6,No Algorithm,20,-3.754009131520693,-3.805173927268858,0.02154107643822198,51.03831961497241,51.03825366503574,3.166429097167006,1.73170556782207,5.195682979992946
connectivity,0.01,p=0.01,6,Random Phase Reference,20,-3.9165537800656027,-3.907805607943104,0.040573421646903446,51.994205169269875,51.9994385247331,,,
connectivity,0.01,p=0.01,6,UAV+Node-KF DPC,20,-0.09471575354737222,-0.09429995165637048,0.0026877883309795775,8.758923691891745,8.764909084571448,0.34315277009970596,0.5394641446859102,0.03632101792106658
connectivity,0.02,p=0.02,7,Cluster DPC,20,-0.5368934991206746,-0.5747880504725388,0.12544167709863566,17.699981234260044,17.77908481102679,0.7320209380584665,1.7041215527762184,0.1820639313003076
connectivity,0.02,p=0.02,7,Cluster UAV+Node-KF DPC,20,-0.5308230007853555,-0.5698681997413741,0.12710497017848615,17.55005554797686,17.622458082324172,0.7254261191835077,1.7041215527762184,0.030791164115376295
connectivity,0.02,p=0.02,7,DPC,20,-0.77980257287927,-0.792034880983201,0.005285603615078678,24.28068825331348,24.282808403669492,1.0043541598185992,1.73170556782207,0.1820639313003076
connectivity,0.02,p=0.02,7,No Algorithm,20,-3.754009131520693,-3.805173927268858,0.02154107643822198,51.03831961497241,51.03825366503574,3.166429097167006,1.73170556782207,5.195682979992946
connectivity,0.02,p=0.02,7,Random Phase Reference,20,-3.9165537800656027,-3.907805607943104,0.040573421646903446,51.994205169269875,51.9994385247331,,,
connectivity,0.02,p=0.02,7,UAV+Node-KF DPC,20,-0.09461104260504352,-0.09419526910964865,0.0026690046299105287,8.753813114154296,8.75976243441036,0.34293034291700225,0.5394641446859102,0.030791164115376295
connectivity,0.03,p=0.03,8,Cluster DPC,20,-0.49875767004885985,-0.5333359372719567,0.0976808702233524,17.02811230915097,17.110834691560292,0.7053940543683928,1.6293276356491848,0.1540198643415684
connectivity,0.03,p=0.03,8,Cluster UAV+Node-KF DPC,20,-0.4937748809490549,-0.5286526132835933,0.0987976329898857,16.909672157432095,16.987248018437246,0.7001781157197623,1.6293276356491848,0.029738741933383155
connectivity,0.03,p=0.03,8,DPC,20,-0.77718926043828,-0.7897710220237693,0.00528825929215539,24.240335645545535,24.242453797291294,1.002694910276606,1.73170556782207,0.1540198643415684
connectivity,0.03,p=0.03,8,No Algorithm,20,-3.754009131520693,-3.805173927268858,0.02154107643822198,51.03831961497241,51.03825366503574,3.166429097167006,1.73170556782207,5.195682979992946
connectivity,0.03,p=0.03,8,Random Phase Reference,20,-3.9165537800656027,-3.907805607943104,0.040573421646903446,51.994205169269875,51.9994385247331,,,
connectivity,0.03,p=0.03,8,UAV+Node-KF DPC,20,-0.09458231628742349,-0.09417940210460088,0.0026533439853939304,8.752458710656011,8.758410957725834,0.3428746660912495,0.5394641446859102,0.029738741933383155
connectivity,0.05,p=0.05,9,Cluster DPC,20,-0.5093839670922847,-0.5420560539237809,0.08923843662704282,17.231368910857647,17.307063245695016,0.7229013153954422,1.6863700941563196,0.1217386399836792
connectivity,0.05,p=0.05,9,Cluster UAV+Node-KF DPC,20,-0.5048387973157573,-0.5377389870345564,0.08931394944208068,17.134192546301403,17.206689137010578,0.7190281427950806,1.6863700941563196,0.029212177233463033
connectivity,0.05,p=0.05,9,DPC,20,-0.7750637227354267,-0.7875037183678496,0.005420545317492543,24.20750517396842,24.209667766548947,1.0013168351636141,1.73170556782207,0.1217386399836792
connectivity,0.05,p=0.05,9,No Algorithm,20,-3.754009131520693,-3.805173927268858,0.02154107643822198,51.03831961497241,51.03825366503574,3.166429097167006,1.73170556782207,5.195682979992946
connectivity,0.05,p=0.05,9,Random Phase Reference,20,-3.9165537800656027,-3.907805607943104,0.040573421646903446,51.994205169269875,51.9994385247331,,,
connectivity,0.05,p=0.05,9,UAV+Node-KF DPC,20,-0.09457243662633882,-0.09417281157308371,0.0026510350820726763,8.751917151384802,8.757893858917829,0.3428499035082111,0.5394641446859102,0.029212177233463033
connectivity,0.08,p=0.08,10,Cluster DPC,20,-0.4489976468512006,-0.4772391154448852,0.07233114872552511,16.490499752853232,16.53914294142805,0.7131112144899763,1.6469882483957115,0.09733201830739309
connectivity,0.08,p=0.08,10,Cluster UAV+Node-KF DPC,20,-0.4475041932078895,-0.4756762248096996,0.07205869748838381,16.448736599795705,16.49456450033428,0.7110877232368059,1.6469882483957115,0.0290596189807051
connectivity,0.08,p=0.08,10,DPC,20,-0.7735560316992738,-0.7871566034921339,0.005295476225339558,24.184495722387886,24.18666700719281,1.0003711941975921,1.73170556782207,0.09733201830739309
connectivity,0.08,p=0.08,10,No Algorithm,20,-3.754009131520693,-3.805173927268858,0.02154107643822198,51.03831961497241,51.03825366503574,3.166429097167006,1.73170556782207,5.195682979992946
connectivity,0.08,p=0.08,10,Random Phase Reference,20,-3.9165537800656027,-3.907805607943104,0.040573421646903446,51.994205169269875,51.9994385247331,,,
connectivity,0.08,p=0.08,10,UAV+Node-KF DPC,20,-0.09456770349157795,-0.09417088172967292,0.0026443057413833627,8.751698253699503,8.75767420817175,0.3428413356286535,0.5394641446859102,0.0290596189807051
connectivity,0.1,p=0.1,11,Cluster DPC,20,-0.42891419311889434,-0.45017787210121996,0.07650541334961872,16.26585542518043,16.321789965235084,0.7372672079726152,1.712563482625955,0.087127954391724
connectivity,0.1,p=0.1,11,Cluster UAV+Node-KF DPC,20,-0.4271554566121991,-0.44807096082195097,0.0758443631483584,16.22847665370907,16.28004987483419,0.7360470937395969,1.712563482625955,0.029025878861712946
connectivity,0.1,p=0.1,11,DPC,20,-0.7730721368371124,-0.786785039113196,0.005247744109421979,24.177042643132417,24.179171976744037,1.0000433483308622,1.73170556782207,0.087127954391724
connectivity,0.1,p=0.1,11,No Algorithm,20,-3.754009131520693,-3.805173927268858,0.02154107643822198,51.03831961497241,51.03825366503574,3.166429097167006,1.73170556782207,5.195682979992946
connectivity,0.1,p=0.1,11,Random Phase Reference,20,-3.9165537800656027,-3.907805607943104,0.040573421646903446,51.994205169269875,51.9994385247331,,,
connectivity,0.1,p=0.1,11,UAV+Node-KF DPC,20,-0.09456661183643322,-0.09416950002247487,0.0026451555649565886,8.751633909363182,8.75760706652799,0.34283852154309613,0.5394641446859102,0.029025878861712946
frequency,10.0,10 MHz,0,Cluster DPC,20,-0.13604158848230127,-0.14554199394760864,0.02803109202414217,8.917576776865435,8.957045137887787,0.7053940543683928,1.6293276356491848,0.1540198643415684
frequency,10.0,10 MHz,0,Cluster UAV+Node-KF DPC,20,-0.13482296510107494,-0.14436089206865202,0.02839220925381187,8.861401802259127,8.898201757102626,0.7001781157197623,1.6293276356491848,0.029738741933383155
frequency,10.0,10 MHz,0,DPC,20,-0.20327937446378422,-0.20595922006603481,0.001431036617534797,12.398630654936612,12.399527722117451,1.002694910276606,1.73170556782207,0.1540198643415684
frequency,10.0,10 MHz,0,No Algorithm,20,-1.8371186225306695,-1.8414908362574367,0.00856612730404563,37.00072915444984,37.00194344527241,3.166429097167006,1.73170556782207,5.195682979992946
frequency,10.0,10 MHz,0,Random Phase Reference,20,-3.9102500730402405,-3.9677142807714216,0.052081647064796024,51.948247192073325,51.94818245150767,,,
frequency,10.0,10 MHz,0,UAV+Node-KF DPC,20,-0.032487068371413616,-0.03245233629590011,0.0010107520023486542,5.087530401179126,5.090007529599027,0.3428746660912495,0.5394641446859102,0.029738741933383155
frequency,20.0,20 MHz,1,Cluster DPC,20,-0.49875767004885985,-0.5333359372719567,0.0976808702233524,17.02811230915097,17.110834691560292,0.7053940543683928,1.6293276356491848,0.1540198643415684
frequency,20.0,20 MHz,1,Cluster UAV+Node-KF DPC,20,-0.4937748809490549,-0.5286526132835933,0.0987976329898857,16.909672157432095,16.987248018437246,0.7001781157197623,1.6293276356491848,0.029738741933383155
frequency,20.0,20 MHz,1,DPC,20,-0.77718926043828,-0.7897710220237693,0.00528825929215539,24.240335645545535,24.242453797291294,1.002694910276606,1.73170556782207,0.1540198643415684
frequency,20.0,20 MHz,1,No Algorithm,20,-3.754009131520693,-3.805173927268858,0.02154107643822198,51.03831961497241,51.03825366503574,3.166429097167006,1.73170556782207,5.195682979992946
frequency,20.0,20 MHz,1,Random Phase Reference,20,-3.9165537800656027,-3.907805607943104,0.040573421646903446,51.994205169269875,51.9994385247331,,,
frequency,20.0,20 MHz,1,UAV+Node-KF DPC,20,-0.09458231628742349,-0.09417940210460088,0.0026533439853939304,8.752458710656011,8.758410957725834,0.3428746660912495,0.5394641446859102,0.029738741933383155
frequency,30.0,30 MHz,2,Cluster DPC,20,-1.0360088362077835,-1.0985873102701358,0.1657157894911326,24.822701733156418,24.92715300274954,0.7053940543683928,1.6293276356491848,0.1540198643415684
frequency,30.0,30 MHz,2,Cluster UAV+Node-KF DPC,20,-1.0255577764235877,-1.088597988015738,0.16851571123170256,24.651594309592763,24.748089734199684,0.7001781157197623,1.6293276356491848,0.029738741933383155
frequency,30.0,30 MHz,2,DPC,20,-1.6796830954141273,-1.70717046925333,0.01052149846254756,35.44551965880814,35.448042576071686,1.002694910276606,1.73170556782207,0.1540198643415684
frequency,30.0,30 MHz,2,No Algorithm,20,-3.917769731063508,-3.9544024931758717,0.02040764323013046,51.95233206516127,51.95103795666118,3.166429097167006,1.73170556782207,5.195682979992946
frequency,30.0,30 MHz,2,Random Phase Reference,20,-3.92341792342616,-3.949392693506101,0.037562262569211385,51.97585849354569,51.97707081683443,,,
frequency,30.0,30 MHz,2,UAV+Node-KF DPC,20,-0.19805869442886326,-0.19694072441135732,0.005596326550193382,12.693954311010824,12.703123975136794,0.3428746660912495,0.5394641446859102,0.029738741933383155
frequency,50.0,50 MHz,3,Cluster DPC,20,-2.218663924618498,-2.2892935451468714,0.20239901667201668,37.27059161783462,37.383731082846126,0.7053940543683928,1.6293276356491848,0.1540198643415684
frequency,50.0,50 MHz,3,Cluster UAV+Node-KF DPC,20,-2.185205235194623,-2.2583112145425863,0.20449564774945572,36.95606247048778,37.070746930893094,0.7001781157197623,1.6293276356491848,0.029738741933383155
frequency,50.0,50 MHz,3,DPC,20,-3.3101080868778787,-3.3469936990941545,0.017466807877732488,48.38916193348162,48.38867925947233,1.002694910276606,1.73170556782207,0.1540198643415684
frequency,50.0,50 MHz,3,No Algorithm,20,-3.9121984978205635,-3.918824215752126,0.020171666453306696,51.939514819040326,51.93937223526151,3.166429097167006,1.73170556782207,5.195682979992946
frequency,50.0,50 MHz,3,Random Phase Reference,20,-3.9213598288922054,-3.899112883491256,0.02652675244784652,51.97676700439513,51.975176375091316,,,
frequency,50.0,50 MHz,3,UAV+Node-KF DPC,20,-0.5288077025930435,-0.5251773701561859,0.015283095123446559,20.774596749872824,20.78995898931278,0.3428746660912495,0.5394641446859102,0.029738741933383155
frequency,80.0,80 MHz,4,Cluster DPC,20,-3.3407767212295685,-3.387311431411093,0.20527756156347338,47.14162881683401,47.244370992687806,0.7053940543683928,1.6293276356491848,0.1540198643415684
frequency,80.0,80 MHz,4,Cluster UAV+Node-KF DPC,20,-3.314543102016407,-3.3590969067363945,0.22490417342957505,46.905804317199795,47.01171695994178,0.7001781157197623,1.6293276356491848,0.029738741933383155
frequency,80.0,80 MHz,4,DPC,20,-3.893443009898008,-3.957098852833856,0.02138356412805541,51.8472159232672,51.84601670958858,1.002694910276606,1.73170556782207,0.1540198643415684
frequency,80.0,80 MHz,4,No Algorithm,20,-3.9150479255273183,-3.962162467432095,0.016844127504684604,51.974561824558144,51.974358791642416,3.166429097167006,1.73170556782207,5.195682979992946
frequency,80.0,80 MHz,4,Random Phase Reference,20,-3.917353241113069,-3.8990482231918824,0.023107423855041057,51.96288758836844,51.96042851001717,,,
frequency,80.0,80 MHz,4,UAV+Node-KF DPC,20,-1.3127551126675352,-1.3009698356112007,0.037330157160923486,32.640773203804514,32.66374474120808,0.3428746660912495,0.5394641446859102,0.029738741933383155
frequency,100.0,100 MHz,5,Cluster DPC,20,-3.6790662494703295,-3.7191365521027286,0.19849943275153492,49.937337167712954,49.99855660342121,0.7053940543683928,1.6293276356491848,0.1540198643415684
frequency,100.0,100 MHz,5,Cluster UAV+Node-KF DPC,20,-3.668876404388348,-3.7125489768201763,0.21320740072121824,49.81613814100992,49.879289920800794,0.7001781157197623,1.6293276356491848,0.029738741933383155
frequency,100.0,100 MHz,5,DPC,20,-3.9057456280059344,-3.983148669634469,0.019717676167555577,51.91049283687423,51.909238046319516,1.002694910276606,1.73170556782207,0.1540198643415684
frequency,100.0,100 MHz,5,No Algorithm,20,-3.9111516214097213,-3.930153784719024,0.017072929302531743,51.94616577201638,51.94516556744988,3.166429097167006,1.73170556782207,5.195682979992946
frequency,100.0,100 MHz,5,Random Phase Reference,20,-3.9104001330239186,-3.934899852857567,0.018061013862510206,51.929254395699466,51.92929883326923,,,
frequency,100.0,100 MHz,5,UAV+Node-KF DPC,20,-1.9376633387365152,-1.9196680725633808,0.049967583570373134,39.24993868690118,39.26964870872005,0.3428746660912495,0.5394641446859102,0.029738741933383155
frequency,150.0,150 MHz,6,Cluster DPC,20,-3.9093151002492643,-3.9039737856347894,0.13539147005914356,51.83667827241085,51.852214633644294,0.7053940543683928,1.6293276356491848,0.1540198643415684
frequency,150.0,150 MHz,6,Cluster UAV+Node-KF DPC,20,-3.8980772126939804,-3.893508524921136,0.14460725339859457,51.795913827391686,51.81609837798165,0.7001781157197623,1.6293276356491848,0.029738741933383155
frequency,150.0,150 MHz,6,DPC,20,-3.9152079885231568,-3.8996163630902423,0.01919824185785593,51.9672495643052,51.96650797365595,1.002694910276606,1.73170556782207,0.1540198643415684
frequency,150.0,150 MHz,6,No Algorithm,20,-3.9101363915509473,-3.856152207775873,0.01930736900812238,51.93849720137397,51.937554993466776,3.166429097167006,1.73170556782207,5.195682979992946
frequency,150.0,150 MHz,6,Random Phase Reference,20,-3.91720373494529,-3.8968826719747245,0.016292192342138422,51.96443461422534,51.96472698449319,,,
frequency,150.0,150 MHz,6,UAV+Node-KF DPC,20,-3.188521757338884,-3.1547249299192437,0.06504651106020858,48.58411104231587,48.58609002519041,0.3428746660912495,0.5394641446859102,0.029738741933383155
node_count,20.0,N=20,0,Cluster DPC,20,-3.3883706215649747,-3.5441479787709618,0.8076945314702626,49.27582434681234,49.575966324085506,3.5850933192226355,8.110914146023559,0.38178766228857175
node_count,20.0,N=20,0,Cluster UAV+Node-KF DPC,20,-3.3547042491552532,-3.4891619594704384,0.7874927538693777,49.15021976349074,49.56206246079199,3.5925199046418514,8.110914146023559,0.21678187336643587
node_count,20.0,N=20,0,DPC,20,-0.756500006284448,-0.7273569105579631,0.02613052749634997,24.354121480187114,24.433018475916832,1.0096904183941215,1.7289118868808007,0.38178766228857175
node_count,20.0,N=20,0,No Algorithm,20,-3.365502534248837,-3.287168448925104,0.14527622485038943,50.44552198674156,50.478990187330055,3.108380274695816,1.7289118868808007,5.185409964910807
node_count,20.0,N=20,0,Random Phase Reference,20,-3.62658107022354,-4.028815273545666,0.25246854137496866,51.92912319212196,51.89971198272076,,,
node_count,20.0,N=20,0,UAV+Node-KF DPC,20,-0.0941621457107954,-0.1004185546371638,0.01843320670184316,8.861215967963679,8.995439646847531,0.35224943699844724,0.5326396938032106,0.21678187336643587
node_count,30.0,N=30,1,Cluster DPC,20,-3.4373229573620816,-3.4403900705667083,0.7817539617068844,49.41259169835899,49.59033223132799,3.43534209304158,8.200059451049716,0.37734954490987005
node_count,30.0,N=30,1,Cluster UAV+Node-KF DPC,20,-3.431124588002339,-3.4003472193643898,0.737300770347012,49.28989163861419,49.4950969459749,3.4421778894431165,8.200059451049716,0.2177171439373713
node_count,30.0,N=30,1,DPC,20,-0.7632200087061711,-0.7356027776392244,0.035221868157172924,24.473868929537176,24.48133468061102,1.014569444712305,1.7239423931963611,0.37734954490987005
node_count,30.0,N=30,1,No Algorithm,20,-3.481133506197473,-3.7472089373043564,0.11925431839251434,50.598948339776726,50.6872998723678,3.163300770919112,1.7239423931963611,5.180620406501022
node_count,30.0,N=30,1,Random Phase Reference,20,-3.682539321473504,-3.4935035514433723,0.23015566320342845,52.06137529236757,52.094895768014496,,,
node_count,30.0,N=30,1,UAV+Node-KF DPC,20,-0.09895768634254204,-0.08739126371978598,0.015325180368389228,8.999831106423313,9.111913229388447,0.3557157250658672,0.5330633063923609,0.2177171439373713
node_count,50.0,N=50,2,Cluster DPC,20,-3.4796944283361726,-3.6294324823766666,0.7272432504748296,48.750460711048696,48.942209178417805,3.38321055615927,7.723711005304176,0.3642576894802849
node_count,50.0,N=50,2,Cluster UAV+Node-KF DPC,20,-3.4745915485368855,-3.6387627705948744,0.7232190104297109,48.780869970813384,48.94855511765139,3.376624264530031,7.723711005304176,0.18068384403671495
node_count,50.0,N=50,2,DPC,20,-0.7805761995793637,-0.7534651340899373,0.02227733235016765,24.527026408958633,24.55756812659864,1.0157300189356737,1.729077063755284,0.3642576894802849
node_count,50.0,N=50,2,No Algorithm,20,-3.593281844403844,-3.554075970787105,0.11194709151058882,50.74303136100861,50.75888824620445,3.1475555308269865,1.729077063755284,5.1898247070599615
node_count,50.0,N=50,2,Random Phase Reference,20,-3.778334595196357,-3.9975567311491345,0.23606981698779553,51.928859476816434,51.90736784449649,,,
node_count,50.0,N=50,2,UAV+Node-KF DPC,20,-0.09252497974692798,-0.09091545329502082,0.010601728890624856,8.811555224595656,8.927432710685801,0.35039630539263217,0.5372498788940121,0.18068384403671495
node_count,75.0,N=75,3,Cluster DPC,20,-3.00939188731302,-3.064011660223821,0.5422316191400495,45.23505215855756,45.19324407000052,2.741274772474731,6.573109842109366,0.34305986158831153
node_count,75.0,N=75,3,Cluster UAV+Node-KF DPC,20,-2.9744733128343848,-3.048535506790748,0.5277212844007795,45.04446782241664,45.029833644531706,2.738135755144471,6.573109842109366,0.12576710369075267
node_count,75.0,N=75,3,DPC,20,-0.7929752896537554,-0.7805263045221651,0.026046071786148796,24.561159906888783,24.565748465937496,1.0160967931170037,1.732673241749303,0.34305986158831153
node_count,75.0,N=75,3,No Algorithm,20,-3.696037025977707,-3.7230243449610096,0.07126364399306442,51.14709360511688,51.12970727183822,3.1794084115174766,1.732673241749303,5.2097417094303236
node_count,75.0,N=75,3,Random Phase Reference,20,-3.870927401434938,-3.684056755436451,0.14866746725975094,52.15095904262067,52.17396919170106,,,
node_count,75.0,N=75,3,UAV+Node-KF DPC,20,-0.09474629767582354,-0.09389676114452883,0.009849691716875298,8.837400497980738,8.871598650151224,0.3508301153978295,0.5401918303513928,0.12576710369075267
node_count,100.0,N=100,4,Cluster DPC,20,-2.777141229002945,-2.796339000015795,0.3953133870373593,43.046769844851624,43.246292846901966,2.3665133984180704,5.6977735965197365,0.32446355487466844
node_count,100.0,N=100,4,Cluster UAV+Node-KF DPC,20,-2.744571071274755,-2.750907903603583,0.3791961071572779,42.836092939547584,43.08331712614499,2.3635173856730125,5.6977735965197365,0.11715480436519805
node_count,100.0,N=100,4,DPC,20,-0.7826221634686978,-0.7726173632304933,0.01971641396643407,24.46424737704219,24.475839465953122,1.0125182151590078,1.7290543537272747,0.32446355487466844
node_count,100.0,N=100,4,No Algorithm,20,-3.6768629038373795,-3.774338956451839,0.0704182486076671,51.005675848652096,51.017019624416385,3.169673334418545,1.7290543537272747,5.213398278963497
node_count,100.0,N=100,4,Random Phase Reference,20,-3.9263712308729684,-3.8666904253279184,0.14323098699354556,52.278488964476274,52.256059674526725,,,
node_count,100.0,N=100,4,UAV+Node-KF DPC,20,-0.09405103253707374,-0.09092982535418312,0.006123808352894474,8.735566974561078,8.781221456411913,0.34580764018953747,0.5324997367254543,0.11715480436519805
node_count,150.0,N=150,5,Cluster DPC,20,-2.2343704747193973,-2.3163336241565546,0.40079655401003966,37.872393614111296,38.15311920175921,1.9186185931514974,4.507959819951813,0.30349483998137256
node_count,150.0,N=150,5,Cluster UAV+Node-KF DPC,20,-2.2227423520757736,-2.304224097206604,0.4203707062441178,37.78675002190029,38.04764790319286,1.909690124440728,4.507959819951813,0.08989863359976646
node_count,150.0,N=150,5,DPC,20,-0.7864075664440927,-0.8322308653654151,0.017369493387533307,24.475110778864405,24.46832746935521,1.013020956354685,1.7323855421497742,0.30349483998137256
node_count,150.0,N=150,5,No Algorithm,20,-3.72339133068015,-3.6983902363704653,0.03753182573826262,51.11446289363038,51.11480616247523,3.154488328027195,1.7323855421497742,5.190770442801921
node_count,150.0,N=150,5,Random Phase Reference,20,-3.8452709155072586,-3.829370240920784,0.08531811988273756,51.81814261308608,51.79697716981351,,,
node_count,150.0,N=150,5,UAV+Node-KF DPC,20,-0.09472654469928815,-0.09301027969376796,0.00723652280554951,8.734559416506626,8.761877157930552,0.34398829695502836,0.5371352507793237,0.08989863359976646
node_count,200.0,N=200,6,Cluster DPC,20,-1.8588103757346277,-1.9360433583825802,0.3108298610060223,34.15321675250473,34.260694070773795,1.6496670922729493,3.935216498487594,0.27700716725836544
node_count,200.0,N=200,6,Cluster UAV+Node-KF DPC,20,-1.8445850954789325,-1.9214980990563844,0.3023247476086917,33.989463553840785,34.110351692021496,1.6427430571970976,3.935216498487594,0.07433423390337403
node_count,200.0,N=200,6,DPC,20,-0.784515548036665,-0.8120432943916087,0.012591223263495505,24.40259917393255,24.405150113088837,1.010357633426414,1.731892995420275,0.27700716725836544
node_count,200.0,N=200,6,No Algorithm,20,-3.7129754814935225,-3.7295576893537503,0.040469482738386485,50.97858581614358,50.97534361885214,3.160065645051377,1.731892995420275,5.1942264155119915
node_count,200.0,N=200,6,Random Phase Reference,20,-3.822119370796498,-3.9449310765457724,0.09845030009887773,51.67576714346719,51.681345910512434,,,
node_count,200.0,N=200,6,UAV+Node-KF DPC,20,-0.09288693896491056,-0.09205964217119461,0.00583697458585605,8.690957831565013,8.723882255436854,0.34330957964093206,0.5351691110973447,0.07433423390337403
node_count,300.0,N=300,7,Cluster DPC,20,-1.4226385811836408,-1.4634340152011818,0.24086216107661837,29.41388670911625,29.490989824110834,1.3971140017204668,3.19158400350518,0.24690409000586877
node_count,300.0,N=300,7,Cluster UAV+Node-KF DPC,20,-1.4159587994849265,-1.4565846187408018,0.24106539736207847,29.319650042129716,29.401063746510243,1.3912443513680361,3.19158400350518,0.06258053189388765
node_count,300.0,N=300,7,DPC,20,-0.7825420955827063,-0.8018230783525139,0.007920252378570266,24.385288517318546,24.388250355658176,1.0091856032085351,1.7314804429123243,0.24690409000586877
node_count,300.0,N=300,7,No Algorithm,20,-3.73654462736213,-3.790998160022032,0.03812836671768062,50.99845596942329,51.0002666349571,3.1688966751377516,1.7314804429123243,5.201891246849931
node_count,300.0,N=300,7,Random Phase Reference,20,-3.8904247468536166,-3.8556854430678116,0.08023723708444451,51.938861390239786,51.93858031776254,,,
node_count,300.0,N=300,7,UAV+Node-KF DPC,20,-0.09403535389723103,-0.09623258994112162,0.005007219380245362,8.769526381086235,8.781622662455563,0.34457586892072883,0.5394659405051181,0.06258053189388765
node_count,500.0,N=500,8,Cluster DPC,20,-1.049487288306132,-1.0971721740005151,0.2563695993537853,24.785654906879433,24.90076106260422,1.0728506227344092,2.5055270387149875,0.2014040973354147
node_count,500.0,N=500,8,Cluster UAV+Node-KF DPC,20,-1.0377645357026635,-1.0872128830190988,0.2559412733837878,24.626280957630705,24.753153305293534,1.0657700875988305,2.5055270387149875,0.034525606028611724
node_count,500.0,N=500,8,DPC,20,-0.7818704852842285,-0.7819427172019827,0.008429575023324183,24.31869786273847,24.321304592235855,1.0062502935327626,1.7307981991312733,0.2014040973354147
node_count,500.0,N=500,8,No Algorithm,20,-3.7382892569022728,-3.657296381469996,0.03036606647231016,50.997055041989206,50.99795796737743,3.1605542305812087,1.7307981991312733,5.19023270122734
node_count,500.0,N=500,8,Random Phase Reference,20,-3.9065398403111127,-3.9469935586951657,0.08756814341313113,51.955646603233824,51.95484202667957,,,
node_count,500.0,N=500,8,UAV+Node-KF DPC,20,-0.09447346267907339,-0.09375397562480661,0.004113173460115138,8.71749699478282,8.725870647469907,0.34173215722399697,0.537493990104381,0.034525606028611724
node_count,1000.0,N=1000,9,Cluster DPC,20,-0.49875767004885985,-0.5333359372719567,0.0976808702233524,17.02811230915097,17.110834691560292,0.7053940543683928,1.6293276356491848,0.1540198643415684
node_count,1000.0,N=1000,9,Cluster UAV+Node-KF DPC,20,-0.4937748809490549,-0.5286526132835933,0.0987976329898857,16.909672157432095,16.987248018437246,0.7001781157197623,1.6293276356491848,0.029738741933383155
node_count,1000.0,N=1000,9,DPC,20,-0.77718926043828,-0.7897710220237693,0.00528825929215539,24.240335645545535,24.242453797291294,1.002694910276606,1.73170556782207,0.1540198643415684
node_count,1000.0,N=1000,9,No Algorithm,20,-3.754009131520693,-3.805173927268858,0.02154107643822198,51.03831961497241,51.03825366503574,3.166429097167006,1.73170556782207,5.195682979992946
node_count,1000.0,N=1000,9,Random Phase Reference,20,-3.9165537800656027,-3.907805607943104,0.040573421646903446,51.994205169269875,51.9994385247331,,,
node_count,1000.0,N=1000,9,UAV+Node-KF DPC,20,-0.09458231628742349,-0.09417940210460088,0.0026533439853939304,8.752458710656011,8.758410957725834,0.3428746660912495,0.5394641446859102,0.029738741933383155
node_count,1500.0,N=1500,10,Cluster DPC,20,-0.3698843346364739,-0.3952154578474819,0.06596891269338911,14.662590387773736,14.785322145943008,0.6036859018325182,1.379654720378662,0.12694149460683382
node_count,1500.0,N=1500,10,Cluster UAV+Node-KF DPC,20,-0.3663814836717349,-0.39185592371980027,0.06702138163394011,14.56807600783792,14.687126673173378,0.5994639814787286,1.379654720378662,0.020592264264394023
node_count,1500.0,N=1500,10,DPC,20,-0.7761820945694233,-0.7873814282569612,0.004788850591873314,24.231868974325582,24.233007437049558,1.0021525117128431,1.7314330697670761,0.12694149460683382
node_count,1500.0,N=1500,10,No Algorithm,20,-3.746972586386432,-3.706246601771041,0.018197615998785208,51.01590834801891,51.01499466513189,3.1601275158187443,1.7314330697670761,5.197137621074402
node_count,1500.0,N=1500,10,Random Phase Reference,20,-3.9250153774150345,-3.907472044425778,0.030003762495485097,51.99583496938133,51.995799712996515,,,
node_count,1500.0,N=1500,10,UAV+Node-KF DPC,20,-0.09407081075229351,-0.09302072944060455,0.0018771994735486493,8.734464803030848,8.737622376797477,0.3418616325854243,0.5367092703188481,0.020592264264394023
node_count,2000.0,N=2000,11,Cluster DPC,20,-0.28623340930839103,-0.3037363744214843,0.06833865597676647,12.879008314244677,12.908699643552973,0.522039258151617,1.1944384501256315,0.11147122323527743
node_count,2000.0,N=2000,11,Cluster UAV+Node-KF DPC,20,-0.2831337546850549,-0.30140218468898156,0.06800701820212138,12.7873367959114,12.820397345267002,0.5182731392891645,1.1944384501256315,0.017163148249387555
node_count,2000.0,N=2000,11,DPC,20,-0.7762422366130429,-0.7752185579132015,0.0036259078212501706,24.22728985998614,24.227236701103585,1.0020506988705293,1.7319383244327837,0.11147122323527743
node_count,2000.0,N=2000,11,No Algorithm,20,-3.747848810711772,-3.744208544177139,0.01629695193825411,50.99023002222272,50.989658293831134,3.1631850991502493,1.7319383244327837,5.197138912856886
node_count,2000.0,N=2000,11,Random Phase Reference,20,-3.9163702019700413,-3.9625175969586826,0.02396063557566505,51.94369641193263,51.943857722420354,,,
node_count,2000.0,N=2000,11,UAV+Node-KF DPC,20,-0.09506040588157458,-0.094349348238049,0.0020903906532200875,8.774864099581846,8.775824411302612,0.34374612608520944,0.5401815424650354,0.017163148249387555
