方法,功率指标_dB,相位误差_RMSE_deg,无人机位置_RMSE_m,节点位置_RMSE_m,实验名称,Sweep类型,Sweep变量值,节点数_N,连通度_p,频率_MHz,蒙特卡洛次数,功率参考口径,源阵列归一化功率_dB,数据说明,源文件
Cluster-DPC,-0.5716940286821934,18.46526729586862,0.39010685427782466,1.7066180422430706,v1.1.1_full_three_sweeps,connectivity,0.0005,,0.0005,,20,相对同一阵列理想相干发射功率：10log10(P/P_ideal)，理想最佳为0 dB,-0.5716940286821934,,v1.1.1_full_three_sweeps_method_summary.csv
Cluster-KF-DPC,-0.5406862611000677,17.812149783803946,0.17357534865093344,1.7066180422430706,v1.1.1_full_three_sweeps,connectivity,0.0005,,0.0005,,20,相对同一阵列理想相干发射功率：10log10(P/P_ideal)，理想最佳为0 dB,-0.5406862611000677,,v1.1.1_full_three_sweeps_method_summary.csv
DPC,-0.8098100309034968,24.7469730849289,0.39010685427782466,1.73170556782207,v1.1.1_full_three_sweeps,connectivity,0.0005,,0.0005,,20,相对同一阵列理想相干发射功率：10log10(P/P_ideal)，理想最佳为0 dB,-0.8098100309034968,,v1.1.1_full_three_sweeps_method_summary.csv
No-Algorithm,-3.754009131520693,51.03825366503574,5.195682979992946,1.73170556782207,v1.1.1_full_three_sweeps,connectivity,0.0005,,0.0005,,20,相对同一阵列理想相干发射功率：10log10(P/P_ideal)，理想最佳为0 dB,-3.754009131520693,,v1.1.1_full_three_sweeps_method_summary.csv
Random,-3.9165537800656027,51.9994385247331,,,v1.1.1_full_three_sweeps,connectivity,0.0005,,0.0005,,20,相对同一阵列理想相干发射功率：10log10(P/P_ideal)，理想最佳为0 dB,-3.9165537800656027,源表未保存或该方法不定义无人机位置RMSE；源表未保存或该方法不定义节点位置RMSE,v1.1.1_full_three_sweeps_method_summary.csv
KF-DPC,-0.10279030709529274,9.130802475576052,0.17357534865093344,0.5394641446859102,v1.1.1_full_three_sweeps,connectivity,0.0005,,0.0005,,20,相对同一阵列理想相干发射功率：10log10(P/P_ideal)，理想最佳为0 dB,-0.10279030709529274,,v1.1.1_full_three_sweeps_method_summary.csv
Cluster-DPC,-0.5659873837735377,18.290773363536072,0.37600892347118414,1.6814636319760996,v1.1.1_full_three_sweeps,connectivity,0.001,,0.001,,20,相对同一阵列理想相干发射功率：10log10(P/P_ideal)，理想最佳为0 dB,-0.5659873837735377,,v1.1.1_full_three_sweeps_method_summary.csv
Cluster-KF-DPC,-0.5361886264157238,17.649873825910266,0.13355925108243444,1.6814636319760996,v1.1.1_full_three_sweeps,connectivity,0.001,,0.001,,20,相对同一阵列理想相干发射功率：10log10(P/P_ideal)，理想最佳为0 dB,-0.5361886264157238,,v1.1.1_full_three_sweeps_method_summary.csv
DPC,-0.8072236692209052,24.70520533329658,0.37600892347118414,1.73170556782207,v1.1.1_full_three_sweeps,connectivity,0.001,,0.001,,20,相对同一阵列理想相干发射功率：10log10(P/P_ideal)，理想最佳为0 dB,-0.8072236692209052,,v1.1.1_full_three_sweeps_method_summary.csv
No-Algorithm,-3.754009131520693,51.03825366503574,5.195682979992946,1.73170556782207,v1.1.1_full_three_sweeps,connectivity,0.001,,0.001,,20,相对同一阵列理想相干发射功率：10log10(P/P_ideal)，理想最佳为0 dB,-3.754009131520693,,v1.1.1_full_three_sweeps_method_summary.csv
Random,-3.9165537800656027,51.9994385247331,,,v1.1.1_full_three_sweeps,connectivity,0.001,,0.001,,20,相对同一阵列理想相干发射功率：10log10(P/P_ideal)，理想最佳为0 dB,-3.9165537800656027,源表未保存或该方法不定义无人机位置RMSE；源表未保存或该方法不定义节点位置RMSE,v1.1.1_full_three_sweeps_method_summary.csv
KF-DPC,-0.09945965816411294,8.98744500047135,0.13355925108243444,0.5394641446859102,v1.1.1_full_three_sweeps,connectivity,0.001,,0.001,,20,相对同一阵列理想相干发射功率：10log10(P/P_ideal)，理想最佳为0 dB,-0.09945965816411294,,v1.1.1_full_three_sweeps_method_summary.csv
Cluster-DPC,-0.5618968886967499,18.204878808542098,0.35088140372192755,1.678061726908777,v1.1.1_full_three_sweeps,connectivity,0.002,,0.002,,20,相对同一阵列理想相干发射功率：10log10(P/P_ideal)，理想最佳为0 dB,-0.5618968886967499,,v1.1.1_full_three_sweeps_method_summary.csv
Cluster-KF-DPC,-0.5323016854915439,17.578513873013705,0.09281275851458484,1.678061726908777,v1.1.1_full_three_sweeps,connectivity,0.002,,0.002,,20,相对同一阵列理想相干发射功率：10log10(P/P_ideal)，理想最佳为0 dB,-0.5323016854915439,,v1.1.1_full_three_sweeps_method_summary.csv
DPC,-0.8024028778550705,24.635666141639152,0.35088140372192755,1.73170556782207,v1.1.1_full_three_sweeps,connectivity,0.002,,0.002,,20,相对同一阵列理想相干发射功率：10log10(P/P_ideal)，理想最佳为0 dB,-0.8024028778550705,,v1.1.1_full_three_sweeps_method_summary.csv
No-Algorithm,-3.754009131520693,51.03825366503574,5.195682979992946,1.73170556782207,v1.1.1_full_three_sweeps,connectivity,0.002,,0.002,,20,相对同一阵列理想相干发射功率：10log10(P/P_ideal)，理想最佳为0 dB,-3.754009131520693,,v1.1.1_full_three_sweeps_method_summary.csv
Random,-3.9165537800656027,51.9994385247331,,,v1.1.1_full_three_sweeps,connectivity,0.002,,0.002,,20,相对同一阵列理想相干发射功率：10log10(P/P_ideal)，理想最佳为0 dB,-3.9165537800656027,源表未保存或该方法不定义无人机位置RMSE；源表未保存或该方法不定义节点位置RMSE,v1.1.1_full_three_sweeps_method_summary.csv
KF-DPC,-0.09691672299508368,8.868348850441114,0.09281275851458484,0.5394641446859102,v1.1.1_full_three_sweeps,connectivity,0.002,,0.002,,20,相对同一阵列理想相干发射功率：10log10(P/P_ideal)，理想最佳为0 dB,-0.09691672299508368,,v1.1.1_full_three_sweeps_method_summary.csv
Cluster-DPC,-0.5459269816832135,18.009044808900338,0.32879988277159566,1.6598865315095697,v1.1.1_full_three_sweeps,connectivity,0.003,,0.003,,20,相对同一阵列理想相干发射功率：10log10(P/P_ideal)，理想最佳为0 dB,-0.5459269816832135,,v1.1.1_full_three_sweeps_method_summary.csv
Cluster-KF-DPC,-0.518339280418225,17.407278899856863,0.07189807479652405,1.6598865315095697,v1.1.1_full_three_sweeps,connectivity,0.003,,0.003,,20,相对同一阵列理想相干发射功率：10log10(P/P_ideal)，理想最佳为0 dB,-0.518339280418225,,v1.1.1_full_three_sweeps_method_summary.csv
DPC,-0.7985300928843203,24.574944149765635,0.32879988277159566,1.73170556782207,v1.1.1_full_three_sweeps,connectivity,0.003,,0.003,,20,相对同一阵列理想相干发射功率：10log10(P/P_ideal)，理想最佳为0 dB,-0.7985300928843203,,v1.1.1_full_three_sweeps_method_summary.csv
No-Algorithm,-3.754009131520693,51.03825366503574,5.195682979992946,1.73170556782207,v1.1.1_full_three_sweeps,connectivity,0.003,,0.003,,20,相对同一阵列理想相干发射功率：10log10(P/P_ideal)，理想最佳为0 dB,-3.754009131520693,,v1.1.1_full_three_sweeps_method_summary.csv
Random,-3.9165537800656027,51.9994385247331,,,v1.1.1_full_three_sweeps,connectivity,0.003,,0.003,,20,相对同一阵列理想相干发射功率：10log10(P/P_ideal)，理想最佳为0 dB,-3.9165537800656027,源表未保存或该方法不定义无人机位置RMSE；源表未保存或该方法不定义节点位置RMSE,v1.1.1_full_three_sweeps_method_summary.csv
KF-DPC,-0.09583183486123972,8.816627067957384,0.07189807479652405,0.5394641446859102,v1.1.1_full_three_sweeps,connectivity,0.003,,0.003,,20,相对同一阵列理想相干发射功率：10log10(P/P_ideal)，理想最佳为0 dB,-0.09583183486123972,,v1.1.1_full_three_sweeps_method_summary.csv
Cluster-DPC,-0.5728671702979784,18.322224917904766,0.2930766608576653,1.7094557362735554,v1.1.1_full_three_sweeps,connectivity,0.005,,0.005,,20,相对同一阵列理想相干发射功率：10log10(P/P_ideal)，理想最佳为0 dB,-0.5728671702979784,,v1.1.1_full_three_sweeps_method_summary.csv
Cluster-KF-DPC,-0.5514271050872833,17.8719287289067,0.05187148799353447,1.7094557362735554,v1.1.1_full_three_sweeps,connectivity,0.005,,0.005,,20,相对同一阵列理想相干发射功率：10log10(P/P_ideal)，理想最佳为0 dB,-0.5514271050872833,,v1.1.1_full_three_sweeps_method_summary.csv
DPC,-0.7931434556490603,24.489886387197046,0.2930766608576653,1.73170556782207,v1.1.1_full_three_sweeps,connectivity,0.005,,0.005,,20,相对同一阵列理想相干发射功率：10log10(P/P_ideal)，理想最佳为0 dB,-0.7931434556490603,,v1.1.1_full_three_sweeps_method_summary.csv
No-Algorithm,-3.754009131520693,51.03825366503574,5.195682979992946,1.73170556782207,v1.1.1_full_three_sweeps,connectivity,0.005,,0.005,,20,相对同一阵列理想相干发射功率：10log10(P/P_ideal)，理想最佳为0 dB,-3.754009131520693,,v1.1.1_full_three_sweeps_method_summary.csv
Random,-3.9165537800656027,51.9994385247331,,,v1.1.1_full_three_sweeps,connectivity,0.005,,0.005,,20,相对同一阵列理想相干发射功率：10log10(P/P_ideal)，理想最佳为0 dB,-3.9165537800656027,源表未保存或该方法不定义无人机位置RMSE；源表未保存或该方法不定义节点位置RMSE,v1.1.1_full_three_sweeps_method_summary.csv
KF-DPC,-0.09513151002113476,8.783645168628372,0.05187148799353447,0.5394641446859102,v1.1.1_full_three_sweeps,connectivity,0.005,,0.005,,20,相对同一阵列理想相干发射功率：10log10(P/P_ideal)，理想最佳为0 dB,-0.09513151002113476,,v1.1.1_full_three_sweeps_method_summary.csv
Cluster-DPC,-0.5413033861185502,17.86702230828312,0.25532002433358386,1.671870792250957,v1.1.1_full_three_sweeps,connectivity,0.008,,0.008,,20,相对同一阵列理想相干发射功率：10log10(P/P_ideal)，理想最佳为0 dB,-0.5413033861185502,,v1.1.1_full_three_sweeps_method_summary.csv
Cluster-KF-DPC,-0.524779758770718,17.502796168540637,0.039913985189479875,1.671870792250957,v1.1.1_full_three_sweeps,connectivity,0.008,,0.008,,20,相对同一阵列理想相干发射功率：10log10(P/P_ideal)，理想最佳为0 dB,-0.524779758770718,,v1.1.1_full_three_sweeps_method_summary.csv
DPC,-0.7879711560452103,24.409348979488946,0.25532002433358386,1.73170556782207,v1.1.1_full_three_sweeps,connectivity,0.008,,0.008,,20,相对同一阵列理想相干发射功率：10log10(P/P_ideal)，理想最佳为0 dB,-0.7879711560452103,,v1.1.1_full_three_sweeps_method_summary.csv
No-Algorithm,-3.754009131520693,51.03825366503574,5.195682979992946,1.73170556782207,v1.1.1_full_three_sweeps,connectivity,0.008,,0.008,,20,相对同一阵列理想相干发射功率：10log10(P/P_ideal)，理想最佳为0 dB,-3.754009131520693,,v1.1.1_full_three_sweeps_method_summary.csv
Random,-3.9165537800656027,51.9994385247331,,,v1.1.1_full_three_sweeps,connectivity,0.008,,0.008,,20,相对同一阵列理想相干发射功率：10log10(P/P_ideal)，理想最佳为0 dB,-3.9165537800656027,源表未保存或该方法不定义无人机位置RMSE；源表未保存或该方法不定义节点位置RMSE,v1.1.1_full_three_sweeps_method_summary.csv
KF-DPC,-0.09481552658055316,8.769450693388922,0.039913985189479875,0.5394641446859102,v1.1.1_full_three_sweeps,connectivity,0.008,,0.008,,20,相对同一阵列理想相干发射功率：10log10(P/P_ideal)，理想最佳为0 dB,-0.09481552658055316,,v1.1.1_full_three_sweeps_method_summary.csv
Cluster-DPC,-0.5604751188933115,18.092907713749216,0.2375307207532275,1.7373894490832682,v1.1.1_full_three_sweeps,connectivity,0.01,,0.01,,20,相对同一阵列理想相干发射功率：10log10(P/P_ideal)，理想最佳为0 dB,-0.5604751188933115,,v1.1.1_full_three_sweeps_method_summary.csv
Cluster-KF-DPC,-0.5465133733499008,17.77724896345544,0.03632101792106658,1.7373894490832682,v1.1.1_full_three_sweeps,connectivity,0.01,,0.01,,20,相对同一阵列理想相干发射功率：10log10(P/P_ideal)，理想最佳为0 dB,-0.5465133733499008,,v1.1.1_full_three_sweeps_method_summary.csv
DPC,-0.7857320418380691,24.375397537045576,0.2375307207532275,1.73170556782207,v1.1.1_full_three_sweeps,connectivity,0.01,,0.01,,20,相对同一阵列理想相干发射功率：10log10(P/P_ideal)，理想最佳为0 dB,-0.7857320418380691,,v1.1.1_full_three_sweeps_method_summary.csv
No-Algorithm,-3.754009131520693,51.03825366503574,5.195682979992946,1.73170556782207,v1.1.1_full_three_sweeps,connectivity,0.01,,0.01,,20,相对同一阵列理想相干发射功率：10log10(P/P_ideal)，理想最佳为0 dB,-3.754009131520693,,v1.1.1_full_three_sweeps_method_summary.csv
Random,-3.9165537800656027,51.9994385247331,,,v1.1.1_full_three_sweeps,connectivity,0.01,,0.01,,20,相对同一阵列理想相干发射功率：10log10(P/P_ideal)，理想最佳为0 dB,-3.9165537800656027,源表未保存或该方法不定义无人机位置RMSE；源表未保存或该方法不定义节点位置RMSE,v1.1.1_full_three_sweeps_method_summary.csv
KF-DPC,-0.09471575354737222,8.764909084571448,0.03632101792106658,0.5394641446859102,v1.1.1_full_three_sweeps,connectivity,0.01,,0.01,,20,相对同一阵列理想相干发射功率：10log10(P/P_ideal)，理想最佳为0 dB,-0.09471575354737222,,v1.1.1_full_three_sweeps_method_summary.csv
Cluster-DPC,-0.5368934991206746,17.77908481102679,0.1820639313003076,1.7041215527762184,v1.1.1_full_three_sweeps,connectivity,0.02,,0.02,,20,相对同一阵列理想相干发射功率：10log10(P/P_ideal)，理想最佳为0 dB,-0.5368934991206746,,v1.1.1_full_three_sweeps_method_summary.csv
Cluster-KF-DPC,-0.5308230007853555,17.622458082324172,0.030791164115376295,1.7041215527762184,v1.1.1_full_three_sweeps,connectivity,0.02,,0.02,,20,相对同一阵列理想相干发射功率：10log10(P/P_ideal)，理想最佳为0 dB,-0.5308230007853555,,v1.1.1_full_three_sweeps_method_summary.csv
DPC,-0.77980257287927,24.282808403669492,0.1820639313003076,1.73170556782207,v1.1.1_full_three_sweeps,connectivity,0.02,,0.02,,20,相对同一阵列理想相干发射功率：10log10(P/P_ideal)，理想最佳为0 dB,-0.77980257287927,,v1.1.1_full_three_sweeps_method_summary.csv
No-Algorithm,-3.754009131520693,51.03825366503574,5.195682979992946,1.73170556782207,v1.1.1_full_three_sweeps,connectivity,0.02,,0.02,,20,相对同一阵列理想相干发射功率：10log10(P/P_ideal)，理想最佳为0 dB,-3.754009131520693,,v1.1.1_full_three_sweeps_method_summary.csv
Random,-3.9165537800656027,51.9994385247331,,,v1.1.1_full_three_sweeps,connectivity,0.02,,0.02,,20,相对同一阵列理想相干发射功率：10log10(P/P_ideal)，理想最佳为0 dB,-3.9165537800656027,源表未保存或该方法不定义无人机位置RMSE；源表未保存或该方法不定义节点位置RMSE,v1.1.1_full_three_sweeps_method_summary.csv
KF-DPC,-0.09461104260504352,8.75976243441036,0.030791164115376295,0.5394641446859102,v1.1.1_full_three_sweeps,connectivity,0.02,,0.02,,20,相对同一阵列理想相干发射功率：10log10(P/P_ideal)，理想最佳为0 dB,-0.09461104260504352,,v1.1.1_full_three_sweeps_method_summary.csv
Cluster-DPC,-0.49875767004885985,17.110834691560292,0.1540198643415684,1.6293276356491848,v1.1.1_full_three_sweeps,connectivity,0.03,,0.03,,20,相对同一阵列理想相干发射功率：10log10(P/P_ideal)，理想最佳为0 dB,-0.49875767004885985,,v1.1.1_full_three_sweeps_method_summary.csv
Cluster-KF-DPC,-0.4937748809490549,16.987248018437246,0.029738741933383155,1.6293276356491848,v1.1.1_full_three_sweeps,connectivity,0.03,,0.03,,20,相对同一阵列理想相干发射功率：10log10(P/P_ideal)，理想最佳为0 dB,-0.4937748809490549,,v1.1.1_full_three_sweeps_method_summary.csv
DPC,-0.77718926043828,24.242453797291294,0.1540198643415684,1.73170556782207,v1.1.1_full_three_sweeps,connectivity,0.03,,0.03,,20,相对同一阵列理想相干发射功率：10log10(P/P_ideal)，理想最佳为0 dB,-0.77718926043828,,v1.1.1_full_three_sweeps_method_summary.csv
No-Algorithm,-3.754009131520693,51.03825366503574,5.195682979992946,1.73170556782207,v1.1.1_full_three_sweeps,connectivity,0.03,,0.03,,20,相对同一阵列理想相干发射功率：10log10(P/P_ideal)，理想最佳为0 dB,-3.754009131520693,,v1.1.1_full_three_sweeps_method_summary.csv
Random,-3.9165537800656027,51.9994385247331,,,v1.1.1_full_three_sweeps,connectivity,0.03,,0.03,,20,相对同一阵列理想相干发射功率：10log10(P/P_ideal)，理想最佳为0 dB,-3.9165537800656027,源表未保存或该方法不定义无人机位置RMSE；源表未保存或该方法不定义节点位置RMSE,v1.1.1_full_three_sweeps_method_summary.csv
KF-DPC,-0.09458231628742349,8.758410957725834,0.029738741933383155,0.5394641446859102,v1.1.1_full_three_sweeps,connectivity,0.03,,0.03,,20,相对同一阵列理想相干发射功率：10log10(P/P_ideal)，理想最佳为0 dB,-0.09458231628742349,,v1.1.1_full_three_sweeps_method_summary.csv
Cluster-DPC,-0.5093839670922847,17.307063245695016,0.1217386399836792,1.6863700941563196,v1.1.1_full_three_sweeps,connectivity,0.05,,0.05,,20,相对同一阵列理想相干发射功率：10log10(P/P_ideal)，理想最佳为0 dB,-0.5093839670922847,,v1.1.1_full_three_sweeps_method_summary.csv
Cluster-KF-DPC,-0.5048387973157573,17.206689137010578,0.029212177233463033,1.6863700941563196,v1.1.1_full_three_sweeps,connectivity,0.05,,0.05,,20,相对同一阵列理想相干发射功率：10log10(P/P_ideal)，理想最佳为0 dB,-0.5048387973157573,,v1.1.1_full_three_sweeps_method_summary.csv
DPC,-0.7750637227354267,24.209667766548947,0.1217386399836792,1.73170556782207,v1.1.1_full_three_sweeps,connectivity,0.05,,0.05,,20,相对同一阵列理想相干发射功率：10log10(P/P_ideal)，理想最佳为0 dB,-0.7750637227354267,,v1.1.1_full_three_sweeps_method_summary.csv
No-Algorithm,-3.754009131520693,51.03825366503574,5.195682979992946,1.73170556782207,v1.1.1_full_three_sweeps,connectivity,0.05,,0.05,,20,相对同一阵列理想相干发射功率：10log10(P/P_ideal)，理想最佳为0 dB,-3.754009131520693,,v1.1.1_full_three_sweeps_method_summary.csv
Random,-3.9165537800656027,51.9994385247331,,,v1.1.1_full_three_sweeps,connectivity,0.05,,0.05,,20,相对同一阵列理想相干发射功率：10log10(P/P_ideal)，理想最佳为0 dB,-3.9165537800656027,源表未保存或该方法不定义无人机位置RMSE；源表未保存或该方法不定义节点位置RMSE,v1.1.1_full_three_sweeps_method_summary.csv
KF-DPC,-0.09457243662633882,8.757893858917829,0.029212177233463033,0.5394641446859102,v1.1.1_full_three_sweeps,connectivity,0.05,,0.05,,20,相对同一阵列理想相干发射功率：10log10(P/P_ideal)，理想最佳为0 dB,-0.09457243662633882,,v1.1.1_full_three_sweeps_method_summary.csv
Cluster-DPC,-0.4489976468512006,16.53914294142805,0.09733201830739309,1.6469882483957115,v1.1.1_full_three_sweeps,connectivity,0.08,,0.08,,20,相对同一阵列理想相干发射功率：10log10(P/P_ideal)，理想最佳为0 dB,-0.4489976468512006,,v1.1.1_full_three_sweeps_method_summary.csv
Cluster-KF-DPC,-0.4475041932078895,16.49456450033428,0.0290596189807051,1.6469882483957115,v1.1.1_full_three_sweeps,connectivity,0.08,,0.08,,20,相对同一阵列理想相干发射功率：10log10(P/P_ideal)，理想最佳为0 dB,-0.4475041932078895,,v1.1.1_full_three_sweeps_method_summary.csv
DPC,-0.7735560316992738,24.18666700719281,0.09733201830739309,1.73170556782207,v1.1.1_full_three_sweeps,connectivity,0.08,,0.08,,20,相对同一阵列理想相干发射功率：10log10(P/P_ideal)，理想最佳为0 dB,-0.7735560316992738,,v1.1.1_full_three_sweeps_method_summary.csv
No-Algorithm,-3.754009131520693,51.03825366503574,5.195682979992946,1.73170556782207,v1.1.1_full_three_sweeps,connectivity,0.08,,0.08,,20,相对同一阵列理想相干发射功率：10log10(P/P_ideal)，理想最佳为0 dB,-3.754009131520693,,v1.1.1_full_three_sweeps_method_summary.csv
Random,-3.9165537800656027,51.9994385247331,,,v1.1.1_full_three_sweeps,connectivity,0.08,,0.08,,20,相对同一阵列理想相干发射功率：10log10(P/P_ideal)，理想最佳为0 dB,-3.9165537800656027,源表未保存或该方法不定义无人机位置RMSE；源表未保存或该方法不定义节点位置RMSE,v1.1.1_full_three_sweeps_method_summary.csv
KF-DPC,-0.09456770349157795,8.75767420817175,0.0290596189807051,0.5394641446859102,v1.1.1_full_three_sweeps,connectivity,0.08,,0.08,,20,相对同一阵列理想相干发射功率：10log10(P/P_ideal)，理想最佳为0 dB,-0.09456770349157795,,v1.1.1_full_three_sweeps_method_summary.csv
Cluster-DPC,-0.42891419311889434,16.321789965235084,0.087127954391724,1.712563482625955,v1.1.1_full_three_sweeps,connectivity,0.1,,0.1,,20,相对同一阵列理想相干发射功率：10log10(P/P_ideal)，理想最佳为0 dB,-0.42891419311889434,,v1.1.1_full_three_sweeps_method_summary.csv
Cluster-KF-DPC,-0.4271554566121991,16.28004987483419,0.029025878861712946,1.712563482625955,v1.1.1_full_three_sweeps,connectivity,0.1,,0.1,,20,相对同一阵列理想相干发射功率：10log10(P/P_ideal)，理想最佳为0 dB,-0.4271554566121991,,v1.1.1_full_three_sweeps_method_summary.csv
DPC,-0.7730721368371124,24.179171976744037,0.087127954391724,1.73170556782207,v1.1.1_full_three_sweeps,connectivity,0.1,,0.1,,20,相对同一阵列理想相干发射功率：10log10(P/P_ideal)，理想最佳为0 dB,-0.7730721368371124,,v1.1.1_full_three_sweeps_method_summary.csv
No-Algorithm,-3.754009131520693,51.03825366503574,5.195682979992946,1.73170556782207,v1.1.1_full_three_sweeps,connectivity,0.1,,0.1,,20,相对同一阵列理想相干发射功率：10log10(P/P_ideal)，理想最佳为0 dB,-3.754009131520693,,v1.1.1_full_three_sweeps_method_summary.csv
Random,-3.9165537800656027,51.9994385247331,,,v1.1.1_full_three_sweeps,connectivity,0.1,,0.1,,20,相对同一阵列理想相干发射功率：10log10(P/P_ideal)，理想最佳为0 dB,-3.9165537800656027,源表未保存或该方法不定义无人机位置RMSE；源表未保存或该方法不定义节点位置RMSE,v1.1.1_full_three_sweeps_method_summary.csv
KF-DPC,-0.09456661183643322,8.75760706652799,0.029025878861712946,0.5394641446859102,v1.1.1_full_three_sweeps,connectivity,0.1,,0.1,,20,相对同一阵列理想相干发射功率：10log10(P/P_ideal)，理想最佳为0 dB,-0.09456661183643322,,v1.1.1_full_three_sweeps_method_summary.csv
Cluster-DPC,-0.13604158848230127,8.957045137887787,0.1540198643415684,1.6293276356491848,v1.1.1_full_three_sweeps,frequency,10,,,10,20,相对同一阵列理想相干发射功率：10log10(P/P_ideal)，理想最佳为0 dB,-0.13604158848230127,,v1.1.1_full_three_sweeps_method_summary.csv
Cluster-KF-DPC,-0.13482296510107494,8.898201757102626,0.029738741933383155,1.6293276356491848,v1.1.1_full_three_sweeps,frequency,10,,,10,20,相对同一阵列理想相干发射功率：10log10(P/P_ideal)，理想最佳为0 dB,-0.13482296510107494,,v1.1.1_full_three_sweeps_method_summary.csv
DPC,-0.20327937446378422,12.399527722117451,0.1540198643415684,1.73170556782207,v1.1.1_full_three_sweeps,frequency,10,,,10,20,相对同一阵列理想相干发射功率：10log10(P/P_ideal)，理想最佳为0 dB,-0.20327937446378422,,v1.1.1_full_three_sweeps_method_summary.csv
No-Algorithm,-1.8371186225306695,37.00194344527241,5.195682979992946,1.73170556782207,v1.1.1_full_three_sweeps,frequency,10,,,10,20,相对同一阵列理想相干发射功率：10log10(P/P_ideal)，理想最佳为0 dB,-1.8371186225306695,,v1.1.1_full_three_sweeps_method_summary.csv
Random,-3.9102500730402405,51.94818245150767,,,v1.1.1_full_three_sweeps,frequency,10,,,10,20,相对同一阵列理想相干发射功率：10log10(P/P_ideal)，理想最佳为0 dB,-3.9102500730402405,源表未保存或该方法不定义无人机位置RMSE；源表未保存或该方法不定义节点位置RMSE,v1.1.1_full_three_sweeps_method_summary.csv
KF-DPC,-0.032487068371413616,5.090007529599027,0.029738741933383155,0.5394641446859102,v1.1.1_full_three_sweeps,frequency,10,,,10,20,相对同一阵列理想相干发射功率：10log10(P/P_ideal)，理想最佳为0 dB,-0.032487068371413616,,v1.1.1_full_three_sweeps_method_summary.csv
Cluster-DPC,-0.49875767004885985,17.110834691560292,0.1540198643415684,1.6293276356491848,v1.1.1_full_three_sweeps,frequency,20,,,20,20,相对同一阵列理想相干发射功率：10log10(P/P_ideal)，理想最佳为0 dB,-0.49875767004885985,,v1.1.1_full_three_sweeps_method_summary.csv
Cluster-KF-DPC,-0.4937748809490549,16.987248018437246,0.029738741933383155,1.6293276356491848,v1.1.1_full_three_sweeps,frequency,20,,,20,20,相对同一阵列理想相干发射功率：10log10(P/P_ideal)，理想最佳为0 dB,-0.4937748809490549,,v1.1.1_full_three_sweeps_method_summary.csv
DPC,-0.77718926043828,24.242453797291294,0.1540198643415684,1.73170556782207,v1.1.1_full_three_sweeps,frequency,20,,,20,20,相对同一阵列理想相干发射功率：10log10(P/P_ideal)，理想最佳为0 dB,-0.77718926043828,,v1.1.1_full_three_sweeps_method_summary.csv
No-Algorithm,-3.754009131520693,51.03825366503574,5.195682979992946,1.73170556782207,v1.1.1_full_three_sweeps,frequency,20,,,20,20,相对同一阵列理想相干发射功率：10log10(P/P_ideal)，理想最佳为0 dB,-3.754009131520693,,v1.1.1_full_three_sweeps_method_summary.csv
Random,-3.9165537800656027,51.9994385247331,,,v1.1.1_full_three_sweeps,frequency,20,,,20,20,相对同一阵列理想相干发射功率：10log10(P/P_ideal)，理想最佳为0 dB,-3.9165537800656027,源表未保存或该方法不定义无人机位置RMSE；源表未保存或该方法不定义节点位置RMSE,v1.1.1_full_three_sweeps_method_summary.csv
KF-DPC,-0.09458231628742349,8.758410957725834,0.029738741933383155,0.5394641446859102,v1.1.1_full_three_sweeps,frequency,20,,,20,20,相对同一阵列理想相干发射功率：10log10(P/P_ideal)，理想最佳为0 dB,-0.09458231628742349,,v1.1.1_full_three_sweeps_method_summary.csv
Cluster-DPC,-1.0360088362077835,24.92715300274954,0.1540198643415684,1.6293276356491848,v1.1.1_full_three_sweeps,frequency,30,,,30,20,相对同一阵列理想相干发射功率：10log10(P/P_ideal)，理想最佳为0 dB,-1.0360088362077835,,v1.1.1_full_three_sweeps_method_summary.csv
Cluster-KF-DPC,-1.0255577764235877,24.748089734199684,0.029738741933383155,1.6293276356491848,v1.1.1_full_three_sweeps,frequency,30,,,30,20,相对同一阵列理想相干发射功率：10log10(P/P_ideal)，理想最佳为0 dB,-1.0255577764235877,,v1.1.1_full_three_sweeps_method_summary.csv
DPC,-1.6796830954141273,35.448042576071686,0.1540198643415684,1.73170556782207,v1.1.1_full_three_sweeps,frequency,30,,,30,20,相对同一阵列理想相干发射功率：10log10(P/P_ideal)，理想最佳为0 dB,-1.6796830954141273,,v1.1.1_full_three_sweeps_method_summary.csv
No-Algorithm,-3.917769731063508,51.95103795666118,5.195682979992946,1.73170556782207,v1.1.1_full_three_sweeps,frequency,30,,,30,20,相对同一阵列理想相干发射功率：10log10(P/P_ideal)，理想最佳为0 dB,-3.917769731063508,,v1.1.1_full_three_sweeps_method_summary.csv
Random,-3.92341792342616,51.97707081683443,,,v1.1.1_full_three_sweeps,frequency,30,,,30,20,相对同一阵列理想相干发射功率：10log10(P/P_ideal)，理想最佳为0 dB,-3.92341792342616,源表未保存或该方法不定义无人机位置RMSE；源表未保存或该方法不定义节点位置RMSE,v1.1.1_full_three_sweeps_method_summary.csv
KF-DPC,-0.19805869442886326,12.703123975136794,0.029738741933383155,0.5394641446859102,v1.1.1_full_three_sweeps,frequency,30,,,30,20,相对同一阵列理想相干发射功率：10log10(P/P_ideal)，理想最佳为0 dB,-0.19805869442886326,,v1.1.1_full_three_sweeps_method_summary.csv
Cluster-DPC,-2.218663924618498,37.383731082846126,0.1540198643415684,1.6293276356491848,v1.1.1_full_three_sweeps,frequency,50,,,50,20,相对同一阵列理想相干发射功率：10log10(P/P_ideal)，理想最佳为0 dB,-2.218663924618498,,v1.1.1_full_three_sweeps_method_summary.csv
Cluster-KF-DPC,-2.185205235194623,37.070746930893094,0.029738741933383155,1.6293276356491848,v1.1.1_full_three_sweeps,frequency,50,,,50,20,相对同一阵列理想相干发射功率：10log10(P/P_ideal)，理想最佳为0 dB,-2.185205235194623,,v1.1.1_full_three_sweeps_method_summary.csv
DPC,-3.3101080868778787,48.38867925947233,0.1540198643415684,1.73170556782207,v1.1.1_full_three_sweeps,frequency,50,,,50,20,相对同一阵列理想相干发射功率：10log10(P/P_ideal)，理想最佳为0 dB,-3.3101080868778787,,v1.1.1_full_three_sweeps_method_summary.csv
No-Algorithm,-3.9121984978205635,51.93937223526151,5.195682979992946,1.73170556782207,v1.1.1_full_three_sweeps,frequency,50,,,50,20,相对同一阵列理想相干发射功率：10log10(P/P_ideal)，理想最佳为0 dB,-3.9121984978205635,,v1.1.1_full_three_sweeps_method_summary.csv
Random,-3.9213598288922054,51.975176375091316,,,v1.1.1_full_three_sweeps,frequency,50,,,50,20,相对同一阵列理想相干发射功率：10log10(P/P_ideal)，理想最佳为0 dB,-3.9213598288922054,源表未保存或该方法不定义无人机位置RMSE；源表未保存或该方法不定义节点位置RMSE,v1.1.1_full_three_sweeps_method_summary.csv
KF-DPC,-0.5288077025930435,20.78995898931278,0.029738741933383155,0.5394641446859102,v1.1.1_full_three_sweeps,frequency,50,,,50,20,相对同一阵列理想相干发射功率：10log10(P/P_ideal)，理想最佳为0 dB,-0.5288077025930435,,v1.1.1_full_three_sweeps_method_summary.csv
Cluster-DPC,-3.3407767212295685,47.244370992687806,0.1540198643415684,1.6293276356491848,v1.1.1_full_three_sweeps,frequency,80,,,80,20,相对同一阵列理想相干发射功率：10log10(P/P_ideal)，理想最佳为0 dB,-3.3407767212295685,,v1.1.1_full_three_sweeps_method_summary.csv
Cluster-KF-DPC,-3.314543102016407,47.01171695994178,0.029738741933383155,1.6293276356491848,v1.1.1_full_three_sweeps,frequency,80,,,80,20,相对同一阵列理想相干发射功率：10log10(P/P_ideal)，理想最佳为0 dB,-3.314543102016407,,v1.1.1_full_three_sweeps_method_summary.csv
DPC,-3.893443009898008,51.84601670958858,0.1540198643415684,1.73170556782207,v1.1.1_full_three_sweeps,frequency,80,,,80,20,相对同一阵列理想相干发射功率：10log10(P/P_ideal)，理想最佳为0 dB,-3.893443009898008,,v1.1.1_full_three_sweeps_method_summary.csv
No-Algorithm,-3.9150479255273183,51.974358791642416,5.195682979992946,1.73170556782207,v1.1.1_full_three_sweeps,frequency,80,,,80,20,相对同一阵列理想相干发射功率：10log10(P/P_ideal)，理想最佳为0 dB,-3.9150479255273183,,v1.1.1_full_three_sweeps_method_summary.csv
Random,-3.917353241113069,51.96042851001717,,,v1.1.1_full_three_sweeps,frequency,80,,,80,20,相对同一阵列理想相干发射功率：10log10(P/P_ideal)，理想最佳为0 dB,-3.917353241113069,源表未保存或该方法不定义无人机位置RMSE；源表未保存或该方法不定义节点位置RMSE,v1.1.1_full_three_sweeps_method_summary.csv
KF-DPC,-1.3127551126675352,32.66374474120808,0.029738741933383155,0.5394641446859102,v1.1.1_full_three_sweeps,frequency,80,,,80,20,相对同一阵列理想相干发射功率：10log10(P/P_ideal)，理想最佳为0 dB,-1.3127551126675352,,v1.1.1_full_three_sweeps_method_summary.csv
Cluster-DPC,-3.6790662494703295,49.99855660342121,0.1540198643415684,1.6293276356491848,v1.1.1_full_three_sweeps,frequency,100,,,100,20,相对同一阵列理想相干发射功率：10log10(P/P_ideal)，理想最佳为0 dB,-3.6790662494703295,,v1.1.1_full_three_sweeps_method_summary.csv
Cluster-KF-DPC,-3.668876404388348,49.879289920800794,0.029738741933383155,1.6293276356491848,v1.1.1_full_three_sweeps,frequency,100,,,100,20,相对同一阵列理想相干发射功率：10log10(P/P_ideal)，理想最佳为0 dB,-3.668876404388348,,v1.1.1_full_three_sweeps_method_summary.csv
DPC,-3.9057456280059344,51.909238046319516,0.1540198643415684,1.73170556782207,v1.1.1_full_three_sweeps,frequency,100,,,100,20,相对同一阵列理想相干发射功率：10log10(P/P_ideal)，理想最佳为0 dB,-3.9057456280059344,,v1.1.1_full_three_sweeps_method_summary.csv
No-Algorithm,-3.9111516214097213,51.94516556744988,5.195682979992946,1.73170556782207,v1.1.1_full_three_sweeps,frequency,100,,,100,20,相对同一阵列理想相干发射功率：10log10(P/P_ideal)，理想最佳为0 dB,-3.9111516214097213,,v1.1.1_full_three_sweeps_method_summary.csv
Random,-3.9104001330239186,51.92929883326923,,,v1.1.1_full_three_sweeps,frequency,100,,,100,20,相对同一阵列理想相干发射功率：10log10(P/P_ideal)，理想最佳为0 dB,-3.9104001330239186,源表未保存或该方法不定义无人机位置RMSE；源表未保存或该方法不定义节点位置RMSE,v1.1.1_full_three_sweeps_method_summary.csv
KF-DPC,-1.9376633387365152,39.26964870872005,0.029738741933383155,0.5394641446859102,v1.1.1_full_three_sweeps,frequency,100,,,100,20,相对同一阵列理想相干发射功率：10log10(P/P_ideal)，理想最佳为0 dB,-1.9376633387365152,,v1.1.1_full_three_sweeps_method_summary.csv
Cluster-DPC,-3.9093151002492643,51.852214633644294,0.1540198643415684,1.6293276356491848,v1.1.1_full_three_sweeps,frequency,150,,,150,20,相对同一阵列理想相干发射功率：10log10(P/P_ideal)，理想最佳为0 dB,-3.9093151002492643,,v1.1.1_full_three_sweeps_method_summary.csv
Cluster-KF-DPC,-3.8980772126939804,51.81609837798165,0.029738741933383155,1.6293276356491848,v1.1.1_full_three_sweeps,frequency,150,,,150,20,相对同一阵列理想相干发射功率：10log10(P/P_ideal)，理想最佳为0 dB,-3.8980772126939804,,v1.1.1_full_three_sweeps_method_summary.csv
DPC,-3.9152079885231568,51.96650797365595,0.1540198643415684,1.73170556782207,v1.1.1_full_three_sweeps,frequency,150,,,150,20,相对同一阵列理想相干发射功率：10log10(P/P_ideal)，理想最佳为0 dB,-3.9152079885231568,,v1.1.1_full_three_sweeps_method_summary.csv
No-Algorithm,-3.9101363915509473,51.937554993466776,5.195682979992946,1.73170556782207,v1.1.1_full_three_sweeps,frequency,150,,,150,20,相对同一阵列理想相干发射功率：10log10(P/P_ideal)，理想最佳为0 dB,-3.9101363915509473,,v1.1.1_full_three_sweeps_method_summary.csv
Random,-3.91720373494529,51.96472698449319,,,v1.1.1_full_three_sweeps,frequency,150,,,150,20,相对同一阵列理想相干发射功率：10log10(P/P_ideal)，理想最佳为0 dB,-3.91720373494529,源表未保存或该方法不定义无人机位置RMSE；源表未保存或该方法不定义节点位置RMSE,v1.1.1_full_three_sweeps_method_summary.csv
KF-DPC,-3.188521757338884,48.58609002519041,0.029738741933383155,0.5394641446859102,v1.1.1_full_three_sweeps,frequency,150,,,150,20,相对同一阵列理想相干发射功率：10log10(P/P_ideal)，理想最佳为0 dB,-3.188521757338884,,v1.1.1_full_three_sweeps_method_summary.csv
Cluster-DPC,,49.575966324085506,0.38178766228857175,8.110914146023559,v1.1.1_full_three_sweeps,node_count,20,20,,,20,"相对平均单节点理想发射功率：10log10(P/P_single,mean)",-3.3883706215649747,源表未保存相对平均单节点理想发射的功率增益；未用阵列归一化功率替代,v1.1.1_full_three_sweeps_method_summary.csv
Cluster-KF-DPC,,49.56206246079199,0.21678187336643587,8.110914146023559,v1.1.1_full_three_sweeps,node_count,20,20,,,20,"相对平均单节点理想发射功率：10log10(P/P_single,mean)",-3.3547042491552532,源表未保存相对平均单节点理想发射的功率增益；未用阵列归一化功率替代,v1.1.1_full_three_sweeps_method_summary.csv
DPC,,24.433018475916832,0.38178766228857175,1.7289118868808007,v1.1.1_full_three_sweeps,node_count,20,20,,,20,"相对平均单节点理想发射功率：10log10(P/P_single,mean)",-0.756500006284448,源表未保存相对平均单节点理想发射的功率增益；未用阵列归一化功率替代,v1.1.1_full_three_sweeps_method_summary.csv
No-Algorithm,,50.478990187330055,5.185409964910807,1.7289118868808007,v1.1.1_full_three_sweeps,node_count,20,20,,,20,"相对平均单节点理想发射功率：10log10(P/P_single,mean)",-3.365502534248837,源表未保存相对平均单节点理想发射的功率增益；未用阵列归一化功率替代,v1.1.1_full_three_sweeps_method_summary.csv
Random,,51.89971198272076,,,v1.1.1_full_three_sweeps,node_count,20,20,,,20,"相对平均单节点理想发射功率：10log10(P/P_single,mean)",-3.62658107022354,源表未保存相对平均单节点理想发射的功率增益；未用阵列归一化功率替代；源表未保存或该方法不定义无人机位置RMSE；源表未保存或该方法不定义节点位置RMSE,v1.1.1_full_three_sweeps_method_summary.csv
KF-DPC,,8.995439646847531,0.21678187336643587,0.5326396938032106,v1.1.1_full_three_sweeps,node_count,20,20,,,20,"相对平均单节点理想发射功率：10log10(P/P_single,mean)",-0.0941621457107954,源表未保存相对平均单节点理想发射的功率增益；未用阵列归一化功率替代,v1.1.1_full_three_sweeps_method_summary.csv
Cluster-DPC,,49.59033223132799,0.37734954490987005,8.200059451049716,v1.1.1_full_three_sweeps,node_count,30,30,,,20,"相对平均单节点理想发射功率：10log10(P/P_single,mean)",-3.4373229573620816,源表未保存相对平均单节点理想发射的功率增益；未用阵列归一化功率替代,v1.1.1_full_three_sweeps_method_summary.csv
Cluster-KF-DPC,,49.4950969459749,0.2177171439373713,8.200059451049716,v1.1.1_full_three_sweeps,node_count,30,30,,,20,"相对平均单节点理想发射功率：10log10(P/P_single,mean)",-3.431124588002339,源表未保存相对平均单节点理想发射的功率增益；未用阵列归一化功率替代,v1.1.1_full_three_sweeps_method_summary.csv
DPC,,24.48133468061102,0.37734954490987005,1.7239423931963611,v1.1.1_full_three_sweeps,node_count,30,30,,,20,"相对平均单节点理想发射功率：10log10(P/P_single,mean)",-0.7632200087061711,源表未保存相对平均单节点理想发射的功率增益；未用阵列归一化功率替代,v1.1.1_full_three_sweeps_method_summary.csv
No-Algorithm,,50.6872998723678,5.180620406501022,1.7239423931963611,v1.1.1_full_three_sweeps,node_count,30,30,,,20,"相对平均单节点理想发射功率：10log10(P/P_single,mean)",-3.481133506197473,源表未保存相对平均单节点理想发射的功率增益；未用阵列归一化功率替代,v1.1.1_full_three_sweeps_method_summary.csv
Random,,52.094895768014496,,,v1.1.1_full_three_sweeps,node_count,30,30,,,20,"相对平均单节点理想发射功率：10log10(P/P_single,mean)",-3.682539321473504,源表未保存相对平均单节点理想发射的功率增益；未用阵列归一化功率替代；源表未保存或该方法不定义无人机位置RMSE；源表未保存或该方法不定义节点位置RMSE,v1.1.1_full_three_sweeps_method_summary.csv
KF-DPC,,9.111913229388447,0.2177171439373713,0.5330633063923609,v1.1.1_full_three_sweeps,node_count,30,30,,,20,"相对平均单节点理想发射功率：10log10(P/P_single,mean)",-0.09895768634254204,源表未保存相对平均单节点理想发射的功率增益；未用阵列归一化功率替代,v1.1.1_full_three_sweeps_method_summary.csv
Cluster-DPC,,48.942209178417805,0.3642576894802849,7.723711005304176,v1.1.1_full_three_sweeps,node_count,50,50,,,20,"相对平均单节点理想发射功率：10log10(P/P_single,mean)",-3.4796944283361726,源表未保存相对平均单节点理想发射的功率增益；未用阵列归一化功率替代,v1.1.1_full_three_sweeps_method_summary.csv
Cluster-KF-DPC,,48.94855511765139,0.18068384403671495,7.723711005304176,v1.1.1_full_three_sweeps,node_count,50,50,,,20,"相对平均单节点理想发射功率：10log10(P/P_single,mean)",-3.4745915485368855,源表未保存相对平均单节点理想发射的功率增益；未用阵列归一化功率替代,v1.1.1_full_three_sweeps_method_summary.csv
DPC,,24.55756812659864,0.3642576894802849,1.729077063755284,v1.1.1_full_three_sweeps,node_count,50,50,,,20,"相对平均单节点理想发射功率：10log10(P/P_single,mean)",-0.7805761995793637,源表未保存相对平均单节点理想发射的功率增益；未用阵列归一化功率替代,v1.1.1_full_three_sweeps_method_summary.csv
No-Algorithm,,50.75888824620445,5.1898247070599615,1.729077063755284,v1.1.1_full_three_sweeps,node_count,50,50,,,20,"相对平均单节点理想发射功率：10log10(P/P_single,mean)",-3.593281844403844,源表未保存相对平均单节点理想发射的功率增益；未用阵列归一化功率替代,v1.1.1_full_three_sweeps_method_summary.csv
Random,,51.90736784449649,,,v1.1.1_full_three_sweeps,node_count,50,50,,,20,"相对平均单节点理想发射功率：10log10(P/P_single,mean)",-3.778334595196357,源表未保存相对平均单节点理想发射的功率增益；未用阵列归一化功率替代；源表未保存或该方法不定义无人机位置RMSE；源表未保存或该方法不定义节点位置RMSE,v1.1.1_full_three_sweeps_method_summary.csv
KF-DPC,,8.927432710685801,0.18068384403671495,0.5372498788940121,v1.1.1_full_three_sweeps,node_count,50,50,,,20,"相对平均单节点理想发射功率：10log10(P/P_single,mean)",-0.09252497974692798,源表未保存相对平均单节点理想发射的功率增益；未用阵列归一化功率替代,v1.1.1_full_three_sweeps_method_summary.csv
Cluster-DPC,,45.19324407000052,0.34305986158831153,6.573109842109366,v1.1.1_full_three_sweeps,node_count,75,75,,,20,"相对平均单节点理想发射功率：10log10(P/P_single,mean)",-3.00939188731302,源表未保存相对平均单节点理想发射的功率增益；未用阵列归一化功率替代,v1.1.1_full_three_sweeps_method_summary.csv
Cluster-KF-DPC,,45.029833644531706,0.12576710369075267,6.573109842109366,v1.1.1_full_three_sweeps,node_count,75,75,,,20,"相对平均单节点理想发射功率：10log10(P/P_single,mean)",-2.9744733128343848,源表未保存相对平均单节点理想发射的功率增益；未用阵列归一化功率替代,v1.1.1_full_three_sweeps_method_summary.csv
DPC,,24.565748465937496,0.34305986158831153,1.732673241749303,v1.1.1_full_three_sweeps,node_count,75,75,,,20,"相对平均单节点理想发射功率：10log10(P/P_single,mean)",-0.7929752896537554,源表未保存相对平均单节点理想发射的功率增益；未用阵列归一化功率替代,v1.1.1_full_three_sweeps_method_summary.csv
No-Algorithm,,51.12970727183822,5.2097417094303236,1.732673241749303,v1.1.1_full_three_sweeps,node_count,75,75,,,20,"相对平均单节点理想发射功率：10log10(P/P_single,mean)",-3.696037025977707,源表未保存相对平均单节点理想发射的功率增益；未用阵列归一化功率替代,v1.1.1_full_three_sweeps_method_summary.csv
Random,,52.17396919170106,,,v1.1.1_full_three_sweeps,node_count,75,75,,,20,"相对平均单节点理想发射功率：10log10(P/P_single,mean)",-3.870927401434938,源表未保存相对平均单节点理想发射的功率增益；未用阵列归一化功率替代；源表未保存或该方法不定义无人机位置RMSE；源表未保存或该方法不定义节点位置RMSE,v1.1.1_full_three_sweeps_method_summary.csv
KF-DPC,,8.871598650151224,0.12576710369075267,0.5401918303513928,v1.1.1_full_three_sweeps,node_count,75,75,,,20,"相对平均单节点理想发射功率：10log10(P/P_single,mean)",-0.09474629767582354,源表未保存相对平均单节点理想发射的功率增益；未用阵列归一化功率替代,v1.1.1_full_three_sweeps_method_summary.csv
Cluster-DPC,,43.246292846901966,0.32446355487466844,5.6977735965197365,v1.1.1_full_three_sweeps,node_count,100,100,,,20,"相对平均单节点理想发射功率：10log10(P/P_single,mean)",-2.777141229002945,源表未保存相对平均单节点理想发射的功率增益；未用阵列归一化功率替代,v1.1.1_full_three_sweeps_method_summary.csv
Cluster-KF-DPC,,43.08331712614499,0.11715480436519805,5.6977735965197365,v1.1.1_full_three_sweeps,node_count,100,100,,,20,"相对平均单节点理想发射功率：10log10(P/P_single,mean)",-2.744571071274755,源表未保存相对平均单节点理想发射的功率增益；未用阵列归一化功率替代,v1.1.1_full_three_sweeps_method_summary.csv
DPC,,24.475839465953122,0.32446355487466844,1.7290543537272747,v1.1.1_full_three_sweeps,node_count,100,100,,,20,"相对平均单节点理想发射功率：10log10(P/P_single,mean)",-0.7826221634686978,源表未保存相对平均单节点理想发射的功率增益；未用阵列归一化功率替代,v1.1.1_full_three_sweeps_method_summary.csv
No-Algorithm,,51.017019624416385,5.213398278963497,1.7290543537272747,v1.1.1_full_three_sweeps,node_count,100,100,,,20,"相对平均单节点理想发射功率：10log10(P/P_single,mean)",-3.6768629038373795,源表未保存相对平均单节点理想发射的功率增益；未用阵列归一化功率替代,v1.1.1_full_three_sweeps_method_summary.csv
Random,,52.256059674526725,,,v1.1.1_full_three_sweeps,node_count,100,100,,,20,"相对平均单节点理想发射功率：10log10(P/P_single,mean)",-3.9263712308729684,源表未保存相对平均单节点理想发射的功率增益；未用阵列归一化功率替代；源表未保存或该方法不定义无人机位置RMSE；源表未保存或该方法不定义节点位置RMSE,v1.1.1_full_three_sweeps_method_summary.csv
KF-DPC,,8.781221456411913,0.11715480436519805,0.5324997367254543,v1.1.1_full_three_sweeps,node_count,100,100,,,20,"相对平均单节点理想发射功率：10log10(P/P_single,mean)",-0.09405103253707374,源表未保存相对平均单节点理想发射的功率增益；未用阵列归一化功率替代,v1.1.1_full_three_sweeps_method_summary.csv
Cluster-DPC,,38.15311920175921,0.30349483998137256,4.507959819951813,v1.1.1_full_three_sweeps,node_count,150,150,,,20,"相对平均单节点理想发射功率：10log10(P/P_single,mean)",-2.2343704747193973,源表未保存相对平均单节点理想发射的功率增益；未用阵列归一化功率替代,v1.1.1_full_three_sweeps_method_summary.csv
Cluster-KF-DPC,,38.04764790319286,0.08989863359976646,4.507959819951813,v1.1.1_full_three_sweeps,node_count,150,150,,,20,"相对平均单节点理想发射功率：10log10(P/P_single,mean)",-2.2227423520757736,源表未保存相对平均单节点理想发射的功率增益；未用阵列归一化功率替代,v1.1.1_full_three_sweeps_method_summary.csv
DPC,,24.46832746935521,0.30349483998137256,1.7323855421497742,v1.1.1_full_three_sweeps,node_count,150,150,,,20,"相对平均单节点理想发射功率：10log10(P/P_single,mean)",-0.7864075664440927,源表未保存相对平均单节点理想发射的功率增益；未用阵列归一化功率替代,v1.1.1_full_three_sweeps_method_summary.csv
No-Algorithm,,51.11480616247523,5.190770442801921,1.7323855421497742,v1.1.1_full_three_sweeps,node_count,150,150,,,20,"相对平均单节点理想发射功率：10log10(P/P_single,mean)",-3.72339133068015,源表未保存相对平均单节点理想发射的功率增益；未用阵列归一化功率替代,v1.1.1_full_three_sweeps_method_summary.csv
Random,,51.79697716981351,,,v1.1.1_full_three_sweeps,node_count,150,150,,,20,"相对平均单节点理想发射功率：10log10(P/P_single,mean)",-3.8452709155072586,源表未保存相对平均单节点理想发射的功率增益；未用阵列归一化功率替代；源表未保存或该方法不定义无人机位置RMSE；源表未保存或该方法不定义节点位置RMSE,v1.1.1_full_three_sweeps_method_summary.csv
KF-DPC,,8.761877157930552,0.08989863359976646,0.5371352507793237,v1.1.1_full_three_sweeps,node_count,150,150,,,20,"相对平均单节点理想发射功率：10log10(P/P_single,mean)",-0.09472654469928815,源表未保存相对平均单节点理想发射的功率增益；未用阵列归一化功率替代,v1.1.1_full_three_sweeps_method_summary.csv
Cluster-DPC,,34.260694070773795,0.27700716725836544,3.935216498487594,v1.1.1_full_three_sweeps,node_count,200,200,,,20,"相对平均单节点理想发射功率：10log10(P/P_single,mean)",-1.8588103757346277,源表未保存相对平均单节点理想发射的功率增益；未用阵列归一化功率替代,v1.1.1_full_three_sweeps_method_summary.csv
Cluster-KF-DPC,,34.110351692021496,0.07433423390337403,3.935216498487594,v1.1.1_full_three_sweeps,node_count,200,200,,,20,"相对平均单节点理想发射功率：10log10(P/P_single,mean)",-1.8445850954789325,源表未保存相对平均单节点理想发射的功率增益；未用阵列归一化功率替代,v1.1.1_full_three_sweeps_method_summary.csv
DPC,,24.405150113088837,0.27700716725836544,1.731892995420275,v1.1.1_full_three_sweeps,node_count,200,200,,,20,"相对平均单节点理想发射功率：10log10(P/P_single,mean)",-0.784515548036665,源表未保存相对平均单节点理想发射的功率增益；未用阵列归一化功率替代,v1.1.1_full_three_sweeps_method_summary.csv
No-Algorithm,,50.97534361885214,5.1942264155119915,1.731892995420275,v1.1.1_full_three_sweeps,node_count,200,200,,,20,"相对平均单节点理想发射功率：10log10(P/P_single,mean)",-3.7129754814935225,源表未保存相对平均单节点理想发射的功率增益；未用阵列归一化功率替代,v1.1.1_full_three_sweeps_method_summary.csv
Random,,51.681345910512434,,,v1.1.1_full_three_sweeps,node_count,200,200,,,20,"相对平均单节点理想发射功率：10log10(P/P_single,mean)",-3.822119370796498,源表未保存相对平均单节点理想发射的功率增益；未用阵列归一化功率替代；源表未保存或该方法不定义无人机位置RMSE；源表未保存或该方法不定义节点位置RMSE,v1.1.1_full_three_sweeps_method_summary.csv
KF-DPC,,8.723882255436854,0.07433423390337403,0.5351691110973447,v1.1.1_full_three_sweeps,node_count,200,200,,,20,"相对平均单节点理想发射功率：10log10(P/P_single,mean)",-0.09288693896491056,源表未保存相对平均单节点理想发射的功率增益；未用阵列归一化功率替代,v1.1.1_full_three_sweeps_method_summary.csv
Cluster-DPC,,29.490989824110834,0.24690409000586877,3.19158400350518,v1.1.1_full_three_sweeps,node_count,300,300,,,20,"相对平均单节点理想发射功率：10log10(P/P_single,mean)",-1.4226385811836408,源表未保存相对平均单节点理想发射的功率增益；未用阵列归一化功率替代,v1.1.1_full_three_sweeps_method_summary.csv
Cluster-KF-DPC,,29.401063746510243,0.06258053189388765,3.19158400350518,v1.1.1_full_three_sweeps,node_count,300,300,,,20,"相对平均单节点理想发射功率：10log10(P/P_single,mean)",-1.4159587994849265,源表未保存相对平均单节点理想发射的功率增益；未用阵列归一化功率替代,v1.1.1_full_three_sweeps_method_summary.csv
DPC,,24.388250355658176,0.24690409000586877,1.7314804429123243,v1.1.1_full_three_sweeps,node_count,300,300,,,20,"相对平均单节点理想发射功率：10log10(P/P_single,mean)",-0.7825420955827063,源表未保存相对平均单节点理想发射的功率增益；未用阵列归一化功率替代,v1.1.1_full_three_sweeps_method_summary.csv
No-Algorithm,,51.0002666349571,5.201891246849931,1.7314804429123243,v1.1.1_full_three_sweeps,node_count,300,300,,,20,"相对平均单节点理想发射功率：10log10(P/P_single,mean)",-3.73654462736213,源表未保存相对平均单节点理想发射的功率增益；未用阵列归一化功率替代,v1.1.1_full_three_sweeps_method_summary.csv
Random,,51.93858031776254,,,v1.1.1_full_three_sweeps,node_count,300,300,,,20,"相对平均单节点理想发射功率：10log10(P/P_single,mean)",-3.8904247468536166,源表未保存相对平均单节点理想发射的功率增益；未用阵列归一化功率替代；源表未保存或该方法不定义无人机位置RMSE；源表未保存或该方法不定义节点位置RMSE,v1.1.1_full_three_sweeps_method_summary.csv
KF-DPC,,8.781622662455563,0.06258053189388765,0.5394659405051181,v1.1.1_full_three_sweeps,node_count,300,300,,,20,"相对平均单节点理想发射功率：10log10(P/P_single,mean)",-0.09403535389723103,源表未保存相对平均单节点理想发射的功率增益；未用阵列归一化功率替代,v1.1.1_full_three_sweeps_method_summary.csv
Cluster-DPC,,24.90076106260422,0.2014040973354147,2.5055270387149875,v1.1.1_full_three_sweeps,node_count,500,500,,,20,"相对平均单节点理想发射功率：10log10(P/P_single,mean)",-1.049487288306132,源表未保存相对平均单节点理想发射的功率增益；未用阵列归一化功率替代,v1.1.1_full_three_sweeps_method_summary.csv
Cluster-KF-DPC,,24.753153305293534,0.034525606028611724,2.5055270387149875,v1.1.1_full_three_sweeps,node_count,500,500,,,20,"相对平均单节点理想发射功率：10log10(P/P_single,mean)",-1.0377645357026635,源表未保存相对平均单节点理想发射的功率增益；未用阵列归一化功率替代,v1.1.1_full_three_sweeps_method_summary.csv
DPC,,24.321304592235855,0.2014040973354147,1.7307981991312733,v1.1.1_full_three_sweeps,node_count,500,500,,,20,"相对平均单节点理想发射功率：10log10(P/P_single,mean)",-0.7818704852842285,源表未保存相对平均单节点理想发射的功率增益；未用阵列归一化功率替代,v1.1.1_full_three_sweeps_method_summary.csv
No-Algorithm,,50.99795796737743,5.19023270122734,1.7307981991312733,v1.1.1_full_three_sweeps,node_count,500,500,,,20,"相对平均单节点理想发射功率：10log10(P/P_single,mean)",-3.7382892569022728,源表未保存相对平均单节点理想发射的功率增益；未用阵列归一化功率替代,v1.1.1_full_three_sweeps_method_summary.csv
Random,,51.95484202667957,,,v1.1.1_full_three_sweeps,node_count,500,500,,,20,"相对平均单节点理想发射功率：10log10(P/P_single,mean)",-3.9065398403111127,源表未保存相对平均单节点理想发射的功率增益；未用阵列归一化功率替代；源表未保存或该方法不定义无人机位置RMSE；源表未保存或该方法不定义节点位置RMSE,v1.1.1_full_three_sweeps_method_summary.csv
KF-DPC,,8.725870647469907,0.034525606028611724,0.537493990104381,v1.1.1_full_three_sweeps,node_count,500,500,,,20,"相对平均单节点理想发射功率：10log10(P/P_single,mean)",-0.09447346267907339,源表未保存相对平均单节点理想发射的功率增益；未用阵列归一化功率替代,v1.1.1_full_three_sweeps_method_summary.csv
Cluster-DPC,,17.110834691560292,0.1540198643415684,1.6293276356491848,v1.1.1_full_three_sweeps,node_count,1000,1000,,,20,"相对平均单节点理想发射功率：10log10(P/P_single,mean)",-0.49875767004885985,源表未保存相对平均单节点理想发射的功率增益；未用阵列归一化功率替代,v1.1.1_full_three_sweeps_method_summary.csv
Cluster-KF-DPC,,16.987248018437246,0.029738741933383155,1.6293276356491848,v1.1.1_full_three_sweeps,node_count,1000,1000,,,20,"相对平均单节点理想发射功率：10log10(P/P_single,mean)",-0.4937748809490549,源表未保存相对平均单节点理想发射的功率增益；未用阵列归一化功率替代,v1.1.1_full_three_sweeps_method_summary.csv
DPC,,24.242453797291294,0.1540198643415684,1.73170556782207,v1.1.1_full_three_sweeps,node_count,1000,1000,,,20,"相对平均单节点理想发射功率：10log10(P/P_single,mean)",-0.77718926043828,源表未保存相对平均单节点理想发射的功率增益；未用阵列归一化功率替代,v1.1.1_full_three_sweeps_method_summary.csv
No-Algorithm,,51.03825366503574,5.195682979992946,1.73170556782207,v1.1.1_full_three_sweeps,node_count,1000,1000,,,20,"相对平均单节点理想发射功率：10log10(P/P_single,mean)",-3.754009131520693,源表未保存相对平均单节点理想发射的功率增益；未用阵列归一化功率替代,v1.1.1_full_three_sweeps_method_summary.csv
Random,,51.9994385247331,,,v1.1.1_full_three_sweeps,node_count,1000,1000,,,20,"相对平均单节点理想发射功率：10log10(P/P_single,mean)",-3.9165537800656027,源表未保存相对平均单节点理想发射的功率增益；未用阵列归一化功率替代；源表未保存或该方法不定义无人机位置RMSE；源表未保存或该方法不定义节点位置RMSE,v1.1.1_full_three_sweeps_method_summary.csv
KF-DPC,,8.758410957725834,0.029738741933383155,0.5394641446859102,v1.1.1_full_three_sweeps,node_count,1000,1000,,,20,"相对平均单节点理想发射功率：10log10(P/P_single,mean)",-0.09458231628742349,源表未保存相对平均单节点理想发射的功率增益；未用阵列归一化功率替代,v1.1.1_full_three_sweeps_method_summary.csv
Cluster-DPC,,14.785322145943008,0.12694149460683382,1.379654720378662,v1.1.1_full_three_sweeps,node_count,1500,1500,,,20,"相对平均单节点理想发射功率：10log10(P/P_single,mean)",-0.3698843346364739,源表未保存相对平均单节点理想发射的功率增益；未用阵列归一化功率替代,v1.1.1_full_three_sweeps_method_summary.csv
Cluster-KF-DPC,,14.687126673173378,0.020592264264394023,1.379654720378662,v1.1.1_full_three_sweeps,node_count,1500,1500,,,20,"相对平均单节点理想发射功率：10log10(P/P_single,mean)",-0.3663814836717349,源表未保存相对平均单节点理想发射的功率增益；未用阵列归一化功率替代,v1.1.1_full_three_sweeps_method_summary.csv
DPC,,24.233007437049558,0.12694149460683382,1.7314330697670761,v1.1.1_full_three_sweeps,node_count,1500,1500,,,20,"相对平均单节点理想发射功率：10log10(P/P_single,mean)",-0.7761820945694233,源表未保存相对平均单节点理想发射的功率增益；未用阵列归一化功率替代,v1.1.1_full_three_sweeps_method_summary.csv
No-Algorithm,,51.01499466513189,5.197137621074402,1.7314330697670761,v1.1.1_full_three_sweeps,node_count,1500,1500,,,20,"相对平均单节点理想发射功率：10log10(P/P_single,mean)",-3.746972586386432,源表未保存相对平均单节点理想发射的功率增益；未用阵列归一化功率替代,v1.1.1_full_three_sweeps_method_summary.csv
Random,,51.995799712996515,,,v1.1.1_full_three_sweeps,node_count,1500,1500,,,20,"相对平均单节点理想发射功率：10log10(P/P_single,mean)",-3.9250153774150345,源表未保存相对平均单节点理想发射的功率增益；未用阵列归一化功率替代；源表未保存或该方法不定义无人机位置RMSE；源表未保存或该方法不定义节点位置RMSE,v1.1.1_full_three_sweeps_method_summary.csv
KF-DPC,,8.737622376797477,0.020592264264394023,0.5367092703188481,v1.1.1_full_three_sweeps,node_count,1500,1500,,,20,"相对平均单节点理想发射功率：10log10(P/P_single,mean)",-0.09407081075229351,源表未保存相对平均单节点理想发射的功率增益；未用阵列归一化功率替代,v1.1.1_full_three_sweeps_method_summary.csv
Cluster-DPC,,12.908699643552973,0.11147122323527743,1.1944384501256315,v1.1.1_full_three_sweeps,node_count,2000,2000,,,20,"相对平均单节点理想发射功率：10log10(P/P_single,mean)",-0.28623340930839103,源表未保存相对平均单节点理想发射的功率增益；未用阵列归一化功率替代,v1.1.1_full_three_sweeps_method_summary.csv
Cluster-KF-DPC,,12.820397345267002,0.017163148249387555,1.1944384501256315,v1.1.1_full_three_sweeps,node_count,2000,2000,,,20,"相对平均单节点理想发射功率：10log10(P/P_single,mean)",-0.2831337546850549,源表未保存相对平均单节点理想发射的功率增益；未用阵列归一化功率替代,v1.1.1_full_three_sweeps_method_summary.csv
DPC,,24.227236701103585,0.11147122323527743,1.7319383244327837,v1.1.1_full_three_sweeps,node_count,2000,2000,,,20,"相对平均单节点理想发射功率：10log10(P/P_single,mean)",-0.7762422366130429,源表未保存相对平均单节点理想发射的功率增益；未用阵列归一化功率替代,v1.1.1_full_three_sweeps_method_summary.csv
No-Algorithm,,50.989658293831134,5.197138912856886,1.7319383244327837,v1.1.1_full_three_sweeps,node_count,2000,2000,,,20,"相对平均单节点理想发射功率：10log10(P/P_single,mean)",-3.747848810711772,源表未保存相对平均单节点理想发射的功率增益；未用阵列归一化功率替代,v1.1.1_full_three_sweeps_method_summary.csv
Random,,51.943857722420354,,,v1.1.1_full_three_sweeps,node_count,2000,2000,,,20,"相对平均单节点理想发射功率：10log10(P/P_single,mean)",-3.9163702019700413,源表未保存相对平均单节点理想发射的功率增益；未用阵列归一化功率替代；源表未保存或该方法不定义无人机位置RMSE；源表未保存或该方法不定义节点位置RMSE,v1.1.1_full_three_sweeps_method_summary.csv
KF-DPC,,8.775824411302612,0.017163148249387555,0.5401815424650354,v1.1.1_full_three_sweeps,node_count,2000,2000,,,20,"相对平均单节点理想发射功率：10log10(P/P_single,mean)",-0.09506040588157458,源表未保存相对平均单节点理想发射的功率增益；未用阵列归一化功率替代,v1.1.1_full_three_sweeps_method_summary.csv
