factor,factor_value,factor_label,point_index,point_out_dir,method,tail_power_db,convergence_step_05db,convergence_time_s_05db,settling_step_01db_w5,settling_time_s_01db_w5,transient_deficit_mean_db,first_block_power_db,distance_rmse_convergence_step,distance_rmse_convergence_time_s
connectivity,0.0005,p=0.0005,0,D:\git\sim\outputs\sweep_n_fc_connectivity_n2000_mc20_20260831\connectivity\point_00,DPC,-0.8098037733944519,14,0.7000000000000001,57,2.85,0.20023239090606954,-1.3618756012815938,8,0.4
connectivity,0.0005,p=0.0005,0,D:\git\sim\outputs\sweep_n_fc_connectivity_n2000_mc20_20260831\connectivity\point_00,KF-DPC,-0.017842877606236242,12,0.6000000000000001,33,1.6500000000000001,0.13980644301161094,-0.4677024946773439,5,0.25
connectivity,0.001,p=0.001,1,D:\git\sim\outputs\sweep_n_fc_connectivity_n2000_mc20_20260831\connectivity\point_01,DPC,-0.8048664998248929,12,0.6000000000000001,50,2.5,0.17410967643049577,-1.2878220232756363,6,0.30000000000000004
connectivity,0.001,p=0.001,1,D:\git\sim\outputs\sweep_n_fc_connectivity_n2000_mc20_20260831\connectivity\point_01,KF-DPC,-0.016788026195964662,10,0.5,26,1.3,0.10951676046466226,-0.37961953728506775,5,0.25
connectivity,0.002,p=0.002,2,D:\git\sim\outputs\sweep_n_fc_connectivity_n2000_mc20_20260831\connectivity\point_02,DPC,-0.7978886348500827,10,0.5,41,2.0500000000000003,0.13681335132337147,-1.1813474350889421,6,0.30000000000000004
connectivity,0.002,p=0.002,2,D:\git\sim\outputs\sweep_n_fc_connectivity_n2000_mc20_20260831\connectivity\point_02,KF-DPC,-0.016436890644810756,7,0.35000000000000003,21,1.05,0.08175758524628798,-0.29101673118690197,10,0.5
connectivity,0.005,p=0.005,3,D:\git\sim\outputs\sweep_n_fc_connectivity_n2000_mc20_20260831\connectivity\point_03,DPC,-0.7877460305760821,6,0.30000000000000004,27,1.35,0.08193096310190111,-1.0213521367936007,3,0.15000000000000002
connectivity,0.005,p=0.005,3,D:\git\sim\outputs\sweep_n_fc_connectivity_n2000_mc20_20260831\connectivity\point_03,KF-DPC,-0.016300862485618142,5,0.25,15,0.75,0.05541593398630339,-0.2013849191727066,9,0.45
connectivity,0.01,p=0.01,4,D:\git\sim\outputs\sweep_n_fc_connectivity_n2000_mc20_20260831\connectivity\point_04,DPC,-0.7818151835711893,4,0.2,17,0.8500000000000001,0.048270069034183745,-0.9216121753156375,3,0.15000000000000002
connectivity,0.01,p=0.01,4,D:\git\sim\outputs\sweep_n_fc_connectivity_n2000_mc20_20260831\connectivity\point_04,KF-DPC,-0.016268058369499423,5,0.25,13,0.65,0.04418169983907435,-0.16169382011766945,9,0.45
connectivity,0.02,p=0.02,5,D:\git\sim\outputs\sweep_n_fc_connectivity_n2000_mc20_20260831\connectivity\point_05,DPC,-0.7779893349627809,4,0.2,10,0.5,0.026322261412926762,-0.8558929770582956,3,0.15000000000000002
connectivity,0.02,p=0.02,5,D:\git\sim\outputs\sweep_n_fc_connectivity_n2000_mc20_20260831\connectivity\point_05,KF-DPC,-0.01626018522622793,4,0.2,11,0.55,0.038293658853871974,-0.14068639494531796,9,0.45
connectivity,0.05,p=0.05,6,D:\git\sim\outputs\sweep_n_fc_connectivity_n2000_mc20_20260831\connectivity\point_06,DPC,-0.7752840118249326,4,0.2,4,0.2,0.011156067089675654,-0.807545320177348,3,0.15000000000000002
connectivity,0.05,p=0.05,6,D:\git\sim\outputs\sweep_n_fc_connectivity_n2000_mc20_20260831\connectivity\point_06,KF-DPC,-0.016256093057163017,4,0.2,10,0.5,0.03471532098669053,-0.12774519596582107,9,0.45
connectivity,0.1,p=0.1,7,D:\git\sim\outputs\sweep_n_fc_connectivity_n2000_mc20_20260831\connectivity\point_07,DPC,-0.7743299542916904,4,0.2,4,0.2,0.005981089579075203,-0.7901781594625257,3,0.15000000000000002
connectivity,0.1,p=0.1,7,D:\git\sim\outputs\sweep_n_fc_connectivity_n2000_mc20_20260831\connectivity\point_07,KF-DPC,-0.01625527058470866,4,0.2,10,0.5,0.03355945166292491,-0.12352635449045675,9,0.45
