factor,factor_value,factor_label,frequency_MHz,wavelength_m,N,connectivity,actual_mean_degree,uav_position_noise_m,node_position_noise_m,mc_trials,T_long,K,TL_s,Ts_s,buoy_wave_speed_mps,buoy_random_displacement_std_m,buoy_center_accumulation_ratio,no_algorithm_tail_power_db,dfpc_tail_power_db,dfpc_gain_over_no_algorithm_db,no_algorithm_tail_gain_over_single_mean_db,dfpc_tail_gain_over_single_mean_db,dfpc_tail_gain_over_single_best_db,no_algorithm_tail_phase_std_deg,no_algorithm_tail_phase_rmse_deg,dfpc_tail_phase_std_deg,dfpc_tail_phase_rmse_deg,dfpc_tail_distance_rmse_m,dfpc_tail_node_rmse_m,dfpc_tail_uav_rmse_m,dfpc_tail_uav_line_intercept_rmse_m,dfpc_tail_uav_velocity_rmse_mps,dfpc_final_power_db,dfpc_final_phase_std_deg,dfpc_final_phase_rmse_deg,dfpc_final_distance_rmse_m,kf_dfpc_tail_power_db,kf_improvement_over_dfpc_db,kf_dfpc_gain_over_single_mean_db,kf_dfpc_phase_std_deg,kf_dfpc_phase_rmse_deg,kf_dfpc_distance_rmse_m,kf_dfpc_node_rmse_m,kf_dfpc_uav_rmse_m,kf_dfpc_final_power_db,kf_dfpc_final_phase_std_deg,kf_dfpc_final_phase_rmse_deg,kf_dfpc_final_distance_rmse_m,controlled_design,target_mean_degree,point_index,point_out_dir
node_count,200.0,N=200,20.0,15.0,200,0.05,11.879499999999998,3.0,1.0,20,8,30,1.5,0.05,0.3,0.03,0.05,-3.893338433548172,-0.785545936256294,3.107792497291878,42.127261479731445,45.23505397702333,45.23505397702333,51.94490336252229,51.92096777680889,24.40063480381006,24.40134340909862,1.0092372570480723,1.7321604708900358,0.23445772299623266,0.23334566895129782,0.037879577975834924,-0.8128710154278384,24.834191755558656,24.83054022056509,1.0261651194907504,-0.017796252723943515,0.7677496835323507,46.00280366055568,3.6730588318163107,3.6956591204722646,0.08683521714251785,0.13058405983521196,0.06618211963973301,-0.01744747246593725,3.636150025419435,3.6583105817683843,0.08402956815634921,False,8.0,0,D:\git\sim\outputs\sweep_n_fc_connectivity_n2000_mc20_20260831\node_count\point_00
node_count,500.0,N=500,20.0,15.0,500,0.05,26.8224,3.0,1.0,20,8,30,1.5,0.05,0.3,0.03,0.05,-3.917421779809032,-0.7786588111710016,3.13876296863803,50.06197830691134,53.200741275549376,53.200741275549376,51.99630768885072,51.996351117888956,24.27137261201612,24.272297974474316,1.0043586751887885,1.731885473720326,0.16321794785249968,0.16319059420639706,0.0262439194303528,-0.7668643105178184,24.076205789839758,24.066942978831058,0.9963064576876407,-0.016122882699586744,0.7625359284714149,53.963277204020784,3.4928124517581445,3.506671580449645,0.08029410390165014,0.1315891428707876,0.0317660893393004,-0.015774810155998548,3.454615825109758,3.465718359579712,0.07845370091502364,False,8.0,1,D:\git\sim\outputs\sweep_n_fc_connectivity_n2000_mc20_20260831\node_count\point_01
node_count,1000.0,N=1000,20.0,15.0,1000,0.05,51.7102,3.0,1.0,20,8,30,1.5,0.05,0.3,0.03,0.05,-3.9224571452169634,-0.7761132294639257,3.146343915753038,56.07754285478303,59.223886770536076,59.223886770536076,51.990897403597806,51.99214379301312,24.22455750469878,24.22500147711777,1.0017776993532035,1.7309491958189422,0.12009386377436293,0.1208087101772612,0.019434138084300678,-0.7775415023845172,24.255638871752033,24.254361329958773,1.0043561292286678,-0.016566090721717212,0.7595471387422087,59.98343390927828,3.539296904194284,3.547286811343202,0.07894187590762862,0.13118363821740922,0.02769970729246532,-0.016308726532222328,3.5118813214532976,3.517748311181335,0.07632014588269906,False,8.0,2,D:\git\sim\outputs\sweep_n_fc_connectivity_n2000_mc20_20260831\node_count\point_02
node_count,1500.0,N=1500,20.0,15.0,1500,0.05,76.73126666666667,3.0,1.0,20,8,30,1.5,0.05,0.3,0.03,0.05,-3.9089114705669408,-0.7759090121212324,3.1330024584457092,59.61291371054668,62.745916168992395,62.745916168992395,51.9074847900145,51.9068620695146,24.22052976276947,24.2206109282142,1.0017924983720823,1.7322697628559307,0.09876794750306606,0.10007000444743674,0.01605537551132388,-0.7717217023670797,24.152585247879614,24.151575981140684,0.9984056397566958,-0.01647517984427306,0.7594338322769594,63.50535000126935,3.5296588813085195,3.5327909314180412,0.07806243089622429,0.1311038377307625,0.021236673811680123,-0.016226035692252533,3.5029915900138953,3.5059788222932213,0.07597849164644752,False,8.0,3,D:\git\sim\outputs\sweep_n_fc_connectivity_n2000_mc20_20260831\node_count\point_03
node_count,2000.0,N=2000,20.0,15.0,2000,0.05,101.68490000000001,3.0,1.0,20,8,30,1.5,0.05,0.3,0.03,0.05,-3.911936894535273,-0.7752840118249326,3.1366528827103406,62.10866301874435,65.24531590145469,65.24531590145469,51.918843309617195,51.91999958452553,24.20933299483241,24.209718145608946,1.0014398141255587,1.73180451934334,0.08643084476469298,0.08654732890593665,0.013944326619430368,-0.7724099294540975,24.170999517032865,24.172238642313225,0.9985629282169542,-0.016256093057163017,0.7590279187677694,66.00434382022246,3.5058503272617236,3.509452455588427,0.07779801151640163,0.13106687023725463,0.018408348323954802,-0.0160541266679737,3.4840300646963995,3.4876163863467537,0.07607903428076285,False,8.0,4,D:\git\sim\outputs\sweep_n_fc_connectivity_n2000_mc20_20260831\node_count\point_04
frequency,5.0,5 MHz,5.0,60.0,2000,0.05,101.68490000000001,3.0,1.0,20,8,30,1.5,0.05,0.3,0.03,0.05,-3.911614094587079,-0.05956272492623817,3.852051369660841,62.108985818692545,65.96103718835339,65.96103718835339,51.91913817983342,51.91711170640931,6.71073840225467,6.710911515252557,1.0014398141255587,1.73180451934334,0.08643084476469298,0.08654732890593665,0.013944326619430368,-0.05974213732251963,6.72144851006289,6.721932676166017,0.9985629282169542,-0.012080222319417216,0.04748250260682109,66.00851969096021,3.0221977876001582,3.022667763967372,0.07779801151640163,0.13106687023725463,0.018408348323954802,-0.0120678932137602,3.0206478226312323,3.0210884496201276,0.07607903428076285,False,,0,D:\git\sim\outputs\sweep_n_fc_connectivity_n2000_mc20_20260831\frequency\point_00
frequency,10.0,10 MHz,10.0,30.0,2000,0.05,101.68490000000001,3.0,1.0,20,8,30,1.5,0.05,0.3,0.03,0.05,-3.9156099803188344,-0.2027873883887732,3.7128225919300615,62.104989932960784,65.81781252489085,65.81781252489085,51.940515763476036,51.94057091694763,12.382509451487673,12.382723867510864,1.0014398141255587,1.73180451934334,0.08643084476469298,0.08654732890593665,0.013944326619430368,-0.2025664261607242,12.377351715135928,12.378003678848284,0.9985629282169542,-0.012899583862550908,0.18988780452622253,66.00770032941708,3.123020606538779,3.124187295348103,0.07779801151640163,0.13106687023725463,0.018408348323954802,-0.012849481413447657,3.116941499948105,3.118064511729662,0.07607903428076285,False,,1,D:\git\sim\outputs\sweep_n_fc_connectivity_n2000_mc20_20260831\frequency\point_01
frequency,20.0,20 MHz,20.0,15.0,2000,0.05,101.68490000000001,3.0,1.0,20,8,30,1.5,0.05,0.3,0.03,0.05,-3.911936894535273,-0.7752840118249326,3.1366528827103406,62.10866301874435,65.24531590145469,65.24531590145469,51.918843309617195,51.91999958452553,24.20933299483241,24.209718145608946,1.0014398141255587,1.73180451934334,0.08643084476469298,0.08654732890593665,0.013944326619430368,-0.7724099294540975,24.170999517032865,24.172238642313225,0.9985629282169542,-0.016256093057163017,0.7590279187677694,66.00434382022246,3.5058503272617236,3.509452455588427,0.07779801151640163,0.13106687023725463,0.018408348323954802,-0.0160541266679737,3.4840300646963995,3.4876163863467537,0.07607903428076285,False,,2,D:\git\sim\outputs\sweep_n_fc_connectivity_n2000_mc20_20260831\frequency\point_02
frequency,40.0,40 MHz,40.0,7.5,2000,0.05,101.68490000000001,3.0,1.0,20,8,30,1.5,0.05,0.3,0.03,0.05,-3.9187915978946393,-2.617682500317094,1.3011090975775452,62.101808315384986,63.40291741296254,63.40291741296254,51.95612718092607,51.955777106239175,43.627708783714375,43.62795396596272,1.0014398141255587,1.73180451934334,0.08643084476469298,0.08654732890593665,0.013944326619430368,-2.5981156429247463,43.482763917242266,43.48225428512343,0.9985629282169542,-0.029840152475085792,2.5878423478420083,65.99075976080454,4.74965577233213,4.759909551051862,0.07779801151640163,0.13106687023725463,0.018408348323954802,-0.029029317359807443,4.684901102463754,4.6953793343323555,0.07607903428076285,False,,3,D:\git\sim\outputs\sweep_n_fc_connectivity_n2000_mc20_20260831\frequency\point_03
frequency,80.0,80 MHz,80.0,3.75,2000,0.05,101.68490000000001,3.0,1.0,20,8,30,1.5,0.05,0.3,0.03,0.05,-3.9205889791033894,-3.8967940934160863,0.0237948856873027,62.10001093417623,62.123805819863534,62.123805819863534,51.966400735275215,51.96586892486571,51.834658833818445,51.83387771315614,1.0014398141255587,1.73180451934334,0.08643084476469298,0.08654732890593665,0.013944326619430368,-3.8824658140781336,51.75400725560807,51.752558783223684,0.9985629282169542,-0.08449081511783947,3.8123032782982467,65.93610909816178,7.991636515550742,8.015803589746382,0.07779801151640163,0.13106687023725463,0.018408348323954802,-0.0812430021416709,7.837180328620336,7.862257060534572,0.07607903428076285,False,,4,D:\git\sim\outputs\sweep_n_fc_connectivity_n2000_mc20_20260831\frequency\point_04
connectivity,0.0005,p=0.0005,20.0,15.0,2000,0.0005,3.0025500000000003,3.0,1.0,20,8,30,1.5,0.05,0.3,0.03,0.05,-3.911936894535273,-0.8098037733944519,3.102133121140821,62.10866301874435,65.21079613988518,65.21079613988518,51.918843309617195,51.91999958452553,24.741710899425282,24.74188660854564,1.0238674822634917,1.73180451934334,0.37607139893598845,0.37578970180199844,0.06065784799893,-0.8028796564216625,24.64326493615055,24.643438105577918,1.0185052494333016,-0.017842877606236242,0.7919608957882153,66.00275703567338,3.6727703524936586,3.6759859179371532,0.08940095405814175,0.13106687023725463,0.07621274696258319,-0.017268100186472915,3.613408710270354,3.6166449600081614,0.08536806623876356,False,,0,D:\git\sim\outputs\sweep_n_fc_connectivity_n2000_mc20_20260831\connectivity\point_00
connectivity,0.001,p=0.001,20.0,15.0,2000,0.001,4.0046,3.0,1.0,20,8,30,1.5,0.05,0.3,0.03,0.05,-3.911936894535273,-0.8048664998248929,3.10707039471038,62.10866301874435,65.21573341345473,65.21573341345473,51.918843309617195,51.91999958452553,24.666374703911572,24.666567584982346,1.0207460017311072,1.73180451934334,0.34950288124767664,0.35041209897138276,0.05649347441367806,-0.7976347868668386,24.56276577398833,24.5630905248711,1.0151828287788334,-0.016788026195964662,0.7880784736289281,66.00381188708366,3.562704196931398,3.5660780024766816,0.08203637653091314,0.13106687023725463,0.04762078041612566,-0.016452371756821505,3.5269998720134494,3.530373937024391,0.07941029197386867,False,,1,D:\git\sim\outputs\sweep_n_fc_connectivity_n2000_mc20_20260831\connectivity\point_01
connectivity,0.002,p=0.002,20.0,15.0,2000,0.002,6.02015,3.0,1.0,20,8,30,1.5,0.05,0.3,0.03,0.05,-3.911936894535273,-0.7978886348500827,3.11404825968519,62.10866301874435,65.22271127842954,65.22271127842954,51.918843309617195,51.91999958452553,24.559668081595408,24.559869070181914,1.0162008880377902,1.73180451934334,0.30746524377828477,0.30866753914902073,0.04974619956099897,-0.7919720888341685,24.47524739631442,24.475836783774817,1.0114523207236121,-0.016436890644810756,0.781451744205272,66.00416302263481,3.5252604396732017,3.528786835964395,0.07927862962591752,0.13106687023725463,0.03136891803128674,-0.016184720038974067,3.498164782841556,3.5016629101435774,0.07721552437406276,False,,2,D:\git\sim\outputs\sweep_n_fc_connectivity_n2000_mc20_20260831\connectivity\point_02
connectivity,0.005,p=0.005,20.0,15.0,2000,0.005,11.98855,3.0,1.0,20,8,30,1.5,0.05,0.3,0.03,0.05,-3.911936894535273,-0.7877460305760821,3.124190863959191,62.10866301874435,65.23285388270354,65.23285388270354,51.918843309617195,51.91999958452553,24.403029169525144,24.403363265567652,1.0095465299105906,1.73180451934334,0.23659085970700686,0.23745393466156073,0.03824808101123325,-0.7831598912298959,24.338901197733556,24.339810243361768,1.0056992881782298,-0.016300862485618142,0.7714451680904644,66.004299050794,3.510671445075849,3.514266926450651,0.07814162876144892,0.13106687023725463,0.022235740425872563,-0.016086463797631362,3.48754138857635,3.491098903114051,0.07634834592489234,False,,3,D:\git\sim\outputs\sweep_n_fc_connectivity_n2000_mc20_20260831\connectivity\point_03
connectivity,0.01,p=0.01,20.0,15.0,2000,0.01,21.92765,3.0,1.0,20,8,30,1.5,0.05,0.3,0.03,0.05,-3.911936894535273,-0.7818151835711893,3.130121710964084,62.10866301874435,65.23878472970844,65.23878472970844,51.918843309617195,51.91999958452553,24.311008853255643,24.311309744432567,1.0057024579701574,1.73180451934334,0.18130815906561085,0.1814203502623645,0.029259456896499423,-0.7781186616122121,24.25996714521441,24.26121589934094,1.002331928942061,-0.016268058369499423,0.7655471252016901,66.00433185491012,3.507145504956963,3.510735705472437,0.07790824682826904,0.13106687023725463,0.019754458485278258,-0.0160633672550208,3.4850410524198443,3.4886171513690245,0.07616537749855007,False,,4,D:\git\sim\outputs\sweep_n_fc_connectivity_n2000_mc20_20260831\connectivity\point_04
connectivity,0.02,p=0.02,20.0,15.0,2000,0.02,41.892100000000006,3.0,1.0,20,8,30,1.5,0.05,0.3,0.03,0.05,-3.911936894535273,-0.7779893349627809,3.133947559572492,62.10866301874435,65.24261057831684,65.24261057831684,51.918843309617195,51.91999958452553,24.251512401288704,24.25185768397048,1.0031845523760783,1.73180451934334,0.13395973945046277,0.13374417655271376,0.021591356132420955,-0.7748745149696067,24.209323200888704,24.210618826077088,1.0001831266797643,-0.01626018522622793,0.7617291497365533,66.0043397280534,3.5062946629436134,3.509885713292654,0.07782556050369409,0.13106687023725463,0.01882449215607147,-0.016057238517575102,3.484370566083885,3.4879467572940563,0.07609893726109088,False,,5,D:\git\sim\outputs\sweep_n_fc_connectivity_n2000_mc20_20260831\connectivity\point_05
connectivity,0.05,p=0.05,20.0,15.0,2000,0.05,101.68490000000001,3.0,1.0,20,8,30,1.5,0.05,0.3,0.03,0.05,-3.911936894535273,-0.7752840118249326,3.1366528827103406,62.10866301874435,65.24531590145469,65.24531590145469,51.918843309617195,51.91999958452553,24.20933299483241,24.209718145608946,1.0014398141255587,1.73180451934334,0.08643084476469298,0.08654732890593665,0.013944326619430368,-0.7724099294540975,24.170999517032865,24.172238642313225,0.9985629282169542,-0.016256093057163017,0.7590279187677694,66.00434382022246,3.5058503272617236,3.509452455588427,0.07779801151640163,0.13106687023725463,0.018408348323954802,-0.0160541266679737,3.4840300646963995,3.4876163863467537,0.07607903428076285,False,,6,D:\git\sim\outputs\sweep_n_fc_connectivity_n2000_mc20_20260831\connectivity\point_06
connectivity,0.1,p=0.1,20.0,15.0,2000,0.1,201.55485000000002,3.0,1.0,20,8,30,1.5,0.05,0.3,0.03,0.05,-3.911936894535273,-0.7743299542916904,3.1376069402435824,62.10866301874435,65.24626995898794,65.24626995898794,51.918843309617195,51.91999958452553,24.1944507334071,24.194870041141286,1.0008282136890048,1.73180451934334,0.060982397467410764,0.06095837707384849,0.009821977123865405,-0.7714156654905925,24.15593480838702,24.15723956598807,0.9979267522098679,-0.01625527058470866,0.7580746837069819,66.00434464269492,3.5057634373064643,3.509373154361299,0.07779553074097752,0.13106687023725463,0.01830174254718193,-0.01605422966964747,3.4840408050564458,3.4876360231024206,0.07608049865690042,False,,7,D:\git\sim\outputs\sweep_n_fc_connectivity_n2000_mc20_20260831\connectivity\point_07
