factor,factor_value,factor_label,point_index,method,main_tail_power_db,v1.1.1_tail_power_db,main_minus_v1.1.1_db,paired_mean_main_minus_v1.1.1_db,paired_support_main_gt_v1.1.1
node_count,20,N=20,0,Cluster UAV+Node-KF DPC,-0.5710850829092565,-3.3547042491552532,2.783619166245997,2.850498767563839,1.0
node_count,20,N=20,0,UAV+Node-KF DPC,-0.5710850829092565,-0.0941621457107954,-0.4769229371984611,-0.4770061062760396,0.0
node_count,20,N=20,0,Cluster DPC,-0.11733233069340267,-3.3883706215649747,3.271038290871572,3.3407804028184165,1.0
node_count,20,N=20,0,DPC,-0.756500006284448,-0.756500006284448,0.0,0.0,0.0
node_count,20,N=20,0,Random Phase Reference,-3.62658107022354,-3.62658107022354,0.0,0.0,0.0
node_count,20,N=20,0,No Algorithm,-3.365502534248837,-3.365502534248837,0.0,0.0,0.0
node_count,30,N=30,1,Cluster UAV+Node-KF DPC,-0.5699263641434262,-3.431124588002339,2.8611982238589126,2.9183224455046295,1.0
node_count,30,N=30,1,UAV+Node-KF DPC,-0.5699263641434262,-0.09895768634254204,-0.4709686778008842,-0.471122318506771,0.0
node_count,30,N=30,1,Cluster DPC,-0.12207903404181877,-3.4373229573620816,3.3152439233202626,3.378631250200111,1.0
node_count,30,N=30,1,DPC,-0.7632200087061711,-0.7632200087061711,0.0,0.0,0.0
node_count,30,N=30,1,Random Phase Reference,-3.682539321473504,-3.682539321473504,0.0,0.0,0.0
node_count,30,N=30,1,No Algorithm,-3.481133506197473,-3.481133506197473,0.0,0.0,0.0
node_count,50,N=50,2,Cluster UAV+Node-KF DPC,-0.5249637396547054,-3.4745915485368855,2.94962780888218,3.0067395655659266,1.0
node_count,50,N=50,2,UAV+Node-KF DPC,-0.529168354662297,-0.09252497974692798,-0.436643374915369,-0.4367001814416606,0.0
node_count,50,N=50,2,Cluster DPC,-0.11663347672339923,-3.4796944283361726,3.3630609516127734,3.421411074842615,1.0
node_count,50,N=50,2,DPC,-0.7805761995793637,-0.7805761995793637,0.0,0.0,0.0
node_count,50,N=50,2,Random Phase Reference,-3.778334595196357,-3.778334595196357,0.0,0.0,0.0
node_count,50,N=50,2,No Algorithm,-3.593281844403844,-3.593281844403844,0.0,0.0,0.0
node_count,75,N=75,3,Cluster UAV+Node-KF DPC,-0.4700828163956121,-2.9744733128343848,2.5043904964387727,2.534958268699774,1.0
node_count,75,N=75,3,UAV+Node-KF DPC,-0.48847303069151926,-0.09474629767582354,-0.3937267330156957,-0.39380680029809484,0.0
node_count,75,N=75,3,Cluster DPC,-0.10337161874536664,-3.00939188731302,2.9060202685676533,2.938292357396097,1.0
node_count,75,N=75,3,DPC,-0.7929752896537554,-0.7929752896537554,0.0,0.0,0.0
node_count,75,N=75,3,Random Phase Reference,-3.870927401434938,-3.870927401434938,0.0,0.0,0.0
node_count,75,N=75,3,No Algorithm,-3.696037025977707,-3.696037025977707,0.0,0.0,0.0
node_count,100,N=100,4,Cluster UAV+Node-KF DPC,-0.421336212612641,-2.744571071274755,2.323234858662114,2.3386501279369782,1.0
node_count,100,N=100,4,UAV+Node-KF DPC,-0.4546901667536543,-0.09405103253707374,-0.36063913421658056,-0.3606764204191387,0.0
node_count,100,N=100,4,Cluster DPC,-0.08207243963826034,-2.777141229002945,2.6950687893646847,2.71173804526939,1.0
node_count,100,N=100,4,DPC,-0.7826221634686978,-0.7826221634686978,0.0,0.0,0.0
node_count,100,N=100,4,Random Phase Reference,-3.9263712308729684,-3.9263712308729684,0.0,0.0,0.0
node_count,100,N=100,4,No Algorithm,-3.6768629038373795,-3.6768629038373795,0.0,0.0,0.0
node_count,150,N=150,5,Cluster UAV+Node-KF DPC,-0.3479337688952173,-2.2227423520757736,1.8748085831805563,1.893899683683037,1.0
node_count,150,N=150,5,UAV+Node-KF DPC,-0.39711073787109863,-0.09472654469928815,-0.3023841931718105,-0.30242534812838306,0.0
node_count,150,N=150,5,Cluster DPC,-0.06510114029651302,-2.2343704747193973,2.1692693344228844,2.1867076615591907,1.0
node_count,150,N=150,5,DPC,-0.7864075664440927,-0.7864075664440927,0.0,0.0,0.0
node_count,150,N=150,5,Random Phase Reference,-3.8452709155072586,-3.8452709155072586,0.0,0.0,0.0
node_count,150,N=150,5,No Algorithm,-3.72339133068015,-3.72339133068015,0.0,0.0,0.0
node_count,200,N=200,6,Cluster UAV+Node-KF DPC,-0.30033828328592227,-1.8445850954789325,1.5442468121930102,1.5543028563891377,1.0
node_count,200,N=200,6,UAV+Node-KF DPC,-0.3551147615615805,-0.09288693896491056,-0.26222782259666993,-0.26225896926029074,0.0
node_count,200,N=200,6,Cluster DPC,-0.05552456128943843,-1.8588103757346277,1.8032858144451893,1.813922856438881,1.0
node_count,200,N=200,6,DPC,-0.784515548036665,-0.784515548036665,0.0,0.0,0.0
node_count,200,N=200,6,Random Phase Reference,-3.822119370796498,-3.822119370796498,0.0,0.0,0.0
node_count,200,N=200,6,No Algorithm,-3.7129754814935225,-3.7129754814935225,0.0,0.0,0.0
node_count,300,N=300,7,Cluster UAV+Node-KF DPC,-0.23513345931474844,-1.4159587994849265,1.180825340170178,1.1870752204681918,1.0
node_count,300,N=300,7,UAV+Node-KF DPC,-0.29838861657843907,-0.09403535389723103,-0.20435326268120804,-0.20436251915268633,0.0
node_count,300,N=300,7,Cluster DPC,-0.04450337194451554,-1.4226385811836408,1.3781352092391252,1.3843834374266684,1.0
node_count,300,N=300,7,DPC,-0.7825420955827063,-0.7825420955827063,0.0,0.0,0.0
node_count,300,N=300,7,Random Phase Reference,-3.8904247468536166,-3.8904247468536166,0.0,0.0,0.0
node_count,300,N=300,7,No Algorithm,-3.73654462736213,-3.73654462736213,0.0,0.0,0.0
node_count,500,N=500,8,Cluster UAV+Node-KF DPC,-0.16670010765244467,-1.0377645357026635,0.8710644280502188,0.8782189586478595,1.0
node_count,500,N=500,8,UAV+Node-KF DPC,-0.2360685091538372,-0.09447346267907339,-0.1415950464747638,-0.14159677507043217,0.0
node_count,500,N=500,8,Cluster DPC,-0.03505194838131531,-1.049487288306132,1.0144353399248165,1.0216114674961525,1.0
node_count,500,N=500,8,DPC,-0.7818704852842285,-0.7818704852842285,0.0,0.0,0.0
node_count,500,N=500,8,Random Phase Reference,-3.9065398403111127,-3.9065398403111127,0.0,0.0,0.0
node_count,500,N=500,8,No Algorithm,-3.7382892569022728,-3.7382892569022728,0.0,0.0,0.0
node_count,1000,N=1000,9,Cluster UAV+Node-KF DPC,-0.10248490104893787,-0.4937748809490549,0.39128997990011705,0.39234723452517956,1.0
node_count,1000,N=1000,9,UAV+Node-KF DPC,-0.1758021357672821,-0.09458231628742349,-0.08121981947985861,-0.08121998915740355,0.0
node_count,1000,N=1000,9,Cluster DPC,-0.027185721269930893,-0.49875767004885985,0.47157194877892894,0.47260583002653556,1.0
node_count,1000,N=1000,9,DPC,-0.77718926043828,-0.77718926043828,0.0,0.0,0.0
node_count,1000,N=1000,9,Random Phase Reference,-3.9165537800656027,-3.9165537800656027,0.0,0.0,0.0
node_count,1000,N=1000,9,No Algorithm,-3.754009131520693,-3.754009131520693,0.0,0.0,0.0
node_count,1500,N=1500,10,Cluster UAV+Node-KF DPC,-0.07497200627807524,-0.3663814836717349,0.29140947739365963,0.2918997852027226,1.0
node_count,1500,N=1500,10,UAV+Node-KF DPC,-0.1489536236105302,-0.09407081075229351,-0.05488281285823668,-0.054883202190044646,0.0
node_count,1500,N=1500,10,Cluster DPC,-0.023988970408479162,-0.3698843346364739,0.3458953642279948,0.3463705637272854,1.0
node_count,1500,N=1500,10,DPC,-0.7761820945694233,-0.7761820945694233,0.0,0.0,0.0
node_count,1500,N=1500,10,Random Phase Reference,-3.9250153774150345,-3.9250153774150345,0.0,0.0,0.0
node_count,1500,N=1500,10,No Algorithm,-3.746972586386432,-3.746972586386432,0.0,0.0,0.0
node_count,2000,N=2000,11,Cluster UAV+Node-KF DPC,-0.06166160245014429,-0.2831337546850549,0.22147215223491062,0.22197802576055858,1.0
node_count,2000,N=2000,11,UAV+Node-KF DPC,-0.13751348387401113,-0.09506040588157458,-0.042453077992436555,-0.04245320757076535,0.0
node_count,2000,N=2000,11,Cluster DPC,-0.02233027737721166,-0.28623340930839103,0.26390313193117937,0.26441400810148075,1.0
node_count,2000,N=2000,11,DPC,-0.7762422366130429,-0.7762422366130429,0.0,0.0,0.0
node_count,2000,N=2000,11,Random Phase Reference,-3.9163702019700413,-3.9163702019700413,0.0,0.0,0.0
node_count,2000,N=2000,11,No Algorithm,-3.747848810711772,-3.747848810711772,0.0,0.0,0.0
connectivity,0.0005,p=0.0005,0,Cluster UAV+Node-KF DPC,-0.5568382178725744,-0.5406862611000677,-0.016151956772506693,-0.014961920752874289,0.55
connectivity,0.0005,p=0.0005,0,UAV+Node-KF DPC,-0.626511980006279,-0.10279030709529274,-0.5237216729109861,-0.5237232267392129,0.0
connectivity,0.0005,p=0.0005,0,Cluster DPC,-0.064782715799325,-0.5716940286821934,0.5069113128828684,0.5081158227832103,1.0
connectivity,0.0005,p=0.0005,0,DPC,-0.8098100309034968,-0.8098100309034968,0.0,0.0,0.0
connectivity,0.0005,p=0.0005,0,Random Phase Reference,-3.9165537800656027,-3.9165537800656027,0.0,0.0,0.0
connectivity,0.0005,p=0.0005,0,No Algorithm,-3.754009131520693,-3.754009131520693,0.0,0.0,0.0
connectivity,0.001,p=0.001,1,Cluster UAV+Node-KF DPC,-0.517549682318291,-0.5361886264157238,0.01863894409743283,0.02000428839929056,0.55
connectivity,0.001,p=0.001,1,UAV+Node-KF DPC,-0.5873507350832856,-0.09945965816411294,-0.48789107691917266,-0.4878933084790035,0.0
connectivity,0.001,p=0.001,1,Cluster DPC,-0.06188113426265635,-0.5659873837735377,0.5041062495108813,0.5055069784867745,1.0
connectivity,0.001,p=0.001,1,DPC,-0.8072236692209052,-0.8072236692209052,0.0,0.0,0.0
connectivity,0.001,p=0.001,1,Random Phase Reference,-3.9165537800656027,-3.9165537800656027,0.0,0.0,0.0
connectivity,0.001,p=0.001,1,No Algorithm,-3.754009131520693,-3.754009131520693,0.0,0.0,0.0
connectivity,0.002,p=0.002,2,Cluster UAV+Node-KF DPC,-0.4510662913461386,-0.5323016854915439,0.08123539414540526,0.08227123936886117,0.75
connectivity,0.002,p=0.002,2,UAV+Node-KF DPC,-0.5214358287764498,-0.09691672299508368,-0.4245191057813661,-0.42452105292443065,0.0
connectivity,0.002,p=0.002,2,Cluster DPC,-0.056599536545033906,-0.5618968886967499,0.505297352151716,0.5063752323256911,1.0
connectivity,0.002,p=0.002,2,DPC,-0.8024028778550705,-0.8024028778550705,0.0,0.0,0.0
connectivity,0.002,p=0.002,2,Random Phase Reference,-3.9165537800656027,-3.9165537800656027,0.0,0.0,0.0
connectivity,0.002,p=0.002,2,No Algorithm,-3.754009131520693,-3.754009131520693,0.0,0.0,0.0
connectivity,0.003,p=0.003,3,Cluster UAV+Node-KF DPC,-0.39920817245735213,-0.518339280418225,0.11913110796087284,0.12025253649267635,0.95
connectivity,0.003,p=0.003,3,UAV+Node-KF DPC,-0.4696113347834052,-0.09583183486123972,-0.3737794999221655,-0.3737820256148779,0.0
connectivity,0.003,p=0.003,3,Cluster DPC,-0.05218787114792811,-0.5459269816832135,0.4937391105352854,0.49486768649295965,1.0
connectivity,0.003,p=0.003,3,DPC,-0.7985300928843203,-0.7985300928843203,0.0,0.0,0.0
connectivity,0.003,p=0.003,3,Random Phase Reference,-3.9165537800656027,-3.9165537800656027,0.0,0.0,0.0
connectivity,0.003,p=0.003,3,No Algorithm,-3.754009131520693,-3.754009131520693,0.0,0.0,0.0
connectivity,0.005,p=0.005,4,Cluster UAV+Node-KF DPC,-0.3229288114874448,-0.5514271050872833,0.22849829359983853,0.229089495284509,1.0
connectivity,0.005,p=0.005,4,UAV+Node-KF DPC,-0.3939176855516464,-0.09513151002113476,-0.2987861755305117,-0.29878744730080087,0.0
connectivity,0.005,p=0.005,4,Cluster DPC,-0.04604596828914831,-0.5728671702979784,0.5268212020088301,0.5274520238203231,1.0
connectivity,0.005,p=0.005,4,DPC,-0.7931434556490603,-0.7931434556490603,0.0,0.0,0.0
connectivity,0.005,p=0.005,4,Random Phase Reference,-3.9165537800656027,-3.9165537800656027,0.0,0.0,0.0
connectivity,0.005,p=0.005,4,No Algorithm,-3.754009131520693,-3.754009131520693,0.0,0.0,0.0
connectivity,0.008,p=0.008,5,Cluster UAV+Node-KF DPC,-0.24982524858160998,-0.524779758770718,0.27495451018910805,0.2756781217259299,1.0
connectivity,0.008,p=0.008,5,UAV+Node-KF DPC,-0.32162010459705026,-0.09481552658055316,-0.22680457801649712,-0.22680605126717063,0.0
connectivity,0.008,p=0.008,5,Cluster DPC,-0.040098189594972536,-0.5413033861185502,0.5012051965235776,0.5019333586346133,1.0
connectivity,0.008,p=0.008,5,DPC,-0.7879711560452103,-0.7879711560452103,0.0,0.0,0.0
connectivity,0.008,p=0.008,5,Random Phase Reference,-3.9165537800656027,-3.9165537800656027,0.0,0.0,0.0
connectivity,0.008,p=0.008,5,No Algorithm,-3.754009131520693,-3.754009131520693,0.0,0.0,0.0
connectivity,0.01,p=0.01,6,Cluster UAV+Node-KF DPC,-0.21852695545744286,-0.5465133733499008,0.32798641789245797,0.32911414139555506,1.0
connectivity,0.01,p=0.01,6,UAV+Node-KF DPC,-0.29061717291072275,-0.09471575354737222,-0.19590141936335054,-0.19590224532128783,0.0
connectivity,0.01,p=0.01,6,Cluster DPC,-0.03769652610867781,-0.5604751188933115,0.5227785927846337,0.5239257800051084,1.0
connectivity,0.01,p=0.01,6,DPC,-0.7857320418380691,-0.7857320418380691,0.0,0.0,0.0
connectivity,0.01,p=0.01,6,Random Phase Reference,-3.9165537800656027,-3.9165537800656027,0.0,0.0,0.0
connectivity,0.01,p=0.01,6,No Algorithm,-3.754009131520693,-3.754009131520693,0.0,0.0,0.0
connectivity,0.02,p=0.02,7,Cluster UAV+Node-KF DPC,-0.13664875252947611,-0.5308230007853555,0.3941742482558794,0.3959151155030168,1.0
connectivity,0.02,p=0.02,7,UAV+Node-KF DPC,-0.20937477159145068,-0.09461104260504352,-0.11476372898640716,-0.11476408347104106,0.0
connectivity,0.02,p=0.02,7,Cluster DPC,-0.03027633535196091,-0.5368934991206746,0.5066171637687137,0.5083126497524457,1.0
connectivity,0.02,p=0.02,7,DPC,-0.77980257287927,-0.77980257287927,0.0,0.0,0.0
connectivity,0.02,p=0.02,7,Random Phase Reference,-3.9165537800656027,-3.9165537800656027,0.0,0.0,0.0
connectivity,0.02,p=0.02,7,No Algorithm,-3.754009131520693,-3.754009131520693,0.0,0.0,0.0
connectivity,0.03,p=0.03,8,Cluster UAV+Node-KF DPC,-0.10248490104893787,-0.4937748809490549,0.39128997990011705,0.39234723452517956,1.0
connectivity,0.03,p=0.03,8,UAV+Node-KF DPC,-0.1758021357672821,-0.09458231628742349,-0.08121981947985861,-0.08121998915740355,0.0
connectivity,0.03,p=0.03,8,Cluster DPC,-0.027185721269930893,-0.49875767004885985,0.47157194877892894,0.47260583002653556,1.0
connectivity,0.03,p=0.03,8,DPC,-0.77718926043828,-0.77718926043828,0.0,0.0,0.0
connectivity,0.03,p=0.03,8,Random Phase Reference,-3.9165537800656027,-3.9165537800656027,0.0,0.0,0.0
connectivity,0.03,p=0.03,8,No Algorithm,-3.754009131520693,-3.754009131520693,0.0,0.0,0.0
connectivity,0.05,p=0.05,9,Cluster UAV+Node-KF DPC,-0.07111602167813079,-0.5048387973157573,0.4337227756376265,0.43459759221043337,1.0
connectivity,0.05,p=0.05,9,UAV+Node-KF DPC,-0.145053306304041,-0.09457243662633882,-0.050480869677702184,-0.05048091953660831,0.0
connectivity,0.05,p=0.05,9,Cluster DPC,-0.024255078460735657,-0.5093839670922847,0.48512888863154907,0.4860023631901719,1.0
connectivity,0.05,p=0.05,9,DPC,-0.7750637227354267,-0.7750637227354267,0.0,0.0,0.0
connectivity,0.05,p=0.05,9,Random Phase Reference,-3.9165537800656027,-3.9165537800656027,0.0,0.0,0.0
connectivity,0.05,p=0.05,9,No Algorithm,-3.754009131520693,-3.754009131520693,0.0,0.0,0.0
connectivity,0.08,p=0.08,10,Cluster UAV+Node-KF DPC,-0.051789363932720336,-0.4475041932078895,0.39571482927516916,0.3962820945761566,1.0
connectivity,0.08,p=0.08,10,UAV+Node-KF DPC,-0.12627334057387735,-0.09456770349157795,-0.0317056370822994,-0.03170558724574536,0.0
connectivity,0.08,p=0.08,10,Cluster DPC,-0.022254065197032102,-0.4489976468512006,0.4267435816541685,0.4273149722204742,1.0
connectivity,0.08,p=0.08,10,DPC,-0.7735560316992738,-0.7735560316992738,0.0,0.0,0.0
connectivity,0.08,p=0.08,10,Random Phase Reference,-3.9165537800656027,-3.9165537800656027,0.0,0.0,0.0
connectivity,0.08,p=0.08,10,No Algorithm,-3.754009131520693,-3.754009131520693,0.0,0.0,0.0
connectivity,0.1,p=0.1,11,Cluster UAV+Node-KF DPC,-0.04511648265992803,-0.4271554566121991,0.3820389739522711,0.3826666740132961,1.0
connectivity,0.1,p=0.1,11,UAV+Node-KF DPC,-0.1197323272576758,-0.09456661183643322,-0.025165715421242574,-0.025165623736421717,0.0
connectivity,0.1,p=0.1,11,Cluster DPC,-0.021599932645762595,-0.42891419311889434,0.40731426047313174,0.407952807785439,1.0
connectivity,0.1,p=0.1,11,DPC,-0.7730721368371124,-0.7730721368371124,0.0,0.0,0.0
connectivity,0.1,p=0.1,11,Random Phase Reference,-3.9165537800656027,-3.9165537800656027,0.0,0.0,0.0
connectivity,0.1,p=0.1,11,No Algorithm,-3.754009131520693,-3.754009131520693,0.0,0.0,0.0
frequency,10,10 MHz,0,Cluster UAV+Node-KF DPC,-0.034500184527385555,-0.13482296510107494,0.10032278057368939,0.10041056719430046,1.0
frequency,10,10 MHz,0,UAV+Node-KF DPC,-0.052821382657962046,-0.032487068371413616,-0.02033431428654843,-0.02033431491170313,0.0
frequency,10,10 MHz,0,Cluster DPC,-0.015645173250819745,-0.13604158848230127,0.12039641523148154,0.12048198510043026,1.0
frequency,10,10 MHz,0,DPC,-0.20327937446378422,-0.20327937446378422,0.0,0.0,0.0
frequency,10,10 MHz,0,Random Phase Reference,-3.9102500730402405,-3.9102500730402405,0.0,0.0,0.0
frequency,10,10 MHz,0,No Algorithm,-1.8371186225306695,-1.8371186225306695,0.0,0.0,0.0
frequency,20,20 MHz,1,Cluster UAV+Node-KF DPC,-0.10248490104893787,-0.4937748809490549,0.39128997990011705,0.39234723452517956,1.0
frequency,20,20 MHz,1,UAV+Node-KF DPC,-0.1758021357672821,-0.09458231628742349,-0.08121981947985861,-0.08121998915740355,0.0
frequency,20,20 MHz,1,Cluster DPC,-0.027185721269930893,-0.49875767004885985,0.47157194877892894,0.47260583002653556,1.0
frequency,20,20 MHz,1,DPC,-0.77718926043828,-0.77718926043828,0.0,0.0,0.0
frequency,20,20 MHz,1,Random Phase Reference,-3.9165537800656027,-3.9165537800656027,0.0,0.0,0.0
frequency,20,20 MHz,1,No Algorithm,-3.754009131520693,-3.754009131520693,0.0,0.0,0.0
frequency,30,30 MHz,2,Cluster UAV+Node-KF DPC,-0.2153601543877514,-1.0255577764235877,0.8101976220358362,0.8132699305864637,1.0
frequency,30,30 MHz,2,UAV+Node-KF DPC,-0.3802615541184132,-0.19805869442886326,-0.18220285968954997,-0.18220369600430858,0.0
frequency,30,30 MHz,2,Cluster DPC,-0.04643453269435112,-1.0360088362077835,0.9895743035134323,0.9925471512422295,1.0
frequency,30,30 MHz,2,DPC,-1.6796830954141273,-1.6796830954141273,0.0,0.0,0.0
frequency,30,30 MHz,2,Random Phase Reference,-3.92341792342616,-3.92341792342616,0.0,0.0,0.0
frequency,30,30 MHz,2,No Algorithm,-3.917769731063508,-3.917769731063508,0.0,0.0,0.0
frequency,50,50 MHz,3,Cluster UAV+Node-KF DPC,-0.5697304708556027,-2.185205235194623,1.6154747643390204,1.6200155959062605,1.0
frequency,50,50 MHz,3,UAV+Node-KF DPC,-1.0192462157174182,-0.5288077025930435,-0.4904385131243747,-0.4904429112375891,0.0
frequency,50,50 MHz,3,Cluster DPC,-0.10803468619205671,-2.218663924618498,2.110629238426441,2.115079548971152,1.0
frequency,50,50 MHz,3,DPC,-3.3101080868778787,-3.3101080868778787,0.0,0.0,0.0
frequency,50,50 MHz,3,Random Phase Reference,-3.9213598288922054,-3.9213598288922054,0.0,0.0,0.0
frequency,50,50 MHz,3,No Algorithm,-3.9121984978205635,-3.9121984978205635,0.0,0.0,0.0
frequency,80,80 MHz,4,Cluster UAV+Node-KF DPC,-1.3415040760013373,-3.314543102016407,1.9730390260150696,1.978543550497496,1.0
frequency,80,80 MHz,4,UAV+Node-KF DPC,-2.266845821137713,-1.3127551126675352,-0.9540907084701777,-0.9540398468670199,0.0
frequency,80,80 MHz,4,Cluster DPC,-0.25805550546922407,-3.3407767212295685,3.0827212157603445,3.0873256735216494,1.0
frequency,80,80 MHz,4,DPC,-3.893443009898008,-3.893443009898008,0.0,0.0,0.0
frequency,80,80 MHz,4,Random Phase Reference,-3.917353241113069,-3.917353241113069,0.0,0.0,0.0
frequency,80,80 MHz,4,No Algorithm,-3.9150479255273183,-3.9150479255273183,0.0,0.0,0.0
frequency,100,100 MHz,5,Cluster UAV+Node-KF DPC,-1.9178684135178519,-3.668876404388348,1.7510079908704963,1.7559843260254215,1.0
frequency,100,100 MHz,5,UAV+Node-KF DPC,-2.9681979205557028,-1.9376633387365152,-1.0305345818191876,-1.030383671898581,0.0
frequency,100,100 MHz,5,Cluster DPC,-0.3963191090702871,-3.6790662494703295,3.2827471404000423,3.287064345005672,1.0
frequency,100,100 MHz,5,DPC,-3.9057456280059344,-3.9057456280059344,0.0,0.0,0.0
frequency,100,100 MHz,5,Random Phase Reference,-3.9104001330239186,-3.9104001330239186,0.0,0.0,0.0
frequency,100,100 MHz,5,No Algorithm,-3.9111516214097213,-3.9111516214097213,0.0,0.0,0.0
frequency,150,150 MHz,6,Cluster UAV+Node-KF DPC,-3.1064653286717956,-3.8980772126939804,0.7916118840221849,0.7938496924328856,1.0
frequency,150,150 MHz,6,UAV+Node-KF DPC,-3.774619974075981,-3.188521757338884,-0.5860982167370969,-0.5857153680046217,0.0
frequency,150,150 MHz,6,Cluster DPC,-0.8709291561102829,-3.9093151002492643,3.0383859441389816,3.04028180088964,1.0
frequency,150,150 MHz,6,DPC,-3.9152079885231568,-3.9152079885231568,0.0,0.0,0.0
frequency,150,150 MHz,6,Random Phase Reference,-3.91720373494529,-3.91720373494529,0.0,0.0,0.0
frequency,150,150 MHz,6,No Algorithm,-3.9101363915509473,-3.9101363915509473,0.0,0.0,0.0
