method,long_block,main_node_rmse_m,v1.1.1_node_rmse_m,main_uav_rmse_m,v1.1.1_uav_rmse_m,main_power_db,v1.1.1_power_db
Cluster DPC,0,0.21623138601687772,0.43451219638598354,0.4028288328517428,0.4028288328517428,-0.06553536273923101,-0.10467339367900888
Cluster DPC,1,0.2012177970676477,0.8411177206750777,0.29091784698927614,0.29091784698927614,-0.044531996326832676,-0.2130180585600403
Cluster DPC,2,0.19058638747623097,1.0446802336266106,0.2381476879191235,0.2381476879191235,-0.036133957696678244,-0.2844974860444762
Cluster DPC,3,0.18610762839592881,1.1210501951044913,0.20481428118058864,0.20481428118058864,-0.03191091145675344,-0.27658003818445265
Cluster DPC,4,0.1847423955995027,1.2468624587709916,0.18283664462724733,0.18283664462724733,-0.029328406302926054,-0.30158175052512703
Cluster DPC,5,0.1844772768390595,1.4458226760647483,0.16892167471001063,0.16892167471001063,-0.02863156532806364,-0.3966738093650581
Cluster DPC,6,0.1843619671109221,1.613004668790034,0.15592926310572325,0.15592926310572325,-0.027409420123952217,-0.4900443262112807
Cluster DPC,7,0.1831375127477317,1.6990247319436989,0.14698306169752673,0.14698306169752673,-0.02656022394793379,-0.5346381462771788
Cluster UAV+Node-KF DPC,0,0.21623138601687772,0.43451219638598354,0.5686184878667313,0.07531963741340972,-0.10560211880394092,-0.06517068264013706
Cluster UAV+Node-KF DPC,1,0.2012177970676477,0.8411177206750777,0.5692608504717276,0.055476620163334045,-0.10380743323832138,-0.1929696565741065
Cluster UAV+Node-KF DPC,2,0.19058638747623097,1.0446802336266106,0.5707956374537388,0.046112055934113404,-0.10235460986239694,-0.270854651166239
Cluster UAV+Node-KF DPC,3,0.18610762839592881,1.1210501951044913,0.5682344289886258,0.03538034032523704,-0.10302361809904928,-0.2662300279441677
Cluster UAV+Node-KF DPC,4,0.1847423955995027,1.2468624587709916,0.5657377274926879,0.02961259749480725,-0.10192004385838109,-0.2930799418912832
Cluster UAV+Node-KF DPC,5,0.1844772768390595,1.4458226760647483,0.5683245319263499,0.030418120869228987,-0.10256321050289266,-0.39018757030331025
Cluster UAV+Node-KF DPC,6,0.1843619671109221,1.613004668790034,0.5682918141780757,0.030331327200696367,-0.10201560377495249,-0.48521939896435146
Cluster UAV+Node-KF DPC,7,0.1831375127477317,1.6990247319436989,0.5628029099958352,0.02785751535599253,-0.10056056465228477,-0.5299833386203839
DPC,0,1.724610159367197,1.724610159367197,0.4028288328517428,0.4028288328517428,-0.7965973501052088,-0.7965973501052088
DPC,1,1.7321267975885597,1.7321267975885597,0.29091784698927614,0.29091784698927614,-0.8074110862030928,-0.8074110862030928
DPC,2,1.7210056447018949,1.7210056447018949,0.2381476879191235,0.2381476879191235,-0.7906273505726227,-0.7906273505726227
DPC,3,1.7408076002863293,1.7408076002863293,0.20481428118058864,0.20481428118058864,-0.8041875329163922,-0.8041875329163922
DPC,4,1.729855881632325,1.729855881632325,0.18283664462724733,0.18283664462724733,-0.793347879030267,-0.793347879030267
DPC,5,1.7350365971251662,1.7350365971251662,0.16892167471001063,0.16892167471001063,-0.797536267171165,-0.797536267171165
DPC,6,1.7297485085217983,1.7297485085217983,0.15592926310572325,0.15592926310572325,-0.7777220910897397,-0.7777220910897397
DPC,7,1.737168879482064,1.737168879482064,0.14698306169752673,0.14698306169752673,-0.7899658686871962,-0.7899658686871962
UAV+Node-KF DPC,0,0.6604575390525659,0.6638266881532402,0.5686184878667313,0.07531963741340972,-0.20854666789471304,-0.128589579938148
UAV+Node-KF DPC,1,0.5968595489263628,0.5980546239448687,0.5692608504717276,0.055476620163334045,-0.19192940498783312,-0.11086341728200584
UAV+Node-KF DPC,2,0.5622105814935143,0.5629914271758542,0.5707956374537388,0.046112055934113404,-0.17855456468165673,-0.09875545210487695
UAV+Node-KF DPC,3,0.5482316679342603,0.548418972371129,0.5682344289886258,0.03538034032523704,-0.17686006570542512,-0.09691584858348141
UAV+Node-KF DPC,4,0.5442694173700394,0.5443942306380658,0.5657377274926879,0.02961259749480725,-0.17786129931841133,-0.09664584014603812
UAV+Node-KF DPC,5,0.541993958519203,0.5421127302516262,0.5683245319263499,0.030418120869228987,-0.1778377965396215,-0.09596814111851865
UAV+Node-KF DPC,6,0.537320620472454,0.5373835660734174,0.5682918141780757,0.030331327200696367,-0.17291057148377081,-0.09376332119302618
UAV+Node-KF DPC,7,0.5372055864964468,0.5372649648318869,0.5628029099958352,0.02785751535599253,-0.1749171313857099,-0.09418125623687074
