fusion_mode,method,tail_power_db,tail_node_rmse_m,tail_uav_rmse_m,tail_alpha_mean,tail_alpha_min,tail_alpha_max,tail_effective_peer_count_mean
fixed,Cluster UAV+Node-KF DPC,-0.06340485801416582,0.4284580097536794,0.029916258146724124,0.8000000000000002,0.7999999999999999,0.7999999999999999,2.474056135795981
fixed,UAV+Node-KF DPC,-0.09381738099904231,0.5404780669935202,0.029916258146724124,0.8000000000000002,0.7999999999999999,0.7999999999999999,2.474056135795981
fixed,Cluster DPC,-0.06919805637074847,0.4284580097536794,0.15272657069940213,0.8000000000000002,0.7999999999999999,0.7999999999999999,2.474056135795981
fixed,DPC,-0.7794498325150983,1.7312504239364515,0.15272657069940213,0.8000000000000002,0.7999999999999999,0.7999999999999999,2.474056135795981
fixed,Random Phase Reference,-3.9185009840323466,,,0.8000000000000002,0.7999999999999999,0.7999999999999999,2.474056135795981
adaptive,Cluster UAV+Node-KF DPC,-0.05172996466234589,0.37620768223403545,0.029916258146724124,0.42095332523169754,0.17617866193434864,0.8813886220685289,2.474056135795981
adaptive,UAV+Node-KF DPC,-0.09381738099904231,0.5404780669935202,0.029916258146724124,0.42095332523169754,0.17617866193434864,0.8813886220685289,2.474056135795981
adaptive,Cluster DPC,-0.05751426281271192,0.37620768223403545,0.15272657069940213,0.42095332523169754,0.17617866193434864,0.8813886220685289,2.474056135795981
adaptive,DPC,-0.7794498325150983,1.7312504239364515,0.15272657069940213,0.42095332523169754,0.17617866193434864,0.8813886220685289,2.474056135795981
adaptive,Random Phase Reference,-3.9185009840323466,,,0.42095332523169754,0.17617866193434864,0.8813886220685289,2.474056135795981
