fusion_mode,long_block,physical_time_s,method,final_norm_power_db,final_gain_over_single_mean_db,final_gain_over_single_best_db,final_phase_std_deg,final_phase_rmse_deg,final_distance_rmse_m,final_node_rmse_m,final_uav_rmse_m,final_uav_line_intercept_rmse_m,final_uav_velocity_rmse_mps
fixed,0,1.4500000000000002,Cluster DPC,-0.120207505947388,58.68164677983367,50.095995128330486,9.638523062747444,9.66612213346259,0.3829974548948198,0.5035789236192081,0.40805597448476905,0.4016957818828444,0.4809599779484069
fixed,0,1.4500000000000002,UAV+Node-KF DPC,-0.12647107643449787,58.67538320934656,50.08973155784338,9.927355308949217,9.958138472344961,0.39652638206894075,0.6671669686362091,0.06928615760148,0.04505090171157857,0.057404177760997446
fixed,0,1.4500000000000002,Cluster UAV+Node-KF DPC,-0.08069507800448066,58.72115920777659,50.135507556273396,7.869798352467152,7.9114474589705805,0.30440388581290534,0.5035789236192081,0.06928615760148,0.04505090171157857,0.057404177760997446
fixed,1,2.95,Cluster DPC,-0.09154162884943119,58.76828118783158,50.31859930708991,8.388618399355094,8.392044774812113,0.3239203189851626,0.45365929766326507,0.2905343072945358,0.2858985380384206,0.1675996653341084
fixed,1,2.95,UAV+Node-KF DPC,-0.11202961598937553,58.747793200691646,50.29811131994997,9.382984504257943,9.39147082690421,0.3702296178198952,0.5960479118794109,0.048036852196270005,0.08957396275101664,0.038110469271790556
fixed,1,2.95,Cluster UAV+Node-KF DPC,-0.06913863846637133,58.79068417821465,50.34100229747297,7.333425387200535,7.344449336244727,0.27598002779564246,0.45365929766326507,0.048036852196270005,0.08957396275101664,0.038110469271790556
fixed,2,4.45,Cluster DPC,-0.08351339413492094,58.834918175762425,50.543561614423254,8.125520754581904,8.13784121663564,0.31282648690439463,0.4481290610168812,0.23835856017064114,0.23761494496621677,0.09215049941677994
fixed,2,4.45,UAV+Node-KF DPC,-0.10097127161074325,58.817460298286605,50.526103736947434,8.978683935865353,8.98768479139566,0.3533935326617728,0.5636516675494482,0.05241620818203831,0.0673000092430737,0.021712522113565603
fixed,2,4.45,Cluster UAV+Node-KF DPC,-0.06966534252833717,58.84876622736901,50.557409666029834,7.396599847469834,7.420272335685462,0.27999326576141575,0.4481290610168812,0.05241620818203831,0.0673000092430737,0.021712522113565603
fixed,3,5.95,Cluster DPC,-0.07154872195705332,58.9046740905181,50.73348788491629,7.552315006737994,7.551265771717207,0.2915598422235924,0.43306043441539677,0.20657156433455084,0.2077851239636999,0.060276491664514965
fixed,3,5.95,UAV+Node-KF DPC,-0.09760248901902263,58.87862032345613,50.70743411785432,8.833488444853389,8.83548487492142,0.3445664240831,0.5481693202785077,0.039755761502968605,0.07784572681373839,0.013336913454050308
fixed,3,5.95,Cluster UAV+Node-KF DPC,-0.06202418731395594,58.9141986251612,50.74301241955939,7.036596415399499,7.039996878772532,0.26796416563660735,0.43306043441539677,0.039755761502968605,0.07784572681373839,0.013336913454050308
fixed,4,7.45,Cluster DPC,-0.07250431033728894,58.959586851130695,50.88441503125096,7.580530864458616,7.600272063220553,0.29216772426260645,0.4336241194967151,0.18333529893277795,0.18614375958807577,0.04299409045022379
fixed,4,7.45,UAV+Node-KF DPC,-0.09735144633103551,58.934739715136956,50.859567895257214,8.862203628492285,8.859920068675565,0.3499085265174497,0.5458309465487102,0.028317911942332658,0.08634932132263164,0.012239730213532337
fixed,4,7.45,Cluster UAV+Node-KF DPC,-0.06410835805907594,58.967982803408916,50.89281098352917,7.15043552434759,7.174853564415055,0.27275729483447114,0.4336241194967151,0.028317911942332658,0.08634932132263164,0.012239730213532337
fixed,5,8.950000000000001,Cluster DPC,-0.06970110826469741,59.01497146160584,50.95761793796037,7.385499184918683,7.38994995289986,0.2804948733008568,0.43214913182292564,0.16802555489532567,0.17000614569011024,0.03279856337716856
fixed,5,8.950000000000001,UAV+Node-KF DPC,-0.09369607438470574,58.99097649548583,50.933622971840364,8.71981052132337,8.723273186705802,0.3419181707158619,0.5419328175698043,0.026887114479907753,0.06798345477894537,0.008385144478765845
fixed,5,8.950000000000001,Cluster UAV+Node-KF DPC,-0.06293728881373598,59.021735281056806,50.96438175741134,7.003297748196788,7.012207382191258,0.2638696750774413,0.43214913182292564,0.026887114479907753,0.06798345477894537,0.008385144478765845
fixed,6,10.450000000000001,Cluster DPC,-0.06925585717123978,59.06305517226368,51.119796106981816,7.3226649976693325,7.322303710490951,0.2778545522462099,0.42412178183699945,0.15462306535139375,0.1569143037766359,0.025891316531340698
fixed,6,10.450000000000001,UAV+Node-KF DPC,-0.09133858983647525,59.04097243959845,51.097713374316584,8.63313490102449,8.640346725345406,0.33959322056044305,0.5359708198127643,0.03025290141721536,0.08044369208789587,0.008699238650893408
fixed,6,10.450000000000001,Cluster UAV+Node-KF DPC,-0.06319082539872772,59.069120204036196,51.12586113875433,7.0296255116177635,7.030909892681005,0.26486513544353507,0.42412178183699945,0.03025290141721536,0.08044369208789587,0.008699238650893408
fixed,7,11.950000000000001,Cluster DPC,-0.06607925844427776,59.108006087674326,51.222919725391904,7.252005787329696,7.260825459413127,0.27465494745728314,0.42330761591317295,0.14598686618355602,0.1469646452612579,0.02132482020041523
fixed,7,11.950000000000001,UAV+Node-KF DPC,-0.09541887958527528,59.07866646653333,51.1935801042509,8.850132795094954,8.853021234483876,0.3467553549031835,0.5407277816174881,0.029246416539623697,0.08497835072670476,0.0076784835699784115
fixed,7,11.950000000000001,Cluster UAV+Node-KF DPC,-0.06081759529594485,59.11326775082266,51.228181388540236,6.9799584227348195,6.989867885415011,0.26180909324680657,0.42330761591317295,0.029246416539623697,0.08497835072670476,0.0076784835699784115
adaptive,0,1.4500000000000002,Cluster DPC,-0.10337562972704219,58.698478656054014,50.11282700455084,8.950311016559665,8.975392823589097,0.35341038606544933,0.4415058079677502,0.40805597448476905,0.4016957818828444,0.4809599779484069
adaptive,0,1.4500000000000002,UAV+Node-KF DPC,-0.12647107643449787,58.67538320934656,50.08973155784338,9.927355308949217,9.958138472344961,0.39652638206894075,0.6671669686362091,0.06928615760148,0.04505090171157857,0.057404177760997446
adaptive,0,1.4500000000000002,Cluster UAV+Node-KF DPC,-0.06418681083069351,58.73766747495037,50.15201582344719,7.051644534592915,7.097223560674749,0.26826168018196117,0.4415058079677502,0.06928615760148,0.04505090171157857,0.057404177760997446
adaptive,1,2.95,Cluster DPC,-0.07997862796710842,58.77984418871391,50.33016230797224,7.8434151998655945,7.849259704427898,0.3006122882200895,0.404134382624129,0.2905343072945358,0.2858985380384206,0.1675996653341084
adaptive,1,2.95,UAV+Node-KF DPC,-0.11202961598937553,58.747793200691646,50.29811131994997,9.382984504257943,9.39147082690421,0.3702296178198952,0.5960479118794109,0.048036852196270005,0.08957396275101664,0.038110469271790556
adaptive,1,2.95,Cluster UAV+Node-KF DPC,-0.058175155858771116,58.80164766082224,50.351965780080576,6.731163400947605,6.743481452584801,0.24952255141510457,0.404134382624129,0.048036852196270005,0.08957396275101664,0.038110469271790556
adaptive,2,4.45,Cluster DPC,-0.06847449997460053,58.849957069922745,50.558600508583574,7.395927743160051,7.400563748341234,0.2812286899870154,0.3908833159278776,0.23835856017064114,0.23761494496621677,0.09215049941677994
adaptive,2,4.45,UAV+Node-KF DPC,-0.10097127161074325,58.817460298286605,50.526103736947434,8.978683935865353,8.98768479139566,0.3533935326617728,0.5636516675494482,0.05241620818203831,0.0673000092430737,0.021712522113565603
adaptive,2,4.45,Cluster UAV+Node-KF DPC,-0.05487682133138403,58.86355474856597,50.57219818722679,6.6014345600016044,6.618252692312976,0.24485708509777596,0.3908833159278776,0.05241620818203831,0.0673000092430737,0.021712522113565603
adaptive,3,5.95,Cluster DPC,-0.06116695374058523,58.91505585873457,50.74386965313276,6.967779441937646,6.969149514994913,0.26293749807368055,0.3767505782859437,0.20657156433455084,0.2077851239636999,0.060276491664514965
adaptive,3,5.95,UAV+Node-KF DPC,-0.09760248901902263,58.87862032345613,50.70743411785432,8.833488444853389,8.83548487492142,0.3445664240831,0.5481693202785077,0.039755761502968605,0.07784572681373839,0.013336913454050308
adaptive,3,5.95,Cluster UAV+Node-KF DPC,-0.0516449048987771,58.92457790757638,50.753391701974564,6.395404421326561,6.399680298255282,0.2359534957027773,0.3767505782859437,0.039755761502968605,0.07784572681373839,0.013336913454050308
adaptive,4,7.45,Cluster DPC,-0.060202406510138556,58.97188875495785,50.89671693507811,6.884000938441538,6.884587849328599,0.26025831920131337,0.3784660550145392,0.18333529893277795,0.18614375958807577,0.04299409045022379
adaptive,4,7.45,UAV+Node-KF DPC,-0.09735144633103551,58.934739715136956,50.859567895257214,8.862203628492285,8.859920068675565,0.3499085265174497,0.5458309465487102,0.028317911942332658,0.08634932132263164,0.012239730213532337
adaptive,4,7.45,Cluster UAV+Node-KF DPC,-0.0519527029114774,58.98013845855651,50.90496663867677,6.433543884749443,6.437168621972742,0.23941937664042995,0.3784660550145392,0.028317911942332658,0.08634932132263164,0.012239730213532337
adaptive,5,8.950000000000001,Cluster DPC,-0.05832263931643384,59.026349930554105,50.96899640690864,6.803509295412157,6.8041526664337635,0.2541336437692657,0.3764942109459605,0.16802555489532567,0.17000614569011024,0.03279856337716856
adaptive,5,8.950000000000001,UAV+Node-KF DPC,-0.09369607438470574,58.99097649548583,50.933622971840364,8.71981052132337,8.723273186705802,0.3419181707158619,0.5419328175698043,0.026887114479907753,0.06798345477894537,0.008385144478765845
adaptive,5,8.950000000000001,Cluster UAV+Node-KF DPC,-0.051374809190611714,59.03329776067992,50.975944237034454,6.395049023577697,6.400659804795533,0.23611399481326356,0.3764942109459605,0.026887114479907753,0.06798345477894537,0.008385144478765845
adaptive,6,10.450000000000001,Cluster DPC,-0.056710046010646664,59.07560098342428,51.132341918142416,6.700763601590829,6.700569825964626,0.2507171354679874,0.3727493657452953,0.15462306535139375,0.1569143037766359,0.025891316531340698
adaptive,6,10.450000000000001,UAV+Node-KF DPC,-0.09133858983647525,59.04097243959845,51.097713374316584,8.63313490102449,8.640346725345406,0.33959322056044305,0.5359708198127643,0.03025290141721536,0.08044369208789587,0.008699238650893408
adaptive,6,10.450000000000001,Cluster UAV+Node-KF DPC,-0.050970976346098186,59.081340053088816,51.13808098780696,6.376702400422346,6.38052901604498,0.23620686411726605,0.3727493657452953,0.03025290141721536,0.08044369208789587,0.008699238650893408
adaptive,7,11.950000000000001,Cluster DPC,-0.05709953918407813,59.11698580693453,51.2318994446521,6.770225860452191,6.775915423657968,0.25294614463052045,0.3756248066227073,0.14598686618355602,0.1469646452612579,0.02132482020041523
adaptive,7,11.950000000000001,UAV+Node-KF DPC,-0.09541887958527528,59.07866646653333,51.1935801042509,8.850132795094954,8.853021234483876,0.3467553549031835,0.5407277816174881,0.029246416539623697,0.08497835072670476,0.0076784835699784115
adaptive,7,11.950000000000001,Cluster UAV+Node-KF DPC,-0.05190287683668378,59.12218246928192,51.2370961069995,6.485830141689631,6.4933995230026085,0.23933309854672963,0.3756248066227073,0.029246416539623697,0.08497835072670476,0.0076784835699784115
