trial_index,seed,method,tail_power_db,final_power_db,tail_phase_std_deg,tail_phase_rmse_deg,tail_distance_rmse_m,tail_node_rmse_m,tail_uav_rmse_m
0,5200,No Algorithm,-3.9049004533924365,-3.8775852268126245,51.924508234866316,51.93663582438432,,,
0,5200,DPC,-3.90765880733624,-3.89396632437638,51.93252694075721,51.92774014185982,1.0067489437121429,1.733676964086123,0.2456707353163069
0,5200,Node-KF DPC,-2.0285884287814526,-1.85107611426378,38.83755150804546,38.84823211248966,0.17294345041494547,0.1603187102016936,0.2456707353163069
0,5200,KF-DPC,-0.8986506072010467,-0.8843879906621798,26.08940420880809,26.144369344656095,0.10746598621053143,0.1603187102016936,0.04822399807378909
0,5200,Shore Broadcast,-1.4065973108082328,-1.2406424147542,32.221499111591235,33.243966614106256,0.13876709723490485,0.17357125869122864,0.16159598851469406
1,6209,No Algorithm,-3.9046722614938973,-3.8544827956814713,51.926785989443395,51.924496019851524,,,
1,6209,DPC,-3.9095501557028225,-4.19691749423831,51.94512571619093,51.945195528296544,1.0098835460540494,1.7316727706353323,0.24924635207279314
1,6209,Node-KF DPC,-1.9879184861292274,-1.9072082082083297,38.465064083853186,38.46327042533712,0.17667457353296218,0.1609859363512123,0.24924635207279314
1,6209,KF-DPC,-0.9244507239255872,-0.9025084305397264,26.44552040994545,26.442292627157425,0.1081667978932488,0.1609859363512123,0.056810733625986515
1,6209,Shore Broadcast,-1.3514411293221043,-1.579383711800316,31.641498735411083,32.496536957715804,0.134893723156632,0.17339138751125907,0.15268263488238962
2,7218,No Algorithm,-3.892084788693497,-4.087862395780373,51.84842677184789,51.85659861375516,,,
2,7218,DPC,-3.9238464161360724,-3.598043198397198,52.037711095962145,52.028965523223796,1.0094968271243836,1.733828360695596,0.2419007211253757
2,7218,Node-KF DPC,-2.1762622992897898,-2.140218021028741,40.095995393231455,40.08465884182164,0.17967029301824322,0.16415063387305312,0.2419007211253757
2,7218,KF-DPC,-0.9136070925321743,-0.9352837994083798,26.305841016752463,26.886397546818422,0.11049701148047306,0.16415063387305312,0.06344126522094597
2,7218,Shore Broadcast,-1.4587689707229239,-2.4870155524071365,32.76608342583831,33.84215294859652,0.1411687006557188,0.17296124970375365,0.1663479185611446
3,8227,No Algorithm,-3.9309578746795037,-4.092495368823667,52.07071179027354,52.079810089414785,,,
3,8227,DPC,-3.898073633666482,-4.024257824673954,51.88420835011787,51.88971439003033,1.009734979580256,1.7347140063230597,0.24577282191415137
3,8227,Node-KF DPC,-1.9576777210103578,-1.902510082092772,38.18965049299093,38.21306415625993,0.16774576919319967,0.16132773543213527,0.24577282191415137
3,8227,KF-DPC,-0.8987143612369741,-0.9412631283532996,26.090459298851005,26.133330434657523,0.10696323448593273,0.16132773543213527,0.03163230389490333
3,8227,Shore Broadcast,-1.4521091550517682,-2.565931338362854,32.74512547083912,33.680601108065034,0.14068435022865824,0.17342723748466327,0.16563527172352016
4,9236,No Algorithm,-3.8901799787771236,-3.8646612327005463,51.845151304653776,51.849022145827334,,,
4,9236,DPC,-3.918359677113263,-3.8025730353292664,52.00002988085172,51.99786167509874,1.012740042424719,1.7316723058864232,0.24703924243246939
4,9236,Node-KF DPC,-2.2082890934975548,-2.0440542390496503,40.41888172467381,40.40472660266923,0.1845147124079744,0.16328682796311977,0.24703924243246939
4,9236,KF-DPC,-0.8619081914380371,-0.8829480131538874,25.547612120445038,25.55588512294242,0.10527971923881976,0.16328682796311977,0.01300914532000521
4,9236,Shore Broadcast,-1.3855182028020767,-1.3395345863816763,32.035701578331924,33.13918522913467,0.13785258058533484,0.17323758962911331,0.16074273679182893
5,10245,No Algorithm,-3.891019113119354,-4.182030163847842,51.840001216531874,51.84734199172143,,,
5,10245,DPC,-3.9124223147553208,-3.9678301464776555,51.961271607137434,51.950169126104626,1.0125753535760877,1.7334953366445758,0.24792963582330863
5,10245,Node-KF DPC,-2.084866346756097,-1.9800998677956723,39.28577567388061,39.27228097261182,0.17144317243051882,0.163857529761374,0.24792963582330863
5,10245,KF-DPC,-0.9327551905546189,-0.9243602851075563,26.57355310228098,26.606652693680985,0.10871924250088742,0.163857529761374,0.046622308623124664
5,10245,Shore Broadcast,-1.4018211798240878,-1.0312187360703482,32.17570109112705,33.37172844753174,0.13939775940019875,0.17262952098657908,0.16441666432090993
6,11254,No Algorithm,-3.894415803252929,-3.7967138171925283,51.86534443715563,51.870582969698354,,,
6,11254,DPC,-3.9162362443565275,-4.241866919834961,51.98290192998862,51.97866692078949,1.0114561969748281,1.7374409659895065,0.24661627852669937
6,11254,Node-KF DPC,-2.094150223424462,-2.0195223703409693,39.39483539447229,39.42350876235864,0.18020834122143278,0.16150932085446887,0.24661627852669937
6,11254,KF-DPC,-0.8666879706913726,-0.8819930114570996,25.621740783660062,25.72917641799386,0.10577689972194412,0.16150932085446887,0.020662072140368932
6,11254,Shore Broadcast,-1.3933463653205114,-2.0290028967813805,32.09508374699398,32.96991375134053,0.13684343885079647,0.17342065258793468,0.15254808396053826
7,12263,No Algorithm,-3.9206491735910105,-3.8491474414695186,52.01097158050417,52.00948555631261,,,
7,12263,DPC,-3.929322386213993,-3.787622444515536,52.0595727662243,52.054329471910584,1.0096269104643836,1.7283269847559182,0.2503489614552129
7,12263,Node-KF DPC,-1.896310346359929,-2.07349507060888,37.61378154629119,37.610865212578275,0.17169911237186103,0.1609993631960497,0.2503489614552129
7,12263,KF-DPC,-0.8331506141575777,-0.9154158531399068,25.112863555387218,25.115322699127994,0.1023076174434712,0.1609993631960497,0.011174938544858858
7,12263,Shore Broadcast,-1.4902067248780706,-1.940134195038437,33.12757204307273,33.845859126440196,0.14151901882852247,0.17307977952344208,0.1641154228402586
8,13272,No Algorithm,-3.9159271233604502,-3.724809138628781,51.985152399447166,51.982059021428356,,,
8,13272,DPC,-3.914898329224239,-4.012521321187885,51.98036440171163,51.97744646181313,1.0127574197533902,1.7356880859137136,0.24832557233817376
8,13272,Node-KF DPC,-2.2658741677903738,-2.196232719484061,40.88943212710572,40.87448364067813,0.1851912418524224,0.16078846004125696,0.24832557233817376
8,13272,KF-DPC,-0.8625259238069581,-0.9345869325267222,25.564544891041116,25.632056954580836,0.1042635229934005,0.16078846004125696,0.022582306215579908
8,13272,Shore Broadcast,-1.3393048068135425,-0.9385321139860585,31.51112907066514,32.55409509132682,0.13505301359632427,0.1733073895953524,0.15416289349045756
9,14281,No Algorithm,-3.9252462989347174,-3.974150483558343,52.028751400437606,52.02469152271621,,,
9,14281,DPC,-3.884161467500191,-3.737485423115172,51.80376986243995,51.801978505122285,1.0061048663333945,1.7307096134166249,0.2532758863275396
9,14281,Node-KF DPC,-2.084380026134292,-1.9941281641645834,39.333896884073766,39.320538294507905,0.17704985433119894,0.16276647249759404,0.2532758863275396
9,14281,KF-DPC,-0.884848064988457,-0.9442940599620185,25.88429997788482,25.88244948847694,0.10675514553159261,0.16276647249759404,0.0451340219142453
9,14281,Shore Broadcast,-1.3946303678082252,-1.2730063030110834,32.048936122334545,33.22916053312794,0.13873552902819236,0.17327884431439056,0.16191851404348526
