long_block,physical_time_s,method,final_norm_power_db,final_gain_over_single_mean_db,final_gain_over_single_best_db,final_phase_std_deg,final_phase_rmse_deg,final_distance_rmse_m,final_node_rmse_m,final_uav_rmse_m,final_uav_line_intercept_rmse_m,final_uav_velocity_rmse_mps
0,1.4500000000000002,No Algorithm,-3.9513785575474625,50.02802152917291,50.02802152917291,52.167679689132896,52.149733334528925,,,,,
0,1.4500000000000002,DPC,-3.991921154495157,49.987478932225216,49.987478932225216,52.42437713456651,52.422427402754735,1.1148179520574883,1.7215712132975736,0.8158761968881288,0.4268828145141712,0.5741828724468732
0,1.4500000000000002,Node-KF DPC,-3.878778170983994,50.10062191573638,50.10062191573638,51.77127832091537,51.779459924056745,0.489275607295232,0.2715348528438043,0.8158761968881288,0.4268828145141712,0.5741828724468732
0,1.4500000000000002,KF-DPC,-3.824466193268314,50.15493389345206,50.15493389345206,51.507852582371186,51.55266498713161,0.1933497032756605,0.2715348528438043,0.19380001406574324,0.057148593350516794,0.08997733686082167
0,1.4500000000000002,Shore Broadcast,-3.76718907386606,50.21221101285431,50.21221101285431,51.12012402443217,51.11176673680927,0.1330826590058475,0.17384958553913182,0.1517877111485964,,
1,2.95,No Algorithm,-3.948804411257435,50.03059567546294,50.03059567546294,52.14446474983784,52.137992914759934,,,,,
1,2.95,DPC,-3.930135214961989,50.04926487175838,50.04926487175838,52.04294568727464,52.019643675412205,1.055471105896851,1.728651204740445,0.6409468906325676,0.4213234334554656,0.2782282661636898
1,2.95,Node-KF DPC,-3.837835831826312,50.141564254894064,50.141564254894064,51.5510201233329,51.575515628490564,0.39294177420045867,0.2250289823747825,0.6409468906325676,0.4213234334554656,0.2782282661636898
1,2.95,KF-DPC,-3.854655743480037,50.12474434324034,50.12474434324034,51.639262956565666,51.621339832847205,0.1537363630791141,0.2250289823747825,0.14101537302948214,0.07023121813857622,0.044286236967453096
1,2.95,Shore Broadcast,-3.864638951008664,50.11476113571171,50.11476113571171,51.7232371550344,51.76123808253707,0.15124923121562556,0.17336515254126328,0.1880823604602821,,
2,4.45,No Algorithm,-3.8934918799930673,50.085908206727304,50.085908206727304,51.83060043553668,51.837738962560096,,,,,
2,4.45,DPC,-3.947204407562954,50.032195679157425,50.032195679157425,52.14229853111853,52.12172475208329,1.0383664722707653,1.7174754055461023,0.5570754239908041,0.4059217628160806,0.17430530405263625
2,4.45,Node-KF DPC,-3.888395891286379,50.091004195433996,50.091004195433996,51.81596012343996,51.794830636786024,0.34246494839417524,0.20515000760739577,0.5570754239908041,0.4059217628160806,0.17430530405263625
2,4.45,KF-DPC,-3.7832848304887006,50.19611525623168,50.19611525623168,51.244986942622006,51.28006768985797,0.137911164239446,0.20515000760739577,0.11272001709212065,0.09440325615199376,0.03092538859919889
2,4.45,Shore Broadcast,-3.7541228003274725,50.2252772863929,50.2252772863929,51.0906251926338,51.14265164140215,0.1392209066579641,0.1731053636278776,0.15683013164316986,,
3,5.95,No Algorithm,-4.064884941420451,49.91451514529992,49.91451514529992,52.76859312909071,52.75738101813444,,,,,
3,5.95,DPC,-3.930036707961345,50.04936337875903,50.04936337875903,52.04969640847865,52.050946718632986,1.0501552032467112,1.7357811892299608,0.4894522141019153,0.387283836648374,0.1210647001856863
3,5.95,Node-KF DPC,-3.834520551150813,50.14487953556956,50.14487953556956,51.53801029903836,51.53516958294637,0.3053106067214502,0.19371773482157323,0.4894522141019153,0.387283836648374,0.1210647001856863
3,5.95,KF-DPC,-3.7573201015878976,50.22207998513248,50.22207998513248,51.09595557367025,51.09264714760065,0.13030236131192624,0.19371773482157323,0.09322421996396552,0.11299046763329426,0.024665181263537523
3,5.95,Shore Broadcast,-3.8961964638555333,50.083203622864836,50.083203622864836,51.880345151711516,51.85487149546602,0.15068007180871784,0.1718503601904358,0.16416184701262365,,
4,7.45,No Algorithm,-3.868928181428174,50.1104719052922,50.1104719052922,51.71250901356753,51.70409200276805,,,,,
4,7.45,DPC,-3.9497392335333625,50.02966085318701,50.02966085318701,52.19111493004549,52.191083509160116,1.0461241161207675,1.727540797521779,0.4463304746171655,0.3690654848217359,0.09123436355843259
4,7.45,Node-KF DPC,-3.896448075883736,50.082952010836635,50.082952010836635,51.88480196503947,51.87107038290984,0.28406418121074617,0.18438285831676962,0.4463304746171655,0.3690654848217359,0.09123436355843259
4,7.45,KF-DPC,-3.659530610875155,50.319869475845216,50.319869475845216,50.53250590107929,50.50441084612748,0.12390838252893202,0.18438285831676962,0.07747591322840344,0.1266803279188943,0.020826005861094798
4,7.45,Shore Broadcast,-3.9233788603977615,50.05602122632261,50.05602122632261,52.0572236115666,52.09542375679051,0.13545528384006236,0.17186125042917855,0.16736441769995208,,
5,8.950000000000001,No Algorithm,-3.893680224177079,50.0857198625433,50.0857198625433,51.85012882595781,51.82113636445725,,,,,
5,8.950000000000001,DPC,-3.879933545686737,50.099466541033635,50.099466541033635,51.774707714332784,51.788301995167195,1.0518976442905514,1.7425799989618889,0.40927085720354067,0.35128885835267604,0.07142188580143986
5,8.950000000000001,Node-KF DPC,-3.955841940445909,50.02355814627447,50.02355814627447,52.228806966270255,52.280065491889864,0.260983364297945,0.17783665826712158,0.40927085720354067,0.35128885835267604,0.07142188580143986
5,8.950000000000001,KF-DPC,-3.5986317869536832,50.380768299766686,50.380768299766686,50.16645698126083,50.18060912728373,0.11807137563325514,0.17783665826712158,0.06271278474689074,0.13647318411661707,0.017477078354640907
5,8.950000000000001,Shore Broadcast,-3.7814340399861623,50.19796604673421,50.19796604673421,51.21697016797374,51.27566949963655,0.13710222436897845,0.17124800916608787,0.16476267050010113,,
6,10.450000000000001,No Algorithm,-3.990899610938801,49.98850047578158,49.98850047578158,52.431063271192514,52.39280597586909,,,,,
6,10.450000000000001,DPC,-3.9538423682849757,50.0255577184354,50.0255577184354,52.207992599238345,52.18646820406051,1.0145521338667505,1.7042245781583276,0.3808086058704283,0.3353012489817989,0.05799592829919209
6,10.450000000000001,Node-KF DPC,-3.943264245822804,50.03613584089757,50.03613584089757,52.10972697393341,52.11601047101815,0.2435252014711719,0.1741847091510795,0.3808086058704283,0.3353012489817989,0.05799592829919209
6,10.450000000000001,KF-DPC,-3.6369123089965996,50.342487777723775,50.342487777723775,50.40666986280066,50.404829572170954,0.11551444810568753,0.1741847091510795,0.05979696905860325,0.14372004833448646,0.015328666909912516
6,10.450000000000001,Shore Broadcast,-3.7408854150342394,50.23851467168613,50.23851467168613,51.028971882856524,51.06706960994596,0.14035231562901684,0.1722894481376477,0.151068085965731,,
7,11.950000000000001,No Algorithm,-3.8730759664743535,50.10632412024602,50.10632412024602,51.76639296652685,51.755506974434226,,,,,
7,11.950000000000001,DPC,-4.0088568686551005,49.97054321806527,49.97054321806527,52.48975599893483,52.47065599527898,1.0312092885790156,1.7442224516316138,0.3610505977553474,0.3203133339916645,0.048424799961615445
7,11.950000000000001,Node-KF DPC,-3.894127602678326,50.08527248404205,50.08527248404205,51.82227599421516,51.82901335926739,0.23373897774183255,0.17122161263252691,0.3610505977553474,0.3203133339916645,0.048424799961615445
7,11.950000000000001,KF-DPC,-3.560555658823898,50.41884442789648,50.41884442789648,49.979461468861416,50.01691250973584,0.11412627033432925,0.17122161263252691,0.05904959109085539,0.14898134235458632,0.01371841901388433
7,11.950000000000001,Shore Broadcast,-3.939224375849246,50.040175710871125,50.040175710871125,52.16198851050528,52.23349547017479,0.13575890285419134,0.17272041768010948,0.15142780585549423,,
8,13.450000000000001,No Algorithm,-3.949665415155888,50.02973467156448,50.02973467156448,52.171836343426186,52.15643622211373,,,,,
8,13.450000000000001,DPC,-3.8687523460187165,50.11064774070165,50.11064774070165,51.70709555813103,51.68743690349113,1.0234794653136874,1.736293481391907,0.3435300510658915,0.30660638554598657,0.041121347897817385
8,13.450000000000001,Node-KF DPC,-3.9764399445232623,50.00296014219711,50.00296014219711,52.282059017316286,52.25153291269311,0.22464238789735624,0.16901592493375947,0.3435300510658915,0.30660638554598657,0.041121347897817385
8,13.450000000000001,KF-DPC,-3.4745407817301355,50.504859304990234,50.504859304990234,49.403706491937456,49.43495195448047,0.11181845588523995,0.16901592493375947,0.056506878084700465,0.15249921238871844,0.01236896358851252
8,13.450000000000001,Shore Broadcast,-3.8664874313779363,50.11291265534244,50.11291265534244,51.72692852907022,51.804492674765754,0.133984529158985,0.17134698418782485,0.15305805948169415,,
9,14.950000000000001,No Algorithm,-3.934240837305885,50.045159249414496,50.045159249414496,52.102597415442176,52.0777476235217,,,,,
9,14.950000000000001,DPC,-3.9794497545379173,49.999950332182465,49.999950332182465,52.34403303680426,52.349069764992784,1.0274130775549015,1.7375121856256583,0.3245051809261365,0.2946880526366351,0.03530601953392967
9,14.950000000000001,Node-KF DPC,-3.855914465806052,50.12348562091432,50.12348562091432,51.65794438610969,51.64481075550598,0.2146617848810144,0.16821596264995176,0.3245051809261365,0.2946880526366351,0.03530601953392967
9,14.950000000000001,KF-DPC,-3.545844191697159,50.43355589502322,50.43355589502322,49.93169034345943,49.948244840255136,0.11062247777217046,0.16821596264995176,0.05301146924372161,0.15472951767886584,0.011146642687560191
9,14.950000000000001,Shore Broadcast,-3.7977928744110034,50.18160721230937,50.18160721230937,51.330910737949196,51.31570198328416,0.13164366754466003,0.17380422476160978,0.14410322140648768,,
10,16.45,No Algorithm,-3.8275065439165696,50.151893542803805,50.151893542803805,51.497371443157725,51.50753177624612,,,,,
10,16.45,DPC,-3.9406309329973266,50.03876915372305,50.03876915372305,52.143027019074154,52.139547932583504,1.032183438514326,1.741304078910391,0.3085231089124581,0.2843979275663638,0.030803226061225673
10,16.45,Node-KF DPC,-3.8824004368788816,50.09699964984149,50.09699964984149,51.791104190597046,51.80425838271681,0.20766651241781126,0.16621791910198286,0.3085231089124581,0.2843979275663638,0.030803226061225673
10,16.45,KF-DPC,-3.5499645510779008,50.42943553564247,50.42943553564247,49.896416458987204,49.88008651720111,0.10973856806941959,0.16621791910198286,0.05037037166108936,0.1559936445652511,0.010117660850579071
10,16.45,Shore Broadcast,-3.764567502974283,50.214832583746094,50.214832583746094,51.130957644967744,51.14504778838203,0.13944476496729202,0.17375475009723895,0.16532941885630897,,
11,17.95,No Algorithm,-3.949376980646466,50.03002310607391,50.03002310607391,52.17242089336041,52.172058775228585,,,,,
11,17.95,DPC,-3.9393993340392215,50.04000075268116,50.04000075268116,52.14693518103836,52.143514145149005,1.031653920127831,1.7392446865968239,0.2983403488709656,0.2753679218572032,0.027395476744938287
11,17.95,Node-KF DPC,-3.8735876845134802,50.105812402206894,50.105812402206894,51.78328995012097,51.79606933941608,0.2000840280085709,0.16451892324755962,0.2983403488709656,0.2753679218572032,0.027395476744938287
11,17.95,KF-DPC,-3.447880572752013,50.53151951396836,50.53151951396836,49.29735220459621,49.32996138620176,0.10824162950357627,0.16451892324755962,0.048496908564636725,0.15632177704005915,0.009241868549485
11,17.95,Shore Broadcast,-3.8056505673362424,50.17374951938414,50.17374951938414,51.37927673767898,51.3783968186037,0.1374983379177293,0.17288595389683833,0.15636731533568224,,
12,19.450000000000003,No Algorithm,-3.955537223639827,50.02386286308055,50.02386286308055,52.195907939621385,52.226198279145535,,,,,
12,19.450000000000003,DPC,-3.9508890392625173,50.02851104745786,50.02851104745786,52.18278040770273,52.14294394300416,1.0050735851017996,1.728145882164948,0.28492309444561154,0.26469291054143645,0.024141798283638514
12,19.450000000000003,Node-KF DPC,-3.895288091046561,50.08411199567381,50.08411199567381,51.85483077278174,51.82843780682132,0.19623120539378525,0.16453544270141565,0.28492309444561154,0.26469291054143645,0.024141798283638514
12,19.450000000000003,KF-DPC,-3.453250920760623,50.52614916595975,50.52614916595975,49.28582750048402,49.270750705706185,0.1092536938219372,0.16453544270141565,0.0459298470364632,0.15603155356669865,0.008467068466676556
12,19.450000000000003,Shore Broadcast,-3.849211799756472,50.1301882869639,50.1301882869639,51.605206571520455,51.586424172320065,0.1380856662196575,0.17399959347976335,0.15010758264919472,,
13,20.950000000000003,No Algorithm,-3.8952025131471886,50.08419757357319,50.08419757357319,51.8478415661195,51.844738085328366,,,,,
13,20.950000000000003,DPC,-3.8806900118791794,50.09871007484119,50.09871007484119,51.803024974148,51.80762653577081,1.0040859823415618,1.7322647159640319,0.2768424573961057,0.2572827911497062,0.021820749666247783
13,20.950000000000003,Node-KF DPC,-3.947116803221078,50.0322832834993,50.0322832834993,52.158180500961315,52.14166762882088,0.1901668002482196,0.16443236659172028,0.2768424573961057,0.2572827911497062,0.021820749666247783
13,20.950000000000003,KF-DPC,-3.5412852983410206,50.43811478837935,50.43811478837935,49.828277351685585,49.828382437510385,0.1100084610833502,0.16443236659172028,0.04356047973465906,0.1554061246760063,0.007796798531860094
13,20.950000000000003,Shore Broadcast,-3.997440102126185,49.98195998459419,49.98195998459419,52.43351935031387,52.41722284378742,0.1459234270555952,0.17191087112349263,0.17884713835115226,,
14,22.450000000000003,No Algorithm,-3.888718557614903,50.090681529105474,50.090681529105474,51.85655640772994,51.83323931562379,,,,,
14,22.450000000000003,DPC,-3.926475652312995,50.05292443440738,50.05292443440738,52.056686599486966,52.03389775167243,1.0201486915338738,1.731101741408489,0.26959803283635225,0.24972858665812417,0.019801148410523748
14,22.450000000000003,Node-KF DPC,-3.913848656391165,50.06555143032921,50.06555143032921,51.940769193372816,51.93292666155751,0.18900524550023584,0.16180006994301468,0.26959803283635225,0.24972858665812417,0.019801148410523748
14,22.450000000000003,KF-DPC,-3.3790939873334014,50.60030609938697,50.60030609938697,48.87090669941726,48.88963758974936,0.10854112281997838,0.16180006994301468,0.04074649135382663,0.15441407670613397,0.007199489923891103
14,22.450000000000003,Shore Broadcast,-3.7551647164960538,50.22423537022433,50.22423537022433,51.101993419624606,51.11518491663016,0.13814490064902285,0.17445294639227915,0.15280607281624273,,
15,23.950000000000003,No Algorithm,-3.8817925861891056,50.09760750053127,50.09760750053127,51.8178077567379,51.86013727713271,,,,,
15,23.950000000000003,DPC,-3.8280968198326555,50.15130326688772,50.15130326688772,51.49594013695886,51.48127300551905,1.008393473346103,1.7308331113755486,0.260124280207551,0.24247649536746238,0.017946521138054016
15,23.950000000000003,Node-KF DPC,-3.9385123076320183,50.04088777908835,50.04088777908835,52.15008961625158,52.15270467862263,0.18216004511999637,0.16294359523107899,0.260124280207551,0.24247649536746238,0.017946521138054016
15,23.950000000000003,KF-DPC,-3.4102434131119215,50.56915667360846,50.56915667360846,49.066619544447995,49.12998197406962,0.10666462174801991,0.16294359523107899,0.03773783821893019,0.1531483018185946,0.006662791726095537
15,23.950000000000003,Shore Broadcast,-3.811516068541754,50.167884018178626,50.167884018178626,51.42516861472488,51.45830918379782,0.1282964379305918,0.17266837544955055,0.14186629894228117,,
16,25.450000000000003,No Algorithm,-3.9153918935852112,50.064008193135166,50.064008193135166,51.99570031997712,51.97455013687691,,,,,
16,25.450000000000003,DPC,-3.989799751713309,49.98960033500707,49.98960033500707,52.382205020738425,52.361124513377526,1.00353365655208,1.7340296969148281,0.2539481454986158,0.23740029671813234,0.016561388737629197
16,25.450000000000003,Node-KF DPC,-3.8616903743796445,50.11770971234073,50.11770971234073,51.673931348577284,51.698375196524466,0.17879952855840883,0.1621169568957149,0.2539481454986158,0.23740029671813234,0.016561388737629197
16,25.450000000000003,KF-DPC,-3.380826289270562,50.598573797449816,50.598573797449816,48.89791191154994,48.94693367451855,0.10680281618430545,0.1621169568957149,0.036086137443413366,0.15167198642256235,0.00618802396760802
16,25.450000000000003,Shore Broadcast,-3.86970633753144,50.109693749188935,50.109693749188935,51.749425033228036,51.78544109636622,0.13967056808210457,0.17247822829965656,0.15843270881543922,,
17,26.950000000000003,No Algorithm,-3.9213813997120335,50.05801868700834,50.05801868700834,52.06747759886787,52.07915980068867,,,,,
17,26.950000000000003,DPC,-3.9414463159567497,50.03795377076362,50.03795377076362,52.12282550360419,52.140714518793814,1.0199613629590698,1.7497471636648227,0.2473749766065762,0.23285860474550385,0.015339427069474696
17,26.950000000000003,Node-KF DPC,-3.9276787569475413,50.05172132977283,50.05172132977283,52.03570009876181,51.9964438219218,0.17645836763744002,0.16277430045490796,0.2473749766065762,0.23285860474550385,0.015339427069474696
17,26.950000000000003,KF-DPC,-3.4325936043721708,50.54680648234821,50.54680648234821,49.19068961839479,49.16396957412688,0.10663913007774603,0.16277430045490796,0.035822186846741384,0.14998507107120454,0.005771514183856177
17,26.950000000000003,Shore Broadcast,-3.8633955014775156,50.116004585242855,50.116004585242855,51.714803192839284,51.746578304771774,0.1423273610734955,0.17444213134700465,0.1717146034750588,,
18,28.450000000000003,No Algorithm,-3.9094180270201324,50.069982059700244,50.069982059700244,51.943882388772124,51.91651069853975,,,,,
18,28.450000000000003,DPC,-3.923720254580098,50.05567983214028,50.05567983214028,52.01677670254496,51.97337745182087,1.0075616553262503,1.7377621848821456,0.24175553923431609,0.22670564533415064,0.014157062185626425
18,28.450000000000003,Node-KF DPC,-3.8819776101847996,50.09742247653557,50.09742247653557,51.80036070290943,51.77496659987512,0.17155670598245895,0.16099358500681646,0.24175553923431609,0.22670564533415064,0.014157062185626425
18,28.450000000000003,KF-DPC,-3.4108096089079294,50.56859047781245,50.56859047781245,49.089246901167115,49.08772436999875,0.105468674936985,0.16099358500681646,0.035510156412854245,0.1481789907262003,0.005389106625406727
18,28.450000000000003,Shore Broadcast,-3.904320763730058,50.07507932299032,50.07507932299032,51.94011515443623,51.962991353640874,0.14219155232930344,0.17408403301866726,0.16771851205564167,,
19,29.950000000000003,No Algorithm,-3.8737471431851995,50.105652943535176,50.105652943535176,51.751643801647404,51.747160004415925,,,,,
19,29.950000000000003,DPC,-3.9537905754023055,50.025609511318066,50.025609511318066,52.171168251223,52.16971046376466,1.0248410980279945,1.7479512119112404,0.23656172745908582,0.22150661362191823,0.013149332575315992
19,29.950000000000003,Node-KF DPC,-3.8787409036818583,50.100659183038516,50.100659183038516,51.80153310624331,51.818918805511544,0.171784830693204,0.1638827588910256,0.23656172745908582,0.22150661362191823,0.013149332575315992
19,29.950000000000003,KF-DPC,-3.3841108700946094,50.595289216625766,50.595289216625766,48.92263227341958,48.92596484803567,0.10796311659134165,0.1638827588910256,0.035373988943927806,0.14637256899945458,0.0050552934217184
19,29.950000000000003,Shore Broadcast,-3.8786613499549034,50.10073873676547,50.10073873676547,51.75396942575664,51.7683746429981,0.14641870198063506,0.17418024015684738,0.17169937796603235,,
