factor,factor_value,factor_label,frequency_MHz,wavelength_m,N,connectivity,uav_position_noise_m,node_position_noise_m,mc_trials,T_long,K,TL_s,Ts_s,buoy_wave_speed_mps,buoy_wave_diffusion_m_per_sqrt_s,no_algorithm_tail_power_db,dfpc_tail_power_db,dfpc_gain_over_no_algorithm_db,no_algorithm_tail_gain_over_single_mean_db,dfpc_tail_gain_over_single_mean_db,dfpc_tail_gain_over_single_best_db,no_algorithm_tail_phase_std_deg,no_algorithm_tail_phase_rmse_deg,random_reference_tail_power_db,random_reference_gain_over_single_mean_db,random_reference_tail_phase_std_deg,random_reference_tail_phase_rmse_deg,dfpc_tail_phase_std_deg,dfpc_tail_phase_rmse_deg,dfpc_tail_distance_rmse_m,dfpc_tail_node_rmse_m,dfpc_tail_uav_rmse_m,dfpc_tail_uav_line_intercept_rmse_m,dfpc_tail_uav_velocity_rmse_mps,dfpc_final_power_db,dfpc_final_phase_std_deg,dfpc_final_phase_rmse_deg,dfpc_final_distance_rmse_m,kf_dfpc_tail_power_db,kf_improvement_over_dfpc_db,kf_dfpc_gain_over_single_mean_db,kf_dfpc_phase_std_deg,kf_dfpc_phase_rmse_deg,kf_dfpc_distance_rmse_m,kf_dfpc_node_rmse_m,kf_dfpc_uav_rmse_m,kf_dfpc_final_power_db,kf_dfpc_final_phase_std_deg,kf_dfpc_final_phase_rmse_deg,kf_dfpc_final_distance_rmse_m,cluster_dfpc_tail_power_db,cluster_dfpc_gain_over_single_mean_db,cluster_dfpc_tail_phase_std_deg,cluster_dfpc_tail_phase_rmse_deg,cluster_dfpc_tail_distance_rmse_m,cluster_dfpc_tail_node_rmse_m,cluster_dfpc_tail_uav_rmse_m,cluster_dfpc_final_power_db,cluster_dfpc_final_phase_std_deg,cluster_dfpc_final_distance_rmse_m,cluster_kf_dfpc_tail_power_db,cluster_kf_dfpc_gain_over_single_mean_db,cluster_kf_dfpc_tail_phase_std_deg,cluster_kf_dfpc_tail_phase_rmse_deg,cluster_kf_dfpc_tail_distance_rmse_m,cluster_kf_dfpc_tail_node_rmse_m,cluster_kf_dfpc_tail_uav_rmse_m,cluster_kf_dfpc_final_power_db,cluster_kf_dfpc_final_phase_std_deg,cluster_kf_dfpc_final_distance_rmse_m,point_index,point_out_dir
connectivity,0.0005,p=0.0005,20.0,15.0,300,0.0005,10.0,1.0,20,8,30,1.5,0.05,5.0,0.5,-3.8800602732989558,-1.1998419294811797,2.680218343817776,44.75358491662881,47.43402385894456,39.664307831358585,51.881499914979656,51.8877525434134,-3.89072528670851,44.7428670839121,51.938861390239786,51.93858031776255,30.21622295377705,30.23034084043501,1.2606880094979163,1.7314804429123243,1.3449458967249697,1.3360136626898582,0.21644831902808379,-1.1808390537788334,29.932738182587364,29.939389639837934,1.2453749683232376,-0.2347279128247093,0.96511401665647,48.39893667267013,13.671797869370678,13.822731286732141,0.561878362449336,0.5394659405051181,0.7758167917541118,-0.22771569529893293,13.470309824092727,13.571568812245687,0.5493329922155754,-0.5251399407760313,48.10869056226294,20.161983562719186,20.18104468876252,0.8326437023893166,0.5181813024325895,1.3449458967249697,-0.4893166247972415,19.427534523225898,0.8017566970233918,-0.22639718537767514,48.40727358259297,13.363907320658567,13.512032926869773,0.5482488343720281,0.5181813024325895,0.7758167917541118,-0.2141984536844654,13.02055152756304,0.5325801830349157,0,C:\Users\mika\Documents\Codex\2026-08-21\d-git-bullshitsim\outputs\full_subgraph_sweep\connectivity_convergence\connectivity\point_00
connectivity,0.001,p=0.001,20.0,15.0,300,0.001,10.0,1.0,20,8,30,1.5,0.05,5.0,0.5,-3.8800602732989558,-1.191484067293844,2.6885762060051115,44.75358491662881,47.44238599203034,39.67266996444435,51.881499914979656,51.8877525434134,-3.89072528670851,44.7428670839121,51.938861390239786,51.93858031776255,30.1074743217026,30.12095324963722,1.2558272299910473,1.7314804429123243,1.3305087395395938,1.3219406580088668,0.21414013910528107,-1.172601986251147,29.852031119933166,29.85606655158265,1.2411297806069916,-0.2089537559417211,0.9825303113521233,48.42468410106829,12.999589281908792,13.160070808411144,0.5333466244757851,0.5394659405051181,0.6985948223186081,-0.20586568165442692,12.899664172735758,13.00927114546476,0.5251560082003126,-0.5170133139117331,48.116828091255705,20.009454734005374,20.02838750262714,0.8258871469700697,0.5221590735044753,1.3305087395395938,-0.48173586499026644,19.31934715242952,0.7961714830197827,-0.20218222209306935,48.43146373527467,12.719311354487017,12.878579609589254,0.5207888642969697,0.5221590735044753,0.6985948223186081,-0.19664782295432254,12.569801068040837,0.5119754175388381,1,C:\Users\mika\Documents\Codex\2026-08-21\d-git-bullshitsim\outputs\full_subgraph_sweep\connectivity_convergence\connectivity\point_01
connectivity,0.002,p=0.002,20.0,15.0,300,0.002,10.0,1.0,20,8,30,1.5,0.05,5.0,0.5,-3.8800602732989558,-1.1733244479482543,2.7067358253507012,44.75358491662881,47.46052792193716,39.69081189435117,51.881499914979656,51.8877525434134,-3.89072528670851,44.7428670839121,51.938861390239786,51.93858031776255,29.879277238610552,29.8900542441777,1.2452449406042276,1.7314804429123243,1.2971980010962223,1.2895506182707601,0.20873970380910378,-1.156559630684319,29.670360055380275,29.669664103333275,1.2325593164038948,-0.17249351297314797,1.0008309349751066,48.46111160678128,11.88414336428825,12.06263677345664,0.48576207438559904,0.5394659405051181,0.5804980302889811,-0.17348006807841243,11.90265021081939,12.02351913653811,0.48190960940567446,-0.5015076858026323,48.132318109364746,19.69989783886393,19.716148600377412,0.8119430196363999,0.5312375138979107,1.2971980010962223,-0.4623103773513627,18.96245874298223,0.7800367394728502,-0.16923780460619148,48.46437720196195,11.68090119767408,11.84863211839154,0.4760442379069225,0.5312375138979107,0.5804980302889811,-0.16540999932557757,11.615732197535081,0.4704645370192281,2,C:\Users\mika\Documents\Codex\2026-08-21\d-git-bullshitsim\outputs\full_subgraph_sweep\connectivity_convergence\connectivity\point_02
connectivity,0.003,p=0.003,20.0,15.0,300,0.003,10.0,1.0,20,8,30,1.5,0.05,5.0,0.5,-3.8800602732989558,-1.1568621642339418,2.7231981090650144,44.75358491662881,47.47700142774649,39.70728540016051,51.881499914979656,51.8877525434134,-3.89072528670851,44.7428670839121,51.938861390239786,51.93858031776255,29.69010275762938,29.69994065219862,1.2372906378515305,1.7314804429123243,1.270143001532593,1.2633053539938144,0.2044421008309006,-1.1418372393186877,29.483603378029706,29.481593029673945,1.224285086287395,-0.1538080164495053,1.0030541477844366,48.47979055618917,11.25701199932646,11.434261806767845,0.4587662675538809,0.5394659405051181,0.5085445314142649,-0.15561836686720615,11.309326993276983,11.428038526925334,0.45614366395402317,-0.48915836352905295,48.14467415463085,19.49233149847574,19.503522040188432,0.8029022623180907,0.53704058709876,1.270143001532593,-0.4574391515581909,18.81799721404556,0.7729205800359495,-0.15303427640223663,48.480571130577644,11.125450383388179,11.290244214063348,0.45146965796284216,0.53704058709876,0.5085445314142649,-0.15476090442328633,11.170029009637584,0.4498575348397801,3,C:\Users\mika\Documents\Codex\2026-08-21\d-git-bullshitsim\outputs\full_subgraph_sweep\connectivity_convergence\connectivity\point_03
connectivity,0.005,p=0.005,20.0,15.0,300,0.005,10.0,1.0,20,8,30,1.5,0.05,5.0,0.5,-3.8800602732989558,-1.1265351958575744,2.7535250774413815,44.75358491662881,47.50732369777782,39.73760767019183,51.881499914979656,51.8877525434134,-3.89072528670851,44.7428670839121,51.938861390239786,51.93858031776255,29.30886417755869,29.320134193862305,1.220810940325616,1.7314804429123243,1.2130360336789747,1.2130065141307063,0.1957450189890415,-1.1104987574073315,29.062689044072464,29.057110798642803,1.2065451358592505,-0.13180925052456816,0.994725945333006,48.501787814768214,10.407069794627247,10.591693585172614,0.42321068562487135,0.5394659405051181,0.41519244245778847,-0.1318764181434261,10.389084915493953,10.509878551296547,0.4168091231484123,-0.45987815487999906,48.173958922337114,18.959625690206625,18.97391307688987,0.7814151962709057,0.5458909549304369,1.2130360336789747,-0.4182733204735892,18.089508341177876,0.7442947947182964,-0.1317566951150176,48.50184369933224,10.351458831683436,10.52480032081741,0.4201594590850252,0.5458909549304369,0.41519244245778847,-0.12916350714938993,10.272963823873063,0.41407867006957166,4,C:\Users\mika\Documents\Codex\2026-08-21\d-git-bullshitsim\outputs\full_subgraph_sweep\connectivity_convergence\connectivity\point_04
connectivity,0.008,p=0.008,20.0,15.0,300,0.008,10.0,1.0,20,8,30,1.5,0.05,5.0,0.5,-3.8800602732989558,-1.0786142118674467,2.801446061431509,44.75358491662881,47.555202172633216,39.78548614504724,51.881499914979656,51.8877525434134,-3.89072528670851,44.7428670839121,51.938861390239786,51.93858031776255,28.69735663718829,28.709798493094194,1.1941185576396587,1.7314804429123243,1.1376244264501112,1.1396566129897001,0.18386836338804544,-1.067498859479895,28.48694954769066,28.48210323418154,1.1823944695129769,-0.11609143714927406,0.9625227747181722,48.51749700683357,9.740656619959983,9.939871058585597,0.3953097253855054,0.5394659405051181,0.3398174425270241,-0.1161539487768194,9.742281464063888,9.879056238341843,0.3898561980242917,-0.4124818300427072,48.22128333179394,17.95721047867627,17.97505637291539,0.7383844577490537,0.5515727519402444,1.1376244264501112,-0.386886912470064,17.369804757942322,0.7134361130658889,-0.11680300786854893,48.51677430865453,9.696833052704262,9.882747750760169,0.39214091220917274,0.5515727519402444,0.3398174425270241,-0.11833729315121345,9.756421261255342,0.3919360232128808,5,C:\Users\mika\Documents\Codex\2026-08-21\d-git-bullshitsim\outputs\full_subgraph_sweep\connectivity_convergence\connectivity\point_05
connectivity,0.01,p=0.01,20.0,15.0,300,0.01,10.0,1.0,20,8,30,1.5,0.05,5.0,0.5,-3.8800602732989558,-1.0574892076713158,2.8225710656276397,44.75358491662881,47.5763341026733,39.80661807508731,51.881499914979656,51.8877525434134,-3.89072528670851,44.7428670839121,51.938861390239786,51.93858031776255,28.403768899622133,28.415652154897032,1.1813259277083965,1.7314804429123243,1.0959848416727274,1.099087724944867,0.17731956270197524,-1.0451907428617315,28.188880479060145,28.18410464143964,1.1696125272894293,-0.1105534753147707,0.9469357323565455,48.52303284909386,9.498745680758228,9.701580486121498,0.3850909124379122,0.5394659405051181,0.3105678308181046,-0.11086597450787003,9.517590775885017,9.657481980628962,0.3802451444621223,-0.3918719893558442,48.24186757857811,17.4670741668638,17.4894321061237,0.7182192978960521,0.5561398609985552,1.0959848416727274,-0.3628173414704127,16.805466947731965,0.6901376679911851,-0.11383355630091989,48.51974147915483,9.539517479652957,9.739369348578247,0.3866541328323559,0.5561398609985552,0.3105678308181046,-0.11305201933167894,9.521640196047816,0.38375570157074224,6,C:\Users\mika\Documents\Codex\2026-08-21\d-git-bullshitsim\outputs\full_subgraph_sweep\connectivity_convergence\connectivity\point_06
connectivity,0.02,p=0.02,20.0,15.0,300,0.02,10.0,1.0,20,8,30,1.5,0.05,5.0,0.5,-3.8800602732989558,-0.9763512648114904,2.9037090084874655,44.75358491662881,47.657400929114964,39.88768490152898,51.881499914979656,51.8877525434134,-3.89072528670851,44.7428670839121,51.938861390239786,51.93858031776255,27.290937824744777,27.30619651590519,1.133771709264866,1.7314804429123243,0.9338654537488935,0.9277939682652482,0.15051049091645843,-0.9689060823114198,27.095881633051068,27.096078128559327,1.1222621867411686,-0.10150557371310777,0.8748456910983827,48.532075327842634,9.08811825958135,9.290362948865114,0.3670487121107093,0.5394659405051181,0.2485218497299819,-0.10224065591676379,9.123395692153474,9.26563024874238,0.36303660140678534,-0.31118932233060503,48.322520382532225,15.620489377942226,15.648586267408433,0.6400120978626184,0.5597308399846577,0.9338654537488935,-0.2921653267153134,15.159139285268983,0.6200186542572712,-0.10653139552165766,48.527055172368335,9.224789429939799,9.439568879154914,0.37197474247524426,0.5597308399846577,0.2485218497299819,-0.10575819845510237,9.184156792842067,0.3669119346689007,7,C:\Users\mika\Documents\Codex\2026-08-21\d-git-bullshitsim\outputs\full_subgraph_sweep\connectivity_convergence\connectivity\point_07
connectivity,0.03,p=0.03,20.0,15.0,300,0.03,10.0,1.0,20,8,30,1.5,0.05,5.0,0.5,-3.8800602732989558,-0.9304282534484866,2.9496320198504695,44.75358491662881,47.70327396068653,39.93355793310055,51.881499914979656,51.8877525434134,-3.89072528670851,44.7428670839121,51.938861390239786,51.93858031776255,26.64324674619577,26.66084385417859,1.1058922348369455,1.7314804429123243,0.8230136297118523,0.8200589736214933,0.13305553964556477,-0.937168987320504,26.60998133827861,26.60447684341218,1.10035026955733,-0.0995104107529164,0.8309178426955706,48.53406958806984,8.99654765032919,9.19842239401401,0.3629535770439918,0.5394659405051181,0.23132529860631676,-0.10019780120005824,9.029577988796966,9.172836128541254,0.3589365109314002,-0.26232269826003024,48.37137764179546,14.337320413077379,14.372879561880794,0.5864474889272787,0.5550756181825199,0.8230136297118523,-0.2474772675120709,13.871954779752368,0.5664407767001938,-0.10287910095378024,48.53071312083134,9.030648385481557,9.25708350481385,0.36534788350497927,0.5550756181825199,0.23132529860631676,-0.1008301332926961,8.908548569092819,0.35628167364415314,8,C:\Users\mika\Documents\Codex\2026-08-21\d-git-bullshitsim\outputs\full_subgraph_sweep\connectivity_convergence\connectivity\point_08
connectivity,0.05,p=0.05,20.0,15.0,300,0.05,10.0,1.0,20,8,30,1.5,0.05,5.0,0.5,-3.8800602732989558,-0.8780230824041036,3.0020371908948524,44.75358491662881,47.75565247922741,39.98593645164142,51.881499914979656,51.8877525434134,-3.89072528670851,44.7428670839121,51.938861390239786,51.93858031776255,25.87047073628317,25.890146970666894,1.0726635101150768,1.7314804429123243,0.6767109814256062,0.6749591960178218,0.10953591647080718,-0.8882294199971188,25.912953005735574,25.902874265103446,1.069673210882831,-0.09851655913282317,0.7795065232712808,48.53506188485389,8.944040707493931,9.147264484040043,0.36063373918571956,0.5394659405051181,0.22061050399671042,-0.09943366672704589,8.98575108523678,9.129614728180393,0.35683985233634685,-0.20461917300888366,48.42903350165257,12.692127452674235,12.740064923124384,0.5161509673251816,0.538831774239142,0.6767109814256062,-0.19474002998744844,12.430754815743652,0.502972186387287,-0.09713079608888714,48.53645973353114,8.777648308545478,9.022104945431147,0.3552524831681764,0.538831774239142,0.22061050399671042,-0.09563404680006068,8.773059479795078,0.35065655209409546,9,C:\Users\mika\Documents\Codex\2026-08-21\d-git-bullshitsim\outputs\full_subgraph_sweep\connectivity_convergence\connectivity\point_09
connectivity,0.08,p=0.08,20.0,15.0,300,0.08,10.0,1.0,20,8,30,1.5,0.05,5.0,0.5,-3.8800602732989558,-0.8431826587272127,3.0368776145717433,44.75358491662881,47.79046747108998,40.020751443504,51.881499914979656,51.8877525434134,-3.89072528670851,44.7428670839121,51.938861390239786,51.93858031776255,25.32376350623342,25.346391865649576,1.0493448696601397,1.7314804429123243,0.5574274428739275,0.5562347012514871,0.090129198082172,-0.855612076284739,25.4104734750573,25.407049837058373,1.0484481685446085,-0.09831312228364025,0.744869536443572,48.53526562248102,8.93126208147188,9.135501294349673,0.3600732729045941,0.5394659405051181,0.21735305409541397,-0.09905475193330815,8.966071058602532,9.11172661842874,0.3560459668220024,-0.15928136097109274,48.47434443123277,11.143617834907909,11.199126175817922,0.44929260023504397,0.5021735410697574,0.5574274428739275,-0.15117156474013937,10.901714720882856,0.43782672998390293,-0.08626093577521596,48.547333460870306,8.227683066539361,8.477109507890852,0.33082466666913213,0.5021735410697574,0.21735305409541397,-0.08468472471881026,8.20384041534861,0.32558867856480633,10,C:\Users\mika\Documents\Codex\2026-08-21\d-git-bullshitsim\outputs\full_subgraph_sweep\connectivity_convergence\connectivity\point_10
connectivity,0.1,p=0.1,20.0,15.0,300,0.1,10.0,1.0,20,8,30,1.5,0.05,5.0,0.5,-3.8800602732989558,-0.8281683791767648,3.0518918941221913,44.75358491662881,47.805475267206916,40.03575923962092,51.881499914979656,51.8877525434134,-3.89072528670851,44.7428670839121,51.938861390239786,51.93858031776255,25.092319496785603,25.116203430051026,1.039784233928798,1.7314804429123243,0.4996021574317176,0.5035951659126062,0.08094959215678739,-0.8427403778629899,25.220506763489716,25.220103179512016,1.040866195246135,-0.09823236353337908,0.729936015643386,48.53534628155028,8.927556345095804,9.132422377283849,0.35997117438243786,0.5394659405051181,0.21656967793344925,-0.09898421149910784,8.96277659150036,9.109137125374644,0.3559676407004716,-0.13581539826528075,48.497813400454255,10.287294650754992,10.341683009788403,0.4126596575685255,0.47262539514080876,0.4996021574317176,-0.12653930750593098,9.93826985122357,0.39596314883150086,-0.07855533527368798,48.55503170016795,7.846320818807887,8.08829006080042,0.31365614453987806,0.47262539514080876,0.21656967793344925,-0.07745287879673807,7.812736757562223,0.3072975442705467,11,C:\Users\mika\Documents\Codex\2026-08-21\d-git-bullshitsim\outputs\full_subgraph_sweep\connectivity_convergence\connectivity\point_11
