factor,factor_value,factor_label,point_index,point_out_dir,method,tail_power_db,convergence_step_05db,convergence_time_s_05db,transient_deficit_mean_db,first_block_power_db
connectivity,0.0005,p=0.0005,0,C:\Users\mika\Documents\Codex\2026-08-21\d-git-bullshitsim\outputs\full_subgraph_sweep\connectivity_convergence\connectivity\point_00,DPC,-1.1998419294811797,111,5.550000000000001,1.209147965110544,-3.5425886794342705
connectivity,0.0005,p=0.0005,0,C:\Users\mika\Documents\Codex\2026-08-21\d-git-bullshitsim\outputs\full_subgraph_sweep\connectivity_convergence\connectivity\point_00,UAV+Node-KF DPC,-0.2347279128247093,87,4.3500000000000005,1.0817475717190592,-2.8158898585171204
connectivity,0.0005,p=0.0005,0,C:\Users\mika\Documents\Codex\2026-08-21\d-git-bullshitsim\outputs\full_subgraph_sweep\connectivity_convergence\connectivity\point_00,Cluster DPC,-0.5251399407760313,115,5.75,1.4314326148489576,-3.4223649395370677
connectivity,0.0005,p=0.0005,0,C:\Users\mika\Documents\Codex\2026-08-21\d-git-bullshitsim\outputs\full_subgraph_sweep\connectivity_convergence\connectivity\point_00,Cluster UAV+Node-KF DPC,-0.22639718537767514,86,4.3,1.078333061353225,-2.808727685504068
connectivity,0.001,p=0.001,1,C:\Users\mika\Documents\Codex\2026-08-21\d-git-bullshitsim\outputs\full_subgraph_sweep\connectivity_convergence\connectivity\point_01,DPC,-1.191484067293844,110,5.5,1.1896088389877488,-3.5246862443331812
connectivity,0.001,p=0.001,1,C:\Users\mika\Documents\Codex\2026-08-21\d-git-bullshitsim\outputs\full_subgraph_sweep\connectivity_convergence\connectivity\point_01,UAV+Node-KF DPC,-0.2089537559417211,80,4.0,0.9889290850958188,-2.6730288803856523
connectivity,0.001,p=0.001,1,C:\Users\mika\Documents\Codex\2026-08-21\d-git-bullshitsim\outputs\full_subgraph_sweep\connectivity_convergence\connectivity\point_01,Cluster DPC,-0.5170133139117331,114,5.7,1.4078182984161292,-3.3965877318036752
connectivity,0.001,p=0.001,1,C:\Users\mika\Documents\Codex\2026-08-21\d-git-bullshitsim\outputs\full_subgraph_sweep\connectivity_convergence\connectivity\point_01,Cluster UAV+Node-KF DPC,-0.20218222209306935,79,3.95,0.9867045381346515,-2.6687716443817022
connectivity,0.002,p=0.002,2,C:\Users\mika\Documents\Codex\2026-08-21\d-git-bullshitsim\outputs\full_subgraph_sweep\connectivity_convergence\connectivity\point_02,DPC,-1.1733244479482543,105,5.25,1.1503777716303825,-3.479951480334345
connectivity,0.002,p=0.002,2,C:\Users\mika\Documents\Codex\2026-08-21\d-git-bullshitsim\outputs\full_subgraph_sweep\connectivity_convergence\connectivity\point_02,UAV+Node-KF DPC,-0.17249351297314797,69,3.45,0.8423049430083981,-2.380635569608182
connectivity,0.002,p=0.002,2,C:\Users\mika\Documents\Codex\2026-08-21\d-git-bullshitsim\outputs\full_subgraph_sweep\connectivity_convergence\connectivity\point_02,Cluster DPC,-0.5015076858026323,110,5.5,1.3560725796120068,-3.331308713203078
connectivity,0.002,p=0.002,2,C:\Users\mika\Documents\Codex\2026-08-21\d-git-bullshitsim\outputs\full_subgraph_sweep\connectivity_convergence\connectivity\point_02,Cluster UAV+Node-KF DPC,-0.16923780460619148,69,3.45,0.8361489841229984,-2.3702484580709733
connectivity,0.003,p=0.003,3,C:\Users\mika\Documents\Codex\2026-08-21\d-git-bullshitsim\outputs\full_subgraph_sweep\connectivity_convergence\connectivity\point_03,DPC,-1.1568621642339418,103,5.15,1.1192595116989414,-3.4252723683311297
connectivity,0.003,p=0.003,3,C:\Users\mika\Documents\Codex\2026-08-21\d-git-bullshitsim\outputs\full_subgraph_sweep\connectivity_convergence\connectivity\point_03,UAV+Node-KF DPC,-0.1538080164495053,60,3.0,0.7293285389995064,-2.1447249203355985
connectivity,0.003,p=0.003,3,C:\Users\mika\Documents\Codex\2026-08-21\d-git-bullshitsim\outputs\full_subgraph_sweep\connectivity_convergence\connectivity\point_03,Cluster DPC,-0.48915836352905295,107,5.3500000000000005,1.3144760248850853,-3.2597762373473333
connectivity,0.003,p=0.003,3,C:\Users\mika\Documents\Codex\2026-08-21\d-git-bullshitsim\outputs\full_subgraph_sweep\connectivity_convergence\connectivity\point_03,Cluster UAV+Node-KF DPC,-0.15303427640223663,60,3.0,0.7231073708939246,-2.136577355413824
connectivity,0.005,p=0.005,4,C:\Users\mika\Documents\Codex\2026-08-21\d-git-bullshitsim\outputs\full_subgraph_sweep\connectivity_convergence\connectivity\point_04,DPC,-1.1265351958575744,98,4.9,1.0618370519805505,-3.322744549306921
connectivity,0.005,p=0.005,4,C:\Users\mika\Documents\Codex\2026-08-21\d-git-bullshitsim\outputs\full_subgraph_sweep\connectivity_convergence\connectivity\point_04,UAV+Node-KF DPC,-0.13180925052456816,50,2.5,0.5804590251042463,-1.7809227193609742
connectivity,0.005,p=0.005,4,C:\Users\mika\Documents\Codex\2026-08-21\d-git-bullshitsim\outputs\full_subgraph_sweep\connectivity_convergence\connectivity\point_04,Cluster DPC,-0.45987815487999906,103,5.15,1.2425144677705007,-3.1282264229347434
connectivity,0.005,p=0.005,4,C:\Users\mika\Documents\Codex\2026-08-21\d-git-bullshitsim\outputs\full_subgraph_sweep\connectivity_convergence\connectivity\point_04,Cluster UAV+Node-KF DPC,-0.1317566951150176,50,2.5,0.5736908861151658,-1.7659199634972491
connectivity,0.008,p=0.008,5,C:\Users\mika\Documents\Codex\2026-08-21\d-git-bullshitsim\outputs\full_subgraph_sweep\connectivity_convergence\connectivity\point_05,DPC,-1.0786142118674467,94,4.7,0.9992256846855112,-3.1996826660988376
connectivity,0.008,p=0.008,5,C:\Users\mika\Documents\Codex\2026-08-21\d-git-bullshitsim\outputs\full_subgraph_sweep\connectivity_convergence\connectivity\point_05,UAV+Node-KF DPC,-0.11609143714927406,42,2.1,0.44854587509574806,-1.41173129064873
connectivity,0.008,p=0.008,5,C:\Users\mika\Documents\Codex\2026-08-21\d-git-bullshitsim\outputs\full_subgraph_sweep\connectivity_convergence\connectivity\point_05,Cluster DPC,-0.4124818300427072,97,4.8500000000000005,1.158613597611684,-2.972319408291941
connectivity,0.008,p=0.008,5,C:\Users\mika\Documents\Codex\2026-08-21\d-git-bullshitsim\outputs\full_subgraph_sweep\connectivity_convergence\connectivity\point_05,Cluster UAV+Node-KF DPC,-0.11680300786854893,42,2.1,0.442048682032411,-1.3991675109074753
connectivity,0.01,p=0.01,6,C:\Users\mika\Documents\Codex\2026-08-21\d-git-bullshitsim\outputs\full_subgraph_sweep\connectivity_convergence\connectivity\point_06,DPC,-1.0574892076713158,89,4.45,0.955178560273332,-3.1154152231155456
connectivity,0.01,p=0.01,6,C:\Users\mika\Documents\Codex\2026-08-21\d-git-bullshitsim\outputs\full_subgraph_sweep\connectivity_convergence\connectivity\point_06,UAV+Node-KF DPC,-0.1105534753147707,39,1.9500000000000002,0.391803760587547,-1.2437314343161885
connectivity,0.01,p=0.01,6,C:\Users\mika\Documents\Codex\2026-08-21\d-git-bullshitsim\outputs\full_subgraph_sweep\connectivity_convergence\connectivity\point_06,Cluster DPC,-0.3918719893558442,92,4.6000000000000005,1.0973385773544515,-2.859866823391931
connectivity,0.01,p=0.01,6,C:\Users\mika\Documents\Codex\2026-08-21\d-git-bullshitsim\outputs\full_subgraph_sweep\connectivity_convergence\connectivity\point_06,Cluster UAV+Node-KF DPC,-0.11383355630091989,39,1.9500000000000002,0.3831012971670111,-1.2316458787092985
connectivity,0.02,p=0.02,7,C:\Users\mika\Documents\Codex\2026-08-21\d-git-bullshitsim\outputs\full_subgraph_sweep\connectivity_convergence\connectivity\point_07,DPC,-0.9763512648114904,76,3.8000000000000003,0.7827365838652404,-2.7497051244476465
connectivity,0.02,p=0.02,7,C:\Users\mika\Documents\Codex\2026-08-21\d-git-bullshitsim\outputs\full_subgraph_sweep\connectivity_convergence\connectivity\point_07,UAV+Node-KF DPC,-0.10150557371310777,32,1.6,0.2403862661439154,-0.7658824708172753
connectivity,0.02,p=0.02,7,C:\Users\mika\Documents\Codex\2026-08-21\d-git-bullshitsim\outputs\full_subgraph_sweep\connectivity_convergence\connectivity\point_07,Cluster DPC,-0.31118932233060503,78,3.9000000000000004,0.8908780307719061,-2.4131069321006358
connectivity,0.02,p=0.02,7,C:\Users\mika\Documents\Codex\2026-08-21\d-git-bullshitsim\outputs\full_subgraph_sweep\connectivity_convergence\connectivity\point_07,Cluster UAV+Node-KF DPC,-0.10653139552165766,32,1.6,0.23088691850341636,-0.7548213016081098
connectivity,0.03,p=0.03,8,C:\Users\mika\Documents\Codex\2026-08-21\d-git-bullshitsim\outputs\full_subgraph_sweep\connectivity_convergence\connectivity\point_08,DPC,-0.9304282534484866,65,3.25,0.6594870370703358,-2.4847570185748404
connectivity,0.03,p=0.03,8,C:\Users\mika\Documents\Codex\2026-08-21\d-git-bullshitsim\outputs\full_subgraph_sweep\connectivity_convergence\connectivity\point_08,UAV+Node-KF DPC,-0.0995104107529164,29,1.4500000000000002,0.18083541284796265,-0.5707645237721504
connectivity,0.03,p=0.03,8,C:\Users\mika\Documents\Codex\2026-08-21\d-git-bullshitsim\outputs\full_subgraph_sweep\connectivity_convergence\connectivity\point_08,Cluster DPC,-0.26232269826003024,67,3.35,0.7469870924421351,-2.083841722816975
connectivity,0.03,p=0.03,8,C:\Users\mika\Documents\Codex\2026-08-21\d-git-bullshitsim\outputs\full_subgraph_sweep\connectivity_convergence\connectivity\point_08,Cluster UAV+Node-KF DPC,-0.10287910095378024,29,1.4500000000000002,0.1734736532461347,-0.5585520038762776
connectivity,0.05,p=0.05,9,C:\Users\mika\Documents\Codex\2026-08-21\d-git-bullshitsim\outputs\full_subgraph_sweep\connectivity_convergence\connectivity\point_09,DPC,-0.8780230824041036,53,2.6500000000000004,0.5106185359059874,-2.1451430985738638
connectivity,0.05,p=0.05,9,C:\Users\mika\Documents\Codex\2026-08-21\d-git-bullshitsim\outputs\full_subgraph_sweep\connectivity_convergence\connectivity\point_09,UAV+Node-KF DPC,-0.09851655913282317,29,1.4500000000000002,0.13082126249868012,-0.40108127463129595
connectivity,0.05,p=0.05,9,C:\Users\mika\Documents\Codex\2026-08-21\d-git-bullshitsim\outputs\full_subgraph_sweep\connectivity_convergence\connectivity\point_09,Cluster DPC,-0.20461917300888366,55,2.75,0.5690132982045798,-1.6656459295097092
connectivity,0.05,p=0.05,9,C:\Users\mika\Documents\Codex\2026-08-21\d-git-bullshitsim\outputs\full_subgraph_sweep\connectivity_convergence\connectivity\point_09,Cluster UAV+Node-KF DPC,-0.09713079608888714,29,1.4500000000000002,0.12253205370720674,-0.3796361835939932
connectivity,0.08,p=0.08,10,C:\Users\mika\Documents\Codex\2026-08-21\d-git-bullshitsim\outputs\full_subgraph_sweep\connectivity_convergence\connectivity\point_10,DPC,-0.8431826587272127,42,2.1,0.37676903702042364,-1.8049750352240794
connectivity,0.08,p=0.08,10,C:\Users\mika\Documents\Codex\2026-08-21\d-git-bullshitsim\outputs\full_subgraph_sweep\connectivity_convergence\connectivity\point_10,UAV+Node-KF DPC,-0.09831312228364025,29,1.4500000000000002,0.10644577489737571,-0.3149067028086003
connectivity,0.08,p=0.08,10,C:\Users\mika\Documents\Codex\2026-08-21\d-git-bullshitsim\outputs\full_subgraph_sweep\connectivity_convergence\connectivity\point_10,Cluster DPC,-0.15928136097109274,44,2.2,0.412654984144084,-1.2545606111539942
connectivity,0.08,p=0.08,10,C:\Users\mika\Documents\Codex\2026-08-21\d-git-bullshitsim\outputs\full_subgraph_sweep\connectivity_convergence\connectivity\point_10,Cluster UAV+Node-KF DPC,-0.08626093577521596,29,1.4500000000000002,0.09451811476228617,-0.27159692793047596
connectivity,0.1,p=0.1,11,C:\Users\mika\Documents\Codex\2026-08-21\d-git-bullshitsim\outputs\full_subgraph_sweep\connectivity_convergence\connectivity\point_11,DPC,-0.8281683791767648,38,1.9000000000000001,0.3219119382668208,-1.6631691980019268
connectivity,0.1,p=0.1,11,C:\Users\mika\Documents\Codex\2026-08-21\d-git-bullshitsim\outputs\full_subgraph_sweep\connectivity_convergence\connectivity\point_11,UAV+Node-KF DPC,-0.09823236353337908,29,1.4500000000000002,0.09922791104118754,-0.2885723712095258
connectivity,0.1,p=0.1,11,C:\Users\mika\Documents\Codex\2026-08-21\d-git-bullshitsim\outputs\full_subgraph_sweep\connectivity_convergence\connectivity\point_11,Cluster DPC,-0.13581539826528075,40,2.0,0.3501400054638387,-1.0736277140765917
connectivity,0.1,p=0.1,11,C:\Users\mika\Documents\Codex\2026-08-21\d-git-bullshitsim\outputs\full_subgraph_sweep\connectivity_convergence\connectivity\point_11,Cluster UAV+Node-KF DPC,-0.07855533527368798,29,1.4500000000000002,0.08603413700675965,-0.23187220507698647
