factor,factor_value,factor_label,point_index,point_out_dir,trial_index,seed,method,tail_power_db,final_power_db,tail_phase_std_deg,tail_phase_rmse_deg,tail_distance_rmse_m,tail_node_rmse_m,tail_uav_rmse_m
frequency,200.0,200 MHz,0,D:\git\sim\outputs\KF-DPC失效频率扫描_200-600MHz_N500_MC10_预热20_20260910\frequency\point_00,0,5200,No Algorithm,-3.9049004533924365,-3.8775852268126245,51.924508234866316,51.93663582438432,,,
frequency,200.0,200 MHz,0,D:\git\sim\outputs\KF-DPC失效频率扫描_200-600MHz_N500_MC10_预热20_20260910\frequency\point_00,0,5200,DPC,-3.90765880733624,-3.89396632437638,51.93252694075721,51.92774014185982,1.0067489437121429,1.733676964086123,0.2456707353163069
frequency,200.0,200 MHz,0,D:\git\sim\outputs\KF-DPC失效频率扫描_200-600MHz_N500_MC10_预热20_20260910\frequency\point_00,0,5200,KF-DPC,-0.8986506072010467,-0.8843879906621798,26.08940420880809,26.144369344656095,0.10746598621053143,0.1603187102016936,0.04822399807378909
frequency,200.0,200 MHz,0,D:\git\sim\outputs\KF-DPC失效频率扫描_200-600MHz_N500_MC10_预热20_20260910\frequency\point_00,1,6209,No Algorithm,-3.9046722614938973,-3.8544827956814713,51.926785989443395,51.924496019851524,,,
frequency,200.0,200 MHz,0,D:\git\sim\outputs\KF-DPC失效频率扫描_200-600MHz_N500_MC10_预热20_20260910\frequency\point_00,1,6209,DPC,-3.9095501557028225,-4.19691749423831,51.94512571619093,51.945195528296544,1.0098835460540494,1.7316727706353323,0.24924635207279314
frequency,200.0,200 MHz,0,D:\git\sim\outputs\KF-DPC失效频率扫描_200-600MHz_N500_MC10_预热20_20260910\frequency\point_00,1,6209,KF-DPC,-0.9244507239255872,-0.9025084305397264,26.44552040994545,26.442292627157425,0.1081667978932488,0.1609859363512123,0.056810733625986515
frequency,200.0,200 MHz,0,D:\git\sim\outputs\KF-DPC失效频率扫描_200-600MHz_N500_MC10_预热20_20260910\frequency\point_00,2,7218,No Algorithm,-3.892084788693497,-4.087862395780373,51.84842677184789,51.85659861375516,,,
frequency,200.0,200 MHz,0,D:\git\sim\outputs\KF-DPC失效频率扫描_200-600MHz_N500_MC10_预热20_20260910\frequency\point_00,2,7218,DPC,-3.9238464161360724,-3.598043198397198,52.037711095962145,52.028965523223796,1.0094968271243836,1.733828360695596,0.2419007211253757
frequency,200.0,200 MHz,0,D:\git\sim\outputs\KF-DPC失效频率扫描_200-600MHz_N500_MC10_预热20_20260910\frequency\point_00,2,7218,KF-DPC,-0.9136070925321743,-0.9352837994083798,26.305841016752463,26.886397546818422,0.11049701148047306,0.16415063387305312,0.06344126522094597
frequency,200.0,200 MHz,0,D:\git\sim\outputs\KF-DPC失效频率扫描_200-600MHz_N500_MC10_预热20_20260910\frequency\point_00,3,8227,No Algorithm,-3.9309578746795037,-4.092495368823667,52.07071179027354,52.079810089414785,,,
frequency,200.0,200 MHz,0,D:\git\sim\outputs\KF-DPC失效频率扫描_200-600MHz_N500_MC10_预热20_20260910\frequency\point_00,3,8227,DPC,-3.898073633666482,-4.024257824673954,51.88420835011787,51.88971439003033,1.009734979580256,1.7347140063230597,0.24577282191415137
frequency,200.0,200 MHz,0,D:\git\sim\outputs\KF-DPC失效频率扫描_200-600MHz_N500_MC10_预热20_20260910\frequency\point_00,3,8227,KF-DPC,-0.8987143612369741,-0.9412631283532996,26.090459298851005,26.133330434657523,0.10696323448593273,0.16132773543213527,0.03163230389490333
frequency,200.0,200 MHz,0,D:\git\sim\outputs\KF-DPC失效频率扫描_200-600MHz_N500_MC10_预热20_20260910\frequency\point_00,4,9236,No Algorithm,-3.8901799787771236,-3.8646612327005463,51.845151304653776,51.849022145827334,,,
frequency,200.0,200 MHz,0,D:\git\sim\outputs\KF-DPC失效频率扫描_200-600MHz_N500_MC10_预热20_20260910\frequency\point_00,4,9236,DPC,-3.918359677113263,-3.8025730353292664,52.00002988085172,51.99786167509874,1.012740042424719,1.7316723058864232,0.24703924243246939
frequency,200.0,200 MHz,0,D:\git\sim\outputs\KF-DPC失效频率扫描_200-600MHz_N500_MC10_预热20_20260910\frequency\point_00,4,9236,KF-DPC,-0.8619081914380371,-0.8829480131538874,25.547612120445038,25.55588512294242,0.10527971923881976,0.16328682796311977,0.01300914532000521
frequency,200.0,200 MHz,0,D:\git\sim\outputs\KF-DPC失效频率扫描_200-600MHz_N500_MC10_预热20_20260910\frequency\point_00,5,10245,No Algorithm,-3.891019113119354,-4.182030163847842,51.840001216531874,51.84734199172143,,,
frequency,200.0,200 MHz,0,D:\git\sim\outputs\KF-DPC失效频率扫描_200-600MHz_N500_MC10_预热20_20260910\frequency\point_00,5,10245,DPC,-3.9124223147553208,-3.9678301464776555,51.961271607137434,51.950169126104626,1.0125753535760877,1.7334953366445758,0.24792963582330863
frequency,200.0,200 MHz,0,D:\git\sim\outputs\KF-DPC失效频率扫描_200-600MHz_N500_MC10_预热20_20260910\frequency\point_00,5,10245,KF-DPC,-0.9327551905546189,-0.9243602851075563,26.57355310228098,26.606652693680985,0.10871924250088742,0.163857529761374,0.046622308623124664
frequency,200.0,200 MHz,0,D:\git\sim\outputs\KF-DPC失效频率扫描_200-600MHz_N500_MC10_预热20_20260910\frequency\point_00,6,11254,No Algorithm,-3.894415803252929,-3.7967138171925283,51.86534443715563,51.870582969698354,,,
frequency,200.0,200 MHz,0,D:\git\sim\outputs\KF-DPC失效频率扫描_200-600MHz_N500_MC10_预热20_20260910\frequency\point_00,6,11254,DPC,-3.9162362443565275,-4.241866919834961,51.98290192998862,51.97866692078949,1.0114561969748281,1.7374409659895065,0.24661627852669937
frequency,200.0,200 MHz,0,D:\git\sim\outputs\KF-DPC失效频率扫描_200-600MHz_N500_MC10_预热20_20260910\frequency\point_00,6,11254,KF-DPC,-0.8666879706913726,-0.8819930114570996,25.621740783660062,25.72917641799386,0.10577689972194412,0.16150932085446887,0.020662072140368932
frequency,200.0,200 MHz,0,D:\git\sim\outputs\KF-DPC失效频率扫描_200-600MHz_N500_MC10_预热20_20260910\frequency\point_00,7,12263,No Algorithm,-3.9206491735910105,-3.8491474414695186,52.01097158050417,52.00948555631261,,,
frequency,200.0,200 MHz,0,D:\git\sim\outputs\KF-DPC失效频率扫描_200-600MHz_N500_MC10_预热20_20260910\frequency\point_00,7,12263,DPC,-3.929322386213993,-3.787622444515536,52.0595727662243,52.054329471910584,1.0096269104643836,1.7283269847559182,0.2503489614552129
frequency,200.0,200 MHz,0,D:\git\sim\outputs\KF-DPC失效频率扫描_200-600MHz_N500_MC10_预热20_20260910\frequency\point_00,7,12263,KF-DPC,-0.8331506141575777,-0.9154158531399068,25.112863555387218,25.115322699127994,0.1023076174434712,0.1609993631960497,0.011174938544858858
frequency,200.0,200 MHz,0,D:\git\sim\outputs\KF-DPC失效频率扫描_200-600MHz_N500_MC10_预热20_20260910\frequency\point_00,8,13272,No Algorithm,-3.9159271233604502,-3.724809138628781,51.985152399447166,51.982059021428356,,,
frequency,200.0,200 MHz,0,D:\git\sim\outputs\KF-DPC失效频率扫描_200-600MHz_N500_MC10_预热20_20260910\frequency\point_00,8,13272,DPC,-3.914898329224239,-4.012521321187885,51.98036440171163,51.97744646181313,1.0127574197533902,1.7356880859137136,0.24832557233817376
frequency,200.0,200 MHz,0,D:\git\sim\outputs\KF-DPC失效频率扫描_200-600MHz_N500_MC10_预热20_20260910\frequency\point_00,8,13272,KF-DPC,-0.8625259238069581,-0.9345869325267222,25.564544891041116,25.632056954580836,0.1042635229934005,0.16078846004125696,0.022582306215579908
frequency,200.0,200 MHz,0,D:\git\sim\outputs\KF-DPC失效频率扫描_200-600MHz_N500_MC10_预热20_20260910\frequency\point_00,9,14281,No Algorithm,-3.9252462989347174,-3.974150483558343,52.028751400437606,52.02469152271621,,,
frequency,200.0,200 MHz,0,D:\git\sim\outputs\KF-DPC失效频率扫描_200-600MHz_N500_MC10_预热20_20260910\frequency\point_00,9,14281,DPC,-3.884161467500191,-3.737485423115172,51.80376986243995,51.801978505122285,1.0061048663333945,1.7307096134166249,0.2532758863275396
frequency,200.0,200 MHz,0,D:\git\sim\outputs\KF-DPC失效频率扫描_200-600MHz_N500_MC10_预热20_20260910\frequency\point_00,9,14281,KF-DPC,-0.884848064988457,-0.9442940599620185,25.88429997788482,25.88244948847694,0.10675514553159261,0.16276647249759404,0.0451340219142453
frequency,250.0,250 MHz,1,D:\git\sim\outputs\KF-DPC失效频率扫描_200-600MHz_N500_MC10_预热20_20260910\frequency\point_01,0,5200,No Algorithm,-3.900804471769288,-3.677171526515406,51.912367450081106,51.91169650734569,,,
frequency,250.0,250 MHz,1,D:\git\sim\outputs\KF-DPC失效频率扫描_200-600MHz_N500_MC10_预热20_20260910\frequency\point_01,0,5200,DPC,-3.927129298965262,-3.941699079111067,52.04755395703796,52.04796839020028,1.0067489437121429,1.733676964086123,0.2456707353163069
frequency,250.0,250 MHz,1,D:\git\sim\outputs\KF-DPC失效频率扫描_200-600MHz_N500_MC10_预热20_20260910\frequency\point_01,0,5200,KF-DPC,-1.3689611814041402,-1.370091779837542,32.133708289004566,32.18117449355247,0.10746598621053143,0.1603187102016936,0.04822399807378909
frequency,250.0,250 MHz,1,D:\git\sim\outputs\KF-DPC失效频率扫描_200-600MHz_N500_MC10_预热20_20260910\frequency\point_01,1,6209,No Algorithm,-3.9114939845180823,-4.069405337283784,51.958194973392885,51.95671384139722,,,
frequency,250.0,250 MHz,1,D:\git\sim\outputs\KF-DPC失效频率扫描_200-600MHz_N500_MC10_预热20_20260910\frequency\point_01,1,6209,DPC,-3.912893357439727,-4.069522249283268,51.969804814120685,51.96897838486448,1.0098835460540494,1.7316727706353323,0.24924635207279314
frequency,250.0,250 MHz,1,D:\git\sim\outputs\KF-DPC失效频率扫描_200-600MHz_N500_MC10_预热20_20260910\frequency\point_01,1,6209,KF-DPC,-1.4044818861358153,-1.349911861106614,32.518036180322646,32.51257818410076,0.1081667978932488,0.1609859363512123,0.056810733625986515
frequency,250.0,250 MHz,1,D:\git\sim\outputs\KF-DPC失效频率扫描_200-600MHz_N500_MC10_预热20_20260910\frequency\point_01,2,7218,No Algorithm,-3.9100312832632778,-4.21278517233541,51.953429435727045,51.95899226324174,,,
frequency,250.0,250 MHz,1,D:\git\sim\outputs\KF-DPC失效频率扫描_200-600MHz_N500_MC10_预热20_20260910\frequency\point_01,2,7218,DPC,-3.9200606539345486,-3.688500147422385,51.99691980318443,51.98552936617557,1.0094968271243836,1.733828360695596,0.2419007211253757
frequency,250.0,250 MHz,1,D:\git\sim\outputs\KF-DPC失效频率扫描_200-600MHz_N500_MC10_预热20_20260910\frequency\point_01,2,7218,KF-DPC,-1.389692567818076,-1.3898137658243914,32.37694867858686,32.980778271923334,0.11049701148047306,0.16415063387305312,0.06344126522094597
frequency,250.0,250 MHz,1,D:\git\sim\outputs\KF-DPC失效频率扫描_200-600MHz_N500_MC10_预热20_20260910\frequency\point_01,3,8227,No Algorithm,-3.9053445614261824,-3.7998737981904327,51.92448370896506,51.92875005436734,,,
frequency,250.0,250 MHz,1,D:\git\sim\outputs\KF-DPC失效频率扫描_200-600MHz_N500_MC10_预热20_20260910\frequency\point_01,3,8227,DPC,-3.916736007259323,-3.872954871474075,51.99200273690066,51.985545884205884,1.009734979580256,1.7347140063230597,0.24577282191415137
frequency,250.0,250 MHz,1,D:\git\sim\outputs\KF-DPC失效频率扫描_200-600MHz_N500_MC10_预热20_20260910\frequency\point_01,3,8227,KF-DPC,-1.3665530154160321,-1.417281515897476,32.10643054523022,32.15625673331146,0.10696323448593273,0.16132773543213527,0.03163230389490333
frequency,250.0,250 MHz,1,D:\git\sim\outputs\KF-DPC失效频率扫描_200-600MHz_N500_MC10_预热20_20260910\frequency\point_01,4,9236,No Algorithm,-3.874279250586745,-4.01561436252977,51.760021324821174,51.759344876646004,,,
frequency,250.0,250 MHz,1,D:\git\sim\outputs\KF-DPC失效频率扫描_200-600MHz_N500_MC10_预热20_20260910\frequency\point_01,4,9236,DPC,-3.897996363101699,-3.730676925241166,51.8865369428028,51.894990822689614,1.012740042424719,1.7316723058864232,0.24703924243246939
frequency,250.0,250 MHz,1,D:\git\sim\outputs\KF-DPC失效频率扫描_200-600MHz_N500_MC10_预热20_20260910\frequency\point_01,4,9236,KF-DPC,-1.3163751727093211,-1.3590439605472553,31.51668706375306,31.52338020041309,0.10527971923881976,0.16328682796311977,0.01300914532000521
frequency,250.0,250 MHz,1,D:\git\sim\outputs\KF-DPC失效频率扫描_200-600MHz_N500_MC10_预热20_20260910\frequency\point_01,5,10245,No Algorithm,-3.89359853307996,-3.8698840490248,51.874112190730344,51.8752922654289,,,
frequency,250.0,250 MHz,1,D:\git\sim\outputs\KF-DPC失效频率扫描_200-600MHz_N500_MC10_预热20_20260910\frequency\point_01,5,10245,DPC,-3.9226839205649036,-4.067348366916079,52.02367920849451,52.018915105118104,1.0125753535760877,1.7334953366445758,0.24792963582330863
frequency,250.0,250 MHz,1,D:\git\sim\outputs\KF-DPC失效频率扫描_200-600MHz_N500_MC10_预热20_20260910\frequency\point_01,5,10245,KF-DPC,-1.4155091314021029,-1.391902698465703,32.658500138169316,32.69274274051633,0.10871924250088742,0.163857529761374,0.046622308623124664
frequency,250.0,250 MHz,1,D:\git\sim\outputs\KF-DPC失效频率扫描_200-600MHz_N500_MC10_预热20_20260910\frequency\point_01,6,11254,No Algorithm,-3.9232453125392825,-4.2205525735444835,52.025170913226724,52.02490298227654,,,
frequency,250.0,250 MHz,1,D:\git\sim\outputs\KF-DPC失效频率扫描_200-600MHz_N500_MC10_预热20_20260910\frequency\point_01,6,11254,DPC,-3.902182993635621,-3.9410795436785624,51.91266167348278,51.9065931598861,1.0114561969748281,1.7374409659895065,0.24661627852669937
frequency,250.0,250 MHz,1,D:\git\sim\outputs\KF-DPC失效频率扫描_200-600MHz_N500_MC10_预热20_20260910\frequency\point_01,6,11254,KF-DPC,-1.3234147846920248,-1.350950365139334,31.60805759188872,31.72337334372527,0.10577689972194412,0.16150932085446887,0.020662072140368932
frequency,250.0,250 MHz,1,D:\git\sim\outputs\KF-DPC失效频率扫描_200-600MHz_N500_MC10_预热20_20260910\frequency\point_01,7,12263,No Algorithm,-3.917186522112281,-4.149534163433406,51.990961034490645,51.989174586784195,,,
frequency,250.0,250 MHz,1,D:\git\sim\outputs\KF-DPC失效频率扫描_200-600MHz_N500_MC10_预热20_20260910\frequency\point_01,7,12263,DPC,-3.9025010158754876,-4.165324850910477,51.90978728651398,51.89678274645818,1.0096269104643836,1.7283269847559182,0.2503489614552129
frequency,250.0,250 MHz,1,D:\git\sim\outputs\KF-DPC失效频率扫描_200-600MHz_N500_MC10_预热20_20260910\frequency\point_01,7,12263,KF-DPC,-1.270253862824355,-1.3839425494387374,30.961222156505343,30.967087963640545,0.1023076174434712,0.1609993631960497,0.011174938544858858
frequency,250.0,250 MHz,1,D:\git\sim\outputs\KF-DPC失效频率扫描_200-600MHz_N500_MC10_预热20_20260910\frequency\point_01,8,13272,No Algorithm,-3.9199611782684576,-3.7910245567249397,52.00539471509925,52.00511617467883,,,
frequency,250.0,250 MHz,1,D:\git\sim\outputs\KF-DPC失效频率扫描_200-600MHz_N500_MC10_预热20_20260910\frequency\point_01,8,13272,DPC,-3.919646433775617,-3.6401601883707766,52.00677159937321,52.01361257191934,1.0127574197533902,1.7356880859137136,0.24832557233817376
frequency,250.0,250 MHz,1,D:\git\sim\outputs\KF-DPC失效频率扫描_200-600MHz_N500_MC10_预热20_20260910\frequency\point_01,8,13272,KF-DPC,-1.3080294627214906,-1.3880762313645323,31.424909741132282,31.496662190837736,0.1042635229934005,0.16078846004125696,0.022582306215579908
frequency,250.0,250 MHz,1,D:\git\sim\outputs\KF-DPC失效频率扫描_200-600MHz_N500_MC10_预热20_20260910\frequency\point_01,9,14281,No Algorithm,-3.9054126512193204,-3.940140599571203,51.92576029204823,51.93146724461625,,,
frequency,250.0,250 MHz,1,D:\git\sim\outputs\KF-DPC失效频率扫描_200-600MHz_N500_MC10_预热20_20260910\frequency\point_01,9,14281,DPC,-3.8961325827034927,-4.170194236329419,51.875498008308256,51.875139194472894,1.0061048663333945,1.7307096134166249,0.2532758863275396
frequency,250.0,250 MHz,1,D:\git\sim\outputs\KF-DPC失效频率扫描_200-600MHz_N500_MC10_预热20_20260910\frequency\point_01,9,14281,KF-DPC,-1.346466430810326,-1.426019482517482,31.852525673204962,31.847899258677774,0.10675514553159261,0.16276647249759404,0.0451340219142453
frequency,300.0,300 MHz,2,D:\git\sim\outputs\KF-DPC失效频率扫描_200-600MHz_N500_MC10_预热20_20260910\frequency\point_02,0,5200,No Algorithm,-3.9408518535487627,-3.981303078148927,52.12845412621336,52.123831274151065,,,
frequency,300.0,300 MHz,2,D:\git\sim\outputs\KF-DPC失效频率扫描_200-600MHz_N500_MC10_预热20_20260910\frequency\point_02,0,5200,DPC,-3.900914487042149,-3.833441159234987,51.90246126729889,51.894242060035566,1.0067489437121429,1.733676964086123,0.2456707353163069
frequency,300.0,300 MHz,2,D:\git\sim\outputs\KF-DPC失效频率扫描_200-600MHz_N500_MC10_预热20_20260910\frequency\point_02,0,5200,KF-DPC,-1.880892653139476,-1.8811636346277867,37.45823687961555,37.49333871734111,0.10746598621053143,0.1603187102016936,0.04822399807378909
frequency,300.0,300 MHz,2,D:\git\sim\outputs\KF-DPC失效频率扫描_200-600MHz_N500_MC10_预热20_20260910\frequency\point_02,1,6209,No Algorithm,-3.900211227946986,-3.7389816599943053,51.90072426764742,51.89992744656555,,,
frequency,300.0,300 MHz,2,D:\git\sim\outputs\KF-DPC失效频率扫描_200-600MHz_N500_MC10_预热20_20260910\frequency\point_02,1,6209,DPC,-3.89417112424338,-3.6820684971338657,51.86382012579418,51.864887151653285,1.0098835460540494,1.7316727706353323,0.24924635207279314
frequency,300.0,300 MHz,2,D:\git\sim\outputs\KF-DPC失效频率扫描_200-600MHz_N500_MC10_预热20_20260910\frequency\point_02,1,6209,KF-DPC,-1.9277638402685418,-1.822950873205439,37.88207031732585,37.87536697719754,0.1081667978932488,0.1609859363512123,0.056810733625986515
frequency,300.0,300 MHz,2,D:\git\sim\outputs\KF-DPC失效频率扫描_200-600MHz_N500_MC10_预热20_20260910\frequency\point_02,2,7218,No Algorithm,-3.963335001149166,-4.231990027327831,52.24338241231717,52.23352234934949,,,
frequency,300.0,300 MHz,2,D:\git\sim\outputs\KF-DPC失效频率扫描_200-600MHz_N500_MC10_预热20_20260910\frequency\point_02,2,7218,DPC,-3.910052783153404,-4.199175850796586,51.9571819886484,51.95876217279906,1.0094968271243836,1.733828360695596,0.2419007211253757
frequency,300.0,300 MHz,2,D:\git\sim\outputs\KF-DPC失效频率扫描_200-600MHz_N500_MC10_预热20_20260910\frequency\point_02,2,7218,KF-DPC,-1.9164137321208332,-1.8576335559364179,37.82096298138981,38.30980862582893,0.11049701148047306,0.16415063387305312,0.06344126522094597
frequency,300.0,300 MHz,2,D:\git\sim\outputs\KF-DPC失效频率扫描_200-600MHz_N500_MC10_预热20_20260910\frequency\point_02,3,8227,No Algorithm,-3.9261211010259074,-4.1486271867471505,52.03173402966844,52.035934662355444,,,
frequency,300.0,300 MHz,2,D:\git\sim\outputs\KF-DPC失效频率扫描_200-600MHz_N500_MC10_预热20_20260910\frequency\point_02,3,8227,DPC,-3.920447270319026,-4.156300987394056,52.010916787435086,52.0254625438177,1.009734979580256,1.7347140063230597,0.24577282191415137
frequency,300.0,300 MHz,2,D:\git\sim\outputs\KF-DPC失效频率扫描_200-600MHz_N500_MC10_预热20_20260910\frequency\point_02,3,8227,KF-DPC,-1.8772774218454205,-1.9266516338683648,37.42995044123724,37.482641427815764,0.10696323448593273,0.16132773543213527,0.03163230389490333
frequency,300.0,300 MHz,2,D:\git\sim\outputs\KF-DPC失效频率扫描_200-600MHz_N500_MC10_预热20_20260910\frequency\point_02,4,9236,No Algorithm,-3.903273195806616,-3.8392919328484942,51.91138364156518,51.91472902947921,,,
frequency,300.0,300 MHz,2,D:\git\sim\outputs\KF-DPC失效频率扫描_200-600MHz_N500_MC10_预热20_20260910\frequency\point_02,4,9236,DPC,-3.8928582827134592,-3.884227207329861,51.853432823032676,51.855510024250634,1.012740042424719,1.7316723058864232,0.24703924243246939
frequency,300.0,300 MHz,2,D:\git\sim\outputs\KF-DPC失效频率扫描_200-600MHz_N500_MC10_预热20_20260910\frequency\point_02,4,9236,KF-DPC,-1.8185705670086827,-1.8410520351651907,36.86141088309334,36.85651119475265,0.10527971923881976,0.16328682796311977,0.01300914532000521
frequency,300.0,300 MHz,2,D:\git\sim\outputs\KF-DPC失效频率扫描_200-600MHz_N500_MC10_预热20_20260910\frequency\point_02,5,10245,No Algorithm,-3.920015393211051,-3.961587693639115,52.01147516434744,52.011678165983845,,,
frequency,300.0,300 MHz,2,D:\git\sim\outputs\KF-DPC失效频率扫描_200-600MHz_N500_MC10_预热20_20260910\frequency\point_02,5,10245,DPC,-3.887541000135223,-3.623378107007684,51.8223553513323,51.8240231385964,1.0125753535760877,1.7334953366445758,0.24792963582330863
frequency,300.0,300 MHz,2,D:\git\sim\outputs\KF-DPC失效频率扫描_200-600MHz_N500_MC10_预热20_20260910\frequency\point_02,5,10245,KF-DPC,-1.9385256314942059,-1.8953903354229307,38.00066665905344,38.030454505617655,0.10871924250088742,0.163857529761374,0.046622308623124664
frequency,300.0,300 MHz,2,D:\git\sim\outputs\KF-DPC失效频率扫描_200-600MHz_N500_MC10_预热20_20260910\frequency\point_02,6,11254,No Algorithm,-3.9152148187198033,-3.8014714945652623,51.97684536979264,51.9695801464753,,,
frequency,300.0,300 MHz,2,D:\git\sim\outputs\KF-DPC失效频率扫描_200-600MHz_N500_MC10_预热20_20260910\frequency\point_02,6,11254,DPC,-3.90667202376755,-3.997540205236252,51.93122490861408,51.93093974145178,1.0114561969748281,1.7374409659895065,0.24661627852669937
frequency,300.0,300 MHz,2,D:\git\sim\outputs\KF-DPC失效频率扫描_200-600MHz_N500_MC10_预热20_20260910\frequency\point_02,6,11254,KF-DPC,-1.8291700019857497,-1.8538395102760967,36.98099176677119,37.07280606534135,0.10577689972194412,0.16150932085446887,0.020662072140368932
frequency,300.0,300 MHz,2,D:\git\sim\outputs\KF-DPC失效频率扫描_200-600MHz_N500_MC10_预热20_20260910\frequency\point_02,7,12263,No Algorithm,-3.879283507903809,-3.6130487118902863,51.78215410440408,51.785937599842356,,,
frequency,300.0,300 MHz,2,D:\git\sim\outputs\KF-DPC失效频率扫描_200-600MHz_N500_MC10_预热20_20260910\frequency\point_02,7,12263,DPC,-3.93681038857741,-4.288483535984508,52.10139824996956,52.09974630895955,1.0096269104643836,1.7283269847559182,0.2503489614552129
frequency,300.0,300 MHz,2,D:\git\sim\outputs\KF-DPC失效频率扫描_200-600MHz_N500_MC10_预热20_20260910\frequency\point_02,7,12263,KF-DPC,-1.7585687557964882,-1.9026722199222343,36.266031462607884,36.27717207803688,0.1023076174434712,0.1609993631960497,0.011174938544858858
frequency,300.0,300 MHz,2,D:\git\sim\outputs\KF-DPC失效频率扫描_200-600MHz_N500_MC10_预热20_20260910\frequency\point_02,8,13272,No Algorithm,-3.903981039571638,-3.8865857718422565,51.91937519340683,51.92958764001643,,,
frequency,300.0,300 MHz,2,D:\git\sim\outputs\KF-DPC失效频率扫描_200-600MHz_N500_MC10_预热20_20260910\frequency\point_02,8,13272,DPC,-3.884777055962702,-3.9108292420637176,51.81426244805012,51.807877220648265,1.0127574197533902,1.7356880859137136,0.24832557233817376
frequency,300.0,300 MHz,2,D:\git\sim\outputs\KF-DPC失效频率扫描_200-600MHz_N500_MC10_预热20_20260910\frequency\point_02,8,13272,KF-DPC,-1.8003410290355204,-1.901104040274556,36.692218826395326,36.76010402622577,0.1042635229934005,0.16078846004125696,0.022582306215579908
frequency,300.0,300 MHz,2,D:\git\sim\outputs\KF-DPC失效频率扫描_200-600MHz_N500_MC10_预热20_20260910\frequency\point_02,9,14281,No Algorithm,-3.9148981099598834,-4.119194775555186,51.97658203155053,51.97818590138497,,,
frequency,300.0,300 MHz,2,D:\git\sim\outputs\KF-DPC失效频率扫描_200-600MHz_N500_MC10_预热20_20260910\frequency\point_02,9,14281,DPC,-3.8998136234742278,-4.36723406599969,51.90188458819953,51.897498327231354,1.0061048663333945,1.7307096134166249,0.2532758863275396
frequency,300.0,300 MHz,2,D:\git\sim\outputs\KF-DPC失效频率扫描_200-600MHz_N500_MC10_预热20_20260910\frequency\point_02,9,14281,KF-DPC,-1.8564191991327494,-1.9320276762733912,37.20434658420541,37.20108766872995,0.10675514553159261,0.16276647249759404,0.0451340219142453
frequency,350.0,350 MHz,3,D:\git\sim\outputs\KF-DPC失效频率扫描_200-600MHz_N500_MC10_预热20_20260910\frequency\point_03,0,5200,No Algorithm,-3.8817797192192813,-3.811203737513578,51.78834962683159,51.787482392133036,,,
frequency,350.0,350 MHz,3,D:\git\sim\outputs\KF-DPC失效频率扫描_200-600MHz_N500_MC10_预热20_20260910\frequency\point_03,0,5200,DPC,-3.9272607073118233,-4.103893373790429,52.0499300575796,52.051930402615206,1.0067489437121429,1.733676964086123,0.2456707353163069
frequency,350.0,350 MHz,3,D:\git\sim\outputs\KF-DPC失效频率扫描_200-600MHz_N500_MC10_预热20_20260910\frequency\point_03,0,5200,KF-DPC,-2.3752526745694267,-2.3971375079820434,41.770715297463724,41.79217335390372,0.10746598621053143,0.1603187102016936,0.04822399807378909
frequency,350.0,350 MHz,3,D:\git\sim\outputs\KF-DPC失效频率扫描_200-600MHz_N500_MC10_预热20_20260910\frequency\point_03,1,6209,No Algorithm,-3.907489711237821,-3.8779822401448314,51.9355647339594,51.93636710541365,,,
frequency,350.0,350 MHz,3,D:\git\sim\outputs\KF-DPC失效频率扫描_200-600MHz_N500_MC10_预热20_20260910\frequency\point_03,1,6209,DPC,-3.8875755502090574,-3.913956706801811,51.82556120109792,51.825731428313006,1.0098835460540494,1.7316727706353323,0.24924635207279314
frequency,350.0,350 MHz,3,D:\git\sim\outputs\KF-DPC失效频率扫描_200-600MHz_N500_MC10_预热20_20260910\frequency\point_03,1,6209,KF-DPC,-2.432587749132937,-2.2597498163651046,42.22215500942521,42.22270455800132,0.1081667978932488,0.1609859363512123,0.056810733625986515
frequency,350.0,350 MHz,3,D:\git\sim\outputs\KF-DPC失效频率扫描_200-600MHz_N500_MC10_预热20_20260910\frequency\point_03,2,7218,No Algorithm,-3.9263427239888755,-3.8202526562308576,52.05044119281353,52.04616636175501,,,
frequency,350.0,350 MHz,3,D:\git\sim\outputs\KF-DPC失效频率扫描_200-600MHz_N500_MC10_预热20_20260910\frequency\point_03,2,7218,DPC,-3.9188459294630262,-3.9306179938046375,52.00287541330336,52.00328858740513,1.0094968271243836,1.733828360695596,0.2419007211253757
frequency,350.0,350 MHz,3,D:\git\sim\outputs\KF-DPC失效频率扫描_200-600MHz_N500_MC10_预热20_20260910\frequency\point_03,2,7218,KF-DPC,-2.431011155342709,-2.2832563833489905,42.26226598289015,42.6091022707655,0.11049701148047306,0.16415063387305312,0.06344126522094597
frequency,350.0,350 MHz,3,D:\git\sim\outputs\KF-DPC失效频率扫描_200-600MHz_N500_MC10_预热20_20260910\frequency\point_03,3,8227,No Algorithm,-3.911242596317152,-3.8156118176397054,51.95702767629882,51.94298723065071,,,
frequency,350.0,350 MHz,3,D:\git\sim\outputs\KF-DPC失效频率扫描_200-600MHz_N500_MC10_预热20_20260910\frequency\point_03,3,8227,DPC,-3.93646634850519,-4.039379070092464,52.10803229461956,52.114974745791685,1.009734979580256,1.7347140063230597,0.24577282191415137
frequency,350.0,350 MHz,3,D:\git\sim\outputs\KF-DPC失效频率扫描_200-600MHz_N500_MC10_预热20_20260910\frequency\point_03,3,8227,KF-DPC,-2.3712710860190915,-2.404531812077671,41.74890661674168,41.79180896947132,0.10696323448593273,0.16132773543213527,0.03163230389490333
frequency,350.0,350 MHz,3,D:\git\sim\outputs\KF-DPC失效频率扫描_200-600MHz_N500_MC10_预热20_20260910\frequency\point_03,4,9236,No Algorithm,-3.9280200897864592,-3.91536708131207,52.053611757577286,52.041769781156106,,,
frequency,350.0,350 MHz,3,D:\git\sim\outputs\KF-DPC失效频率扫描_200-600MHz_N500_MC10_预热20_20260910\frequency\point_03,4,9236,DPC,-3.9199457880493895,-3.8352118610405004,52.02393057270009,52.03390326610853,1.012740042424719,1.7316723058864232,0.24703924243246939
frequency,350.0,350 MHz,3,D:\git\sim\outputs\KF-DPC失效频率扫描_200-600MHz_N500_MC10_预热20_20260910\frequency\point_03,4,9236,KF-DPC,-2.3108446735365957,-2.3054657543739183,41.251535054556946,41.251490374192116,0.10527971923881976,0.16328682796311977,0.01300914532000521
frequency,350.0,350 MHz,3,D:\git\sim\outputs\KF-DPC失效频率扫描_200-600MHz_N500_MC10_预热20_20260910\frequency\point_03,5,10245,No Algorithm,-3.8940295883180625,-3.7778487337507776,51.86257239770757,51.87355429334481,,,
frequency,350.0,350 MHz,3,D:\git\sim\outputs\KF-DPC失效频率扫描_200-600MHz_N500_MC10_预热20_20260910\frequency\point_03,5,10245,DPC,-3.9276813566349307,-4.249446458808161,52.05108849229365,52.048396731431104,1.0125753535760877,1.7334953366445758,0.24792963582330863
frequency,350.0,350 MHz,3,D:\git\sim\outputs\KF-DPC失效频率扫描_200-600MHz_N500_MC10_预热20_20260910\frequency\point_03,5,10245,KF-DPC,-2.438137494343252,-2.3810862758883746,42.282656004683,42.2955152947083,0.10871924250088742,0.163857529761374,0.046622308623124664
frequency,350.0,350 MHz,3,D:\git\sim\outputs\KF-DPC失效频率扫描_200-600MHz_N500_MC10_预热20_20260910\frequency\point_03,6,11254,No Algorithm,-3.9213349972273184,-3.947408000789883,52.024095281486815,52.027838163773836,,,
frequency,350.0,350 MHz,3,D:\git\sim\outputs\KF-DPC失效频率扫描_200-600MHz_N500_MC10_预热20_20260910\frequency\point_03,6,11254,DPC,-3.882994680294079,-3.533992982946787,51.79669347544197,51.79954060922823,1.0114561969748281,1.7374409659895065,0.24661627852669937
frequency,350.0,350 MHz,3,D:\git\sim\outputs\KF-DPC失效频率扫描_200-600MHz_N500_MC10_预热20_20260910\frequency\point_03,6,11254,KF-DPC,-2.320531335510539,-2.3074873753657705,41.34453367572285,41.41881536646324,0.10577689972194412,0.16150932085446887,0.020662072140368932
frequency,350.0,350 MHz,3,D:\git\sim\outputs\KF-DPC失效频率扫描_200-600MHz_N500_MC10_预热20_20260910\frequency\point_03,7,12263,No Algorithm,-3.8937141616815936,-3.7072250807369045,51.86372719703956,51.865789812062715,,,
frequency,350.0,350 MHz,3,D:\git\sim\outputs\KF-DPC失效频率扫描_200-600MHz_N500_MC10_预热20_20260910\frequency\point_03,7,12263,DPC,-3.925715804046131,-3.9031573154184276,52.037902715555084,52.025695006718564,1.0096269104643836,1.7283269847559182,0.2503489614552129
frequency,350.0,350 MHz,3,D:\git\sim\outputs\KF-DPC失效频率扫描_200-600MHz_N500_MC10_预热20_20260910\frequency\point_03,7,12263,KF-DPC,-2.247736142384988,-2.4098019259512355,40.722483493270694,40.72728728292535,0.1023076174434712,0.1609993631960497,0.011174938544858858
frequency,350.0,350 MHz,3,D:\git\sim\outputs\KF-DPC失效频率扫描_200-600MHz_N500_MC10_预热20_20260910\frequency\point_03,8,13272,No Algorithm,-3.948339909541783,-4.344156392787534,52.15879568050175,52.16155571037248,,,
frequency,350.0,350 MHz,3,D:\git\sim\outputs\KF-DPC失效频率扫描_200-600MHz_N500_MC10_预热20_20260910\frequency\point_03,8,13272,DPC,-3.89107907581127,-3.699015206383776,51.8540877197589,51.84569711940632,1.0127574197533902,1.7356880859137136,0.24832557233817376
frequency,350.0,350 MHz,3,D:\git\sim\outputs\KF-DPC失效频率扫描_200-600MHz_N500_MC10_预热20_20260910\frequency\point_03,8,13272,KF-DPC,-2.285990293781699,-2.426514510709994,41.05721211814505,41.105117523477126,0.1042635229934005,0.16078846004125696,0.022582306215579908
frequency,350.0,350 MHz,3,D:\git\sim\outputs\KF-DPC失效频率扫描_200-600MHz_N500_MC10_预热20_20260910\frequency\point_03,9,14281,No Algorithm,-3.917898431190483,-4.0416241285868235,52.00017505194949,52.01415221090813,,,
frequency,350.0,350 MHz,3,D:\git\sim\outputs\KF-DPC失效频率扫描_200-600MHz_N500_MC10_预热20_20260910\frequency\point_03,9,14281,DPC,-3.9152550141376534,-4.176376352120746,51.97505461563576,51.980997032059165,1.0061048663333945,1.7307096134166249,0.2532758863275396
frequency,350.0,350 MHz,3,D:\git\sim\outputs\KF-DPC失效频率扫描_200-600MHz_N500_MC10_预热20_20260910\frequency\point_03,9,14281,KF-DPC,-2.3605563376597454,-2.4103035539240087,41.64542121426109,41.64007565149515,0.10675514553159261,0.16276647249759404,0.0451340219142453
frequency,400.0,400 MHz,4,D:\git\sim\outputs\KF-DPC失效频率扫描_200-600MHz_N500_MC10_预热20_20260910\frequency\point_04,0,5200,No Algorithm,-3.899867993893222,-3.847692332110947,51.8900588917535,51.89082168952824,,,
frequency,400.0,400 MHz,4,D:\git\sim\outputs\KF-DPC失效频率扫描_200-600MHz_N500_MC10_预热20_20260910\frequency\point_04,0,5200,DPC,-3.915765474351197,-3.941397730668539,51.98274486095367,51.987765215131624,1.0067489437121429,1.733676964086123,0.2456707353163069
frequency,400.0,400 MHz,4,D:\git\sim\outputs\KF-DPC失效频率扫描_200-600MHz_N500_MC10_预热20_20260910\frequency\point_04,0,5200,KF-DPC,-2.8091606369650335,-2.80888444041796,45.06835716509891,45.08243064109931,0.10746598621053143,0.1603187102016936,0.04822399807378909
frequency,400.0,400 MHz,4,D:\git\sim\outputs\KF-DPC失效频率扫描_200-600MHz_N500_MC10_预热20_20260910\frequency\point_04,1,6209,No Algorithm,-3.884479951746824,-3.659746602448382,51.804171070093716,51.81346247971299,,,
frequency,400.0,400 MHz,4,D:\git\sim\outputs\KF-DPC失效频率扫描_200-600MHz_N500_MC10_预热20_20260910\frequency\point_04,1,6209,DPC,-3.921997348853379,-3.857823547844561,52.02094325685867,52.02549573270942,1.0098835460540494,1.7316727706353323,0.24924635207279314
frequency,400.0,400 MHz,4,D:\git\sim\outputs\KF-DPC失效频率扫描_200-600MHz_N500_MC10_预热20_20260910\frequency\point_04,1,6209,KF-DPC,-2.8748731330752193,-2.6695541517585797,45.53485379659055,45.533840324468244,0.1081667978932488,0.1609859363512123,0.056810733625986515
frequency,400.0,400 MHz,4,D:\git\sim\outputs\KF-DPC失效频率扫描_200-600MHz_N500_MC10_预热20_20260910\frequency\point_04,2,7218,No Algorithm,-3.922219736221277,-3.7228672827827496,52.0194755463942,52.009854174791414,,,
frequency,400.0,400 MHz,4,D:\git\sim\outputs\KF-DPC失效频率扫描_200-600MHz_N500_MC10_预热20_20260910\frequency\point_04,2,7218,DPC,-3.874930276720838,-3.5664046264578464,51.757850137479046,51.76054799381463,1.0094968271243836,1.733828360695596,0.2419007211253757
frequency,400.0,400 MHz,4,D:\git\sim\outputs\KF-DPC失效频率扫描_200-600MHz_N500_MC10_预热20_20260910\frequency\point_04,2,7218,KF-DPC,-2.879203645751565,-2.6528938763359413,45.60240597842341,45.82430483451768,0.11049701148047306,0.16415063387305312,0.06344126522094597
frequency,400.0,400 MHz,4,D:\git\sim\outputs\KF-DPC失效频率扫描_200-600MHz_N500_MC10_预热20_20260910\frequency\point_04,3,8227,No Algorithm,-3.897002579310873,-3.864088872631806,51.86792789654375,51.866787053928185,,,
frequency,400.0,400 MHz,4,D:\git\sim\outputs\KF-DPC失效频率扫描_200-600MHz_N500_MC10_预热20_20260910\frequency\point_04,3,8227,DPC,-3.9383554012958037,-4.036530672732412,52.11571665075517,52.11440148526372,1.009734979580256,1.7347140063230597,0.24577282191415137
frequency,400.0,400 MHz,4,D:\git\sim\outputs\KF-DPC失效频率扫描_200-600MHz_N500_MC10_预热20_20260910\frequency\point_04,3,8227,KF-DPC,-2.803107948485057,-2.8287113870028087,45.0313099820552,45.05270434366941,0.10696323448593273,0.16132773543213527,0.03163230389490333
frequency,400.0,400 MHz,4,D:\git\sim\outputs\KF-DPC失效频率扫描_200-600MHz_N500_MC10_预热20_20260910\frequency\point_04,4,9236,No Algorithm,-3.8982019179397915,-3.6183393083464654,51.889439415312886,51.88605087238423,,,
frequency,400.0,400 MHz,4,D:\git\sim\outputs\KF-DPC失效频率扫描_200-600MHz_N500_MC10_预热20_20260910\frequency\point_04,4,9236,DPC,-3.9128435338948493,-3.8316198362729548,51.9608063899183,51.95000394194117,1.012740042424719,1.7316723058864232,0.24703924243246939
frequency,400.0,400 MHz,4,D:\git\sim\outputs\KF-DPC失效频率扫描_200-600MHz_N500_MC10_预热20_20260910\frequency\point_04,4,9236,KF-DPC,-2.748019387354081,-2.745836615666288,44.634957397865826,44.624850210724645,0.10527971923881976,0.16328682796311977,0.01300914532000521
frequency,400.0,400 MHz,4,D:\git\sim\outputs\KF-DPC失效频率扫描_200-600MHz_N500_MC10_预热20_20260910\frequency\point_04,5,10245,No Algorithm,-3.934528742145375,-4.072602973796804,52.08734439491192,52.08489740807276,,,
frequency,400.0,400 MHz,4,D:\git\sim\outputs\KF-DPC失效频率扫描_200-600MHz_N500_MC10_预热20_20260910\frequency\point_04,5,10245,DPC,-3.9085086239276228,-4.22208641086315,51.93743768494334,51.9316145060019,1.0125753535760877,1.7334953366445758,0.24792963582330863
frequency,400.0,400 MHz,4,D:\git\sim\outputs\KF-DPC失效频率扫描_200-600MHz_N500_MC10_预热20_20260910\frequency\point_04,5,10245,KF-DPC,-2.8640658421939817,-2.8037147159472484,45.4569809310138,45.46735826937292,0.10871924250088742,0.163857529761374,0.046622308623124664
frequency,400.0,400 MHz,4,D:\git\sim\outputs\KF-DPC失效频率扫描_200-600MHz_N500_MC10_预热20_20260910\frequency\point_04,6,11254,No Algorithm,-3.9174388226486196,-4.038420355362344,51.99274994812832,51.98743285019949,,,
frequency,400.0,400 MHz,4,D:\git\sim\outputs\KF-DPC失效频率扫描_200-600MHz_N500_MC10_预热20_20260910\frequency\point_04,6,11254,DPC,-3.9006869867523437,-3.802116279133791,51.888118233294726,51.899269909299605,1.0114561969748281,1.7374409659895065,0.24661627852669937
frequency,400.0,400 MHz,4,D:\git\sim\outputs\KF-DPC失效频率扫描_200-600MHz_N500_MC10_预热20_20260910\frequency\point_04,6,11254,KF-DPC,-2.7512357634459184,-2.6766011815761432,44.658061411224736,44.70216701892766,0.10577689972194412,0.16150932085446887,0.020662072140368932
frequency,400.0,400 MHz,4,D:\git\sim\outputs\KF-DPC失效频率扫描_200-600MHz_N500_MC10_预热20_20260910\frequency\point_04,7,12263,No Algorithm,-3.912507986870301,-3.917185690721813,51.97232145240616,51.981117081644214,,,
frequency,400.0,400 MHz,4,D:\git\sim\outputs\KF-DPC失效频率扫描_200-600MHz_N500_MC10_预热20_20260910\frequency\point_04,7,12263,DPC,-3.9219924585777033,-3.779297461386015,52.02120451139537,52.01350769446285,1.0096269104643836,1.7283269847559182,0.2503489614552129
frequency,400.0,400 MHz,4,D:\git\sim\outputs\KF-DPC失效频率扫描_200-600MHz_N500_MC10_预热20_20260910\frequency\point_04,7,12263,KF-DPC,-2.692532227075501,-2.831323569970717,44.23213111357477,44.228345478163945,0.1023076174434712,0.1609993631960497,0.011174938544858858
frequency,400.0,400 MHz,4,D:\git\sim\outputs\KF-DPC失效频率扫描_200-600MHz_N500_MC10_预热20_20260910\frequency\point_04,8,13272,No Algorithm,-3.9317861498075573,-4.0018577704233715,52.0790584038622,52.08584838917683,,,
frequency,400.0,400 MHz,4,D:\git\sim\outputs\KF-DPC失效频率扫描_200-600MHz_N500_MC10_预热20_20260910\frequency\point_04,8,13272,DPC,-3.9057613697298796,-3.808516720556624,51.92809044007401,51.917054321875334,1.0127574197533902,1.7356880859137136,0.24832557233817376
frequency,400.0,400 MHz,4,D:\git\sim\outputs\KF-DPC失效频率扫描_200-600MHz_N500_MC10_预热20_20260910\frequency\point_04,8,13272,KF-DPC,-2.7157947628057504,-2.898113765245492,44.403659347942764,44.436727279350045,0.1042635229934005,0.16078846004125696,0.022582306215579908
frequency,400.0,400 MHz,4,D:\git\sim\outputs\KF-DPC失效频率扫描_200-600MHz_N500_MC10_预热20_20260910\frequency\point_04,9,14281,No Algorithm,-3.9330550167324825,-3.858959608994495,52.082429774854944,52.08225465822442,,,
frequency,400.0,400 MHz,4,D:\git\sim\outputs\KF-DPC失效频率扫描_200-600MHz_N500_MC10_预热20_20260910\frequency\point_04,9,14281,DPC,-3.9142150661277855,-4.321202977117108,51.96370837055754,51.963949032753334,1.0061048663333945,1.7307096134166249,0.2532758863275396
frequency,400.0,400 MHz,4,D:\git\sim\outputs\KF-DPC失效频率扫描_200-600MHz_N500_MC10_预热20_20260910\frequency\point_04,9,14281,KF-DPC,-2.8066384473074395,-2.8431325870138986,45.045212332509045,45.0447940854465,0.10675514553159261,0.16276647249759404,0.0451340219142453
frequency,450.0,450 MHz,5,D:\git\sim\outputs\KF-DPC失效频率扫描_200-600MHz_N500_MC10_预热20_20260910\frequency\point_05,0,5200,No Algorithm,-3.934161629866088,-4.206477544522241,52.08316715219383,52.07842287182725,,,
frequency,450.0,450 MHz,5,D:\git\sim\outputs\KF-DPC失效频率扫描_200-600MHz_N500_MC10_预热20_20260910\frequency\point_05,0,5200,DPC,-3.9226681049958154,-3.7483147908075507,52.02325323209523,52.03838571926123,1.0067489437121429,1.733676964086123,0.2456707353163069
frequency,450.0,450 MHz,5,D:\git\sim\outputs\KF-DPC失效频率扫描_200-600MHz_N500_MC10_预热20_20260910\frequency\point_05,0,5200,KF-DPC,-3.1607190333670596,-3.145246729621353,47.479509944380695,47.48892612365223,0.10746598621053143,0.1603187102016936,0.04822399807378909
frequency,450.0,450 MHz,5,D:\git\sim\outputs\KF-DPC失效频率扫描_200-600MHz_N500_MC10_预热20_20260910\frequency\point_05,1,6209,No Algorithm,-3.902349635005351,-3.9074593618459277,51.90718822691322,51.90852537130852,,,
frequency,450.0,450 MHz,5,D:\git\sim\outputs\KF-DPC失效频率扫描_200-600MHz_N500_MC10_预热20_20260910\frequency\point_05,1,6209,DPC,-3.8776884369869684,-3.892645379848747,51.774578756576396,51.77127975860385,1.0098835460540494,1.7316727706353323,0.24924635207279314
frequency,450.0,450 MHz,5,D:\git\sim\outputs\KF-DPC失效频率扫描_200-600MHz_N500_MC10_预热20_20260910\frequency\point_05,1,6209,KF-DPC,-3.223243970268201,-3.0051027133269086,47.87233577378733,47.87009481460801,0.1081667978932488,0.1609859363512123,0.056810733625986515
frequency,450.0,450 MHz,5,D:\git\sim\outputs\KF-DPC失效频率扫描_200-600MHz_N500_MC10_预热20_20260910\frequency\point_05,2,7218,No Algorithm,-3.9066678766144842,-3.8599981451786314,51.933014164625106,51.93316636759453,,,
frequency,450.0,450 MHz,5,D:\git\sim\outputs\KF-DPC失效频率扫描_200-600MHz_N500_MC10_预热20_20260910\frequency\point_05,2,7218,DPC,-3.873737147458471,-3.730944501796141,51.750411214256204,51.74578922205686,1.0094968271243836,1.733828360695596,0.2419007211253757
frequency,450.0,450 MHz,5,D:\git\sim\outputs\KF-DPC失效频率扫描_200-600MHz_N500_MC10_预热20_20260910\frequency\point_05,2,7218,KF-DPC,-3.234275877246,-3.0186824053661447,47.96962204375641,48.093270683045695,0.11049701148047306,0.16415063387305312,0.06344126522094597
frequency,450.0,450 MHz,5,D:\git\sim\outputs\KF-DPC失效频率扫描_200-600MHz_N500_MC10_预热20_20260910\frequency\point_05,3,8227,No Algorithm,-3.88820698494745,-3.934667028305754,51.84262297385053,51.84429895838362,,,
frequency,450.0,450 MHz,5,D:\git\sim\outputs\KF-DPC失效频率扫描_200-600MHz_N500_MC10_预热20_20260910\frequency\point_05,3,8227,DPC,-3.939440244336648,-4.147480168491347,52.10715910558824,52.11421663267696,1.009734979580256,1.7347140063230597,0.24577282191415137
frequency,450.0,450 MHz,5,D:\git\sim\outputs\KF-DPC失效频率扫描_200-600MHz_N500_MC10_预热20_20260910\frequency\point_05,3,8227,KF-DPC,-3.1486712343321344,-3.1479696285792147,47.392573255231824,47.40714999958336,0.10696323448593273,0.16132773543213527,0.03163230389490333
frequency,450.0,450 MHz,5,D:\git\sim\outputs\KF-DPC失效频率扫描_200-600MHz_N500_MC10_预热20_20260910\frequency\point_05,4,9236,No Algorithm,-3.9107732644461697,-3.818080299399898,51.96603903163127,51.96464907448776,,,
frequency,450.0,450 MHz,5,D:\git\sim\outputs\KF-DPC失效频率扫描_200-600MHz_N500_MC10_预热20_20260910\frequency\point_05,4,9236,DPC,-3.9001554761981714,-3.8928925883583894,51.899701975584776,51.91140866932243,1.012740042424719,1.7316723058864232,0.24703924243246939
frequency,450.0,450 MHz,5,D:\git\sim\outputs\KF-DPC失效频率扫描_200-600MHz_N500_MC10_预热20_20260910\frequency\point_05,4,9236,KF-DPC,-3.101664191526602,-3.099212357915218,47.08695268006304,47.07377515773794,0.10527971923881976,0.16328682796311977,0.01300914532000521
frequency,450.0,450 MHz,5,D:\git\sim\outputs\KF-DPC失效频率扫描_200-600MHz_N500_MC10_预热20_20260910\frequency\point_05,5,10245,No Algorithm,-3.9126297859370722,-3.85103491531068,51.97069929854115,51.97146416696949,,,
frequency,450.0,450 MHz,5,D:\git\sim\outputs\KF-DPC失效频率扫描_200-600MHz_N500_MC10_预热20_20260910\frequency\point_05,5,10245,DPC,-3.918323836623612,-4.01514876965745,52.005143669483154,52.009460275451815,1.0125753535760877,1.7334953366445758,0.24792963582330863
frequency,450.0,450 MHz,5,D:\git\sim\outputs\KF-DPC失效频率扫描_200-600MHz_N500_MC10_预热20_20260910\frequency\point_05,5,10245,KF-DPC,-3.202215275328495,-3.1189944001462493,47.73718498123991,47.740400352540455,0.10871924250088742,0.163857529761374,0.046622308623124664
frequency,450.0,450 MHz,5,D:\git\sim\outputs\KF-DPC失效频率扫描_200-600MHz_N500_MC10_预热20_20260910\frequency\point_05,6,11254,No Algorithm,-3.9138506523581023,-4.0803987363238985,51.97928249719403,51.977812286520944,,,
frequency,450.0,450 MHz,5,D:\git\sim\outputs\KF-DPC失效频率扫描_200-600MHz_N500_MC10_预热20_20260910\frequency\point_05,6,11254,DPC,-3.8891784531431384,-4.176331083369929,51.8377852467834,51.83483921375093,1.0114561969748281,1.7374409659895065,0.24661627852669937
frequency,450.0,450 MHz,5,D:\git\sim\outputs\KF-DPC失效频率扫描_200-600MHz_N500_MC10_预热20_20260910\frequency\point_05,6,11254,KF-DPC,-3.101268411191774,-3.0312055368784243,47.0780945201195,47.09833836179553,0.10577689972194412,0.16150932085446887,0.020662072140368932
frequency,450.0,450 MHz,5,D:\git\sim\outputs\KF-DPC失效频率扫描_200-600MHz_N500_MC10_预热20_20260910\frequency\point_05,7,12263,No Algorithm,-3.8937783708856983,-4.422536477716419,51.8640267494261,51.87085764299591,,,
frequency,450.0,450 MHz,5,D:\git\sim\outputs\KF-DPC失效频率扫描_200-600MHz_N500_MC10_预热20_20260910\frequency\point_05,7,12263,DPC,-3.9496969300313407,-3.995482189186459,52.183027659082306,52.19595255276427,1.0096269104643836,1.7283269847559182,0.2503489614552129
frequency,450.0,450 MHz,5,D:\git\sim\outputs\KF-DPC失效频率扫描_200-600MHz_N500_MC10_预热20_20260910\frequency\point_05,7,12263,KF-DPC,-3.0593283069854142,-3.1801364760039066,46.813207808338596,46.80434018952954,0.1023076174434712,0.1609993631960497,0.011174938544858858
frequency,450.0,450 MHz,5,D:\git\sim\outputs\KF-DPC失效频率扫描_200-600MHz_N500_MC10_预热20_20260910\frequency\point_05,8,13272,No Algorithm,-3.889968563566948,-4.048585520742831,51.84202694009314,51.84030485399591,,,
frequency,450.0,450 MHz,5,D:\git\sim\outputs\KF-DPC失效频率扫描_200-600MHz_N500_MC10_预热20_20260910\frequency\point_05,8,13272,DPC,-3.927724355110977,-3.5878048331396624,52.03927340635752,52.0427349435737,1.0127574197533902,1.7356880859137136,0.24832557233817376
frequency,450.0,450 MHz,5,D:\git\sim\outputs\KF-DPC失效频率扫描_200-600MHz_N500_MC10_预热20_20260910\frequency\point_05,8,13272,KF-DPC,-3.0700948756843545,-3.274871963944677,46.883300845290854,46.9099297225003,0.1042635229934005,0.16078846004125696,0.022582306215579908
frequency,450.0,450 MHz,5,D:\git\sim\outputs\KF-DPC失效频率扫描_200-600MHz_N500_MC10_预热20_20260910\frequency\point_05,9,14281,No Algorithm,-3.900320579935393,-3.6925717474290614,51.89010716198856,51.88725247454804,,,
frequency,450.0,450 MHz,5,D:\git\sim\outputs\KF-DPC失效频率扫描_200-600MHz_N500_MC10_预热20_20260910\frequency\point_05,9,14281,DPC,-3.952886185422994,-3.961760761723933,52.197504560373,52.20193106433552,1.0061048663333945,1.7307096134166249,0.2532758863275396
frequency,450.0,450 MHz,5,D:\git\sim\outputs\KF-DPC失效频率扫描_200-600MHz_N500_MC10_预热20_20260910\frequency\point_05,9,14281,KF-DPC,-3.1717938513826023,-3.195890486561387,47.54095084455313,47.53680646413852,0.10675514553159261,0.16276647249759404,0.0451340219142453
frequency,500.0,500 MHz,6,D:\git\sim\outputs\KF-DPC失效频率扫描_200-600MHz_N500_MC10_预热20_20260910\frequency\point_06,0,5200,No Algorithm,-3.9110152653740067,-3.9624862277577035,51.9663029196713,51.96079704936824,,,
frequency,500.0,500 MHz,6,D:\git\sim\outputs\KF-DPC失效频率扫描_200-600MHz_N500_MC10_预热20_20260910\frequency\point_06,0,5200,DPC,-3.9359442493992813,-3.900304788168258,52.10759668984829,52.106655403197415,1.0067489437121429,1.733676964086123,0.2456707353163069
frequency,500.0,500 MHz,6,D:\git\sim\outputs\KF-DPC失效频率扫描_200-600MHz_N500_MC10_预热20_20260910\frequency\point_06,0,5200,KF-DPC,-3.4215508268289767,-3.4472122485292855,49.13424365660421,49.142746648570935,0.10746598621053143,0.1603187102016936,0.04822399807378909
frequency,500.0,500 MHz,6,D:\git\sim\outputs\KF-DPC失效频率扫描_200-600MHz_N500_MC10_预热20_20260910\frequency\point_06,1,6209,No Algorithm,-3.932120265102857,-3.893174160822239,52.08099318755168,52.072072834445635,,,
frequency,500.0,500 MHz,6,D:\git\sim\outputs\KF-DPC失效频率扫描_200-600MHz_N500_MC10_预热20_20260910\frequency\point_06,1,6209,DPC,-3.8934181589757104,-4.066990560443964,51.85940126834368,51.85353317165796,1.0098835460540494,1.7316727706353323,0.24924635207279314
frequency,500.0,500 MHz,6,D:\git\sim\outputs\KF-DPC失效频率扫描_200-600MHz_N500_MC10_预热20_20260910\frequency\point_06,1,6209,KF-DPC,-3.4785104230779273,-3.285280638075467,49.45813597647257,49.45181873541374,0.1081667978932488,0.1609859363512123,0.056810733625986515
frequency,500.0,500 MHz,6,D:\git\sim\outputs\KF-DPC失效频率扫描_200-600MHz_N500_MC10_预热20_20260910\frequency\point_06,2,7218,No Algorithm,-3.9025517801805183,-3.731323248513694,51.91517121384213,51.91748134340613,,,
frequency,500.0,500 MHz,6,D:\git\sim\outputs\KF-DPC失效频率扫描_200-600MHz_N500_MC10_预热20_20260910\frequency\point_06,2,7218,DPC,-3.9418027473946537,-4.0210664672750385,52.12785275550323,52.115855717373535,1.0094968271243836,1.733828360695596,0.2419007211253757
frequency,500.0,500 MHz,6,D:\git\sim\outputs\KF-DPC失效频率扫描_200-600MHz_N500_MC10_预热20_20260910\frequency\point_06,2,7218,KF-DPC,-3.494969717654659,-3.331222260462909,49.58046395089455,49.65113950776769,0.11049701148047306,0.16415063387305312,0.06344126522094597
frequency,500.0,500 MHz,6,D:\git\sim\outputs\KF-DPC失效频率扫描_200-600MHz_N500_MC10_预热20_20260910\frequency\point_06,3,8227,No Algorithm,-3.8981841652874643,-4.045397805216066,51.86697986502986,51.861318173138216,,,
frequency,500.0,500 MHz,6,D:\git\sim\outputs\KF-DPC失效频率扫描_200-600MHz_N500_MC10_预热20_20260910\frequency\point_06,3,8227,DPC,-3.91100844956859,-4.094395724884755,51.948865735652255,51.94619311872112,1.009734979580256,1.7347140063230597,0.24577282191415137
frequency,500.0,500 MHz,6,D:\git\sim\outputs\KF-DPC失效频率扫描_200-600MHz_N500_MC10_预热20_20260910\frequency\point_06,3,8227,KF-DPC,-3.407687086596614,-3.3744820740394923,49.03456779748493,49.043588089136954,0.10696323448593273,0.16132773543213527,0.03163230389490333
frequency,500.0,500 MHz,6,D:\git\sim\outputs\KF-DPC失效频率扫描_200-600MHz_N500_MC10_预热20_20260910\frequency\point_06,4,9236,No Algorithm,-3.897680669120242,-3.9953343436147337,51.88410672855727,51.89482767117616,,,
frequency,500.0,500 MHz,6,D:\git\sim\outputs\KF-DPC失效频率扫描_200-600MHz_N500_MC10_预热20_20260910\frequency\point_06,4,9236,DPC,-3.896869969571803,-3.9701114258174144,51.87995126489604,51.88399922075009,1.012740042424719,1.7316723058864232,0.24703924243246939
frequency,500.0,500 MHz,6,D:\git\sim\outputs\KF-DPC失效频率扫描_200-600MHz_N500_MC10_预热20_20260910\frequency\point_06,4,9236,KF-DPC,-3.365214032662594,-3.348051276117056,48.76931428701489,48.75546245024158,0.10527971923881976,0.16328682796311977,0.01300914532000521
frequency,500.0,500 MHz,6,D:\git\sim\outputs\KF-DPC失效频率扫描_200-600MHz_N500_MC10_预热20_20260910\frequency\point_06,5,10245,No Algorithm,-3.8727730401206033,-3.9074034893304956,51.7619943282477,51.77640570413533,,,
frequency,500.0,500 MHz,6,D:\git\sim\outputs\KF-DPC失效频率扫描_200-600MHz_N500_MC10_预热20_20260910\frequency\point_06,5,10245,DPC,-3.904164147057856,-3.888822423620431,51.92448658219152,51.915758906555915,1.0125753535760877,1.7334953366445758,0.24792963582330863
frequency,500.0,500 MHz,6,D:\git\sim\outputs\KF-DPC失效频率扫描_200-600MHz_N500_MC10_预热20_20260910\frequency\point_06,5,10245,KF-DPC,-3.451429665612155,-3.3844511438208986,49.30309773808346,49.29992964134559,0.10871924250088742,0.163857529761374,0.046622308623124664
frequency,500.0,500 MHz,6,D:\git\sim\outputs\KF-DPC失效频率扫描_200-600MHz_N500_MC10_预热20_20260910\frequency\point_06,6,11254,No Algorithm,-3.875997644051663,-3.764044381937559,51.75911342429194,51.75525801165977,,,
frequency,500.0,500 MHz,6,D:\git\sim\outputs\KF-DPC失效频率扫描_200-600MHz_N500_MC10_预热20_20260910\frequency\point_06,6,11254,DPC,-3.8975542557912752,-3.8140786030712306,51.8816105353468,51.87958429003178,1.0114561969748281,1.7374409659895065,0.24661627852669937
frequency,500.0,500 MHz,6,D:\git\sim\outputs\KF-DPC失效频率扫描_200-600MHz_N500_MC10_预热20_20260910\frequency\point_06,6,11254,KF-DPC,-3.3663330838452876,-3.2218927596093945,48.77674784160935,48.78637206991161,0.10577689972194412,0.16150932085446887,0.020662072140368932
frequency,500.0,500 MHz,6,D:\git\sim\outputs\KF-DPC失效频率扫描_200-600MHz_N500_MC10_预热20_20260910\frequency\point_06,7,12263,No Algorithm,-3.9222726288372884,-3.7422206370696607,52.027464494791296,52.03142243631607,,,
frequency,500.0,500 MHz,6,D:\git\sim\outputs\KF-DPC失效频率扫描_200-600MHz_N500_MC10_预热20_20260910\frequency\point_06,7,12263,DPC,-3.9044973096290896,-3.9603764902616074,51.91012905234795,51.907232455053986,1.0096269104643836,1.7283269847559182,0.2503489614552129
frequency,500.0,500 MHz,6,D:\git\sim\outputs\KF-DPC失效频率扫描_200-600MHz_N500_MC10_预热20_20260910\frequency\point_06,7,12263,KF-DPC,-3.336819515723767,-3.408945360731339,48.6033181886424,48.59808634950329,0.1023076174434712,0.1609993631960497,0.011174938544858858
frequency,500.0,500 MHz,6,D:\git\sim\outputs\KF-DPC失效频率扫描_200-600MHz_N500_MC10_预热20_20260910\frequency\point_06,8,13272,No Algorithm,-3.9018886469708547,-3.6224187943192137,51.8941725613798,51.886124860703916,,,
frequency,500.0,500 MHz,6,D:\git\sim\outputs\KF-DPC失效频率扫描_200-600MHz_N500_MC10_预热20_20260910\frequency\point_06,8,13272,DPC,-3.88325718630989,-3.953666439573768,51.79149844436571,51.79123193281132,1.0127574197533902,1.7356880859137136,0.24832557233817376
frequency,500.0,500 MHz,6,D:\git\sim\outputs\KF-DPC失效频率扫描_200-600MHz_N500_MC10_预热20_20260910\frequency\point_06,8,13272,KF-DPC,-3.3404630619914615,-3.5951820757232,48.62820253031218,48.637849808790165,0.1042635229934005,0.16078846004125696,0.022582306215579908
frequency,500.0,500 MHz,6,D:\git\sim\outputs\KF-DPC失效频率扫描_200-600MHz_N500_MC10_预热20_20260910\frequency\point_06,9,14281,No Algorithm,-3.9284192105904525,-4.098687302403206,52.054195472221835,52.05109560989323,,,
frequency,500.0,500 MHz,6,D:\git\sim\outputs\KF-DPC失效频率扫描_200-600MHz_N500_MC10_预热20_20260910\frequency\point_06,9,14281,DPC,-3.8962358151493777,-3.8761499279318046,51.8680997140236,51.87213786616376,1.0061048663333945,1.7307096134166249,0.2532758863275396
frequency,500.0,500 MHz,6,D:\git\sim\outputs\KF-DPC失效频率扫描_200-600MHz_N500_MC10_预热20_20260910\frequency\point_06,9,14281,KF-DPC,-3.4489550855318996,-3.4552270067425073,49.293291144417346,49.29335239717174,0.10675514553159261,0.16276647249759404,0.0451340219142453
frequency,550.0,550 MHz,7,D:\git\sim\outputs\KF-DPC失效频率扫描_200-600MHz_N500_MC10_预热20_20260910\frequency\point_07,0,5200,No Algorithm,-3.876502952375529,-3.690818802220785,51.76590608647552,51.769727185096,,,
frequency,550.0,550 MHz,7,D:\git\sim\outputs\KF-DPC失效频率扫描_200-600MHz_N500_MC10_预热20_20260910\frequency\point_07,0,5200,DPC,-3.923986552890988,-4.114470318838511,52.02784776450609,52.02428948168901,1.0067489437121429,1.733676964086123,0.2456707353163069
frequency,550.0,550 MHz,7,D:\git\sim\outputs\KF-DPC失效频率扫描_200-600MHz_N500_MC10_预热20_20260910\frequency\point_07,0,5200,KF-DPC,-3.6020277579882287,-3.66051310859901,50.217919711881805,50.2201588018453,0.10746598621053143,0.1603187102016936,0.04822399807378909
frequency,550.0,550 MHz,7,D:\git\sim\outputs\KF-DPC失效频率扫描_200-600MHz_N500_MC10_预热20_20260910\frequency\point_07,1,6209,No Algorithm,-3.9314292617413784,-4.0022640183529,52.06170171385049,52.058838587869815,,,
frequency,550.0,550 MHz,7,D:\git\sim\outputs\KF-DPC失效频率扫描_200-600MHz_N500_MC10_预热20_20260910\frequency\point_07,1,6209,DPC,-3.920014458126792,-3.983086587831857,52.017015866570276,52.01168792547917,1.0098835460540494,1.7316727706353323,0.24924635207279314
frequency,550.0,550 MHz,7,D:\git\sim\outputs\KF-DPC失效频率扫描_200-600MHz_N500_MC10_预热20_20260910\frequency\point_07,1,6209,KF-DPC,-3.6526551009187602,-3.5616584885218123,50.48750714775903,50.48615016496466,0.1081667978932488,0.1609859363512123,0.056810733625986515
frequency,550.0,550 MHz,7,D:\git\sim\outputs\KF-DPC失效频率扫描_200-600MHz_N500_MC10_预热20_20260910\frequency\point_07,2,7218,No Algorithm,-3.954090603714302,-3.7348768213251775,52.198872102959015,52.185866828371864,,,
frequency,550.0,550 MHz,7,D:\git\sim\outputs\KF-DPC失效频率扫描_200-600MHz_N500_MC10_预热20_20260910\frequency\point_07,2,7218,DPC,-3.921050541676708,-4.1517158654391295,52.0098184912087,52.00664589398227,1.0094968271243836,1.733828360695596,0.2419007211253757
frequency,550.0,550 MHz,7,D:\git\sim\outputs\KF-DPC失效频率扫描_200-600MHz_N500_MC10_预热20_20260910\frequency\point_07,2,7218,KF-DPC,-3.6747533453234116,-3.5665136648337454,50.63796968382988,50.66591268655836,0.11049701148047306,0.16415063387305312,0.06344126522094597
frequency,550.0,550 MHz,7,D:\git\sim\outputs\KF-DPC失效频率扫描_200-600MHz_N500_MC10_预热20_20260910\frequency\point_07,3,8227,No Algorithm,-3.9316892744639858,-3.790612214184385,52.07438643662975,52.07356352426299,,,
frequency,550.0,550 MHz,7,D:\git\sim\outputs\KF-DPC失效频率扫描_200-600MHz_N500_MC10_预热20_20260910\frequency\point_07,3,8227,DPC,-3.932692285804004,-3.9148602839025126,52.08910757838255,52.09629727803403,1.009734979580256,1.7347140063230597,0.24577282191415137
frequency,550.0,550 MHz,7,D:\git\sim\outputs\KF-DPC失效频率扫描_200-600MHz_N500_MC10_预热20_20260910\frequency\point_07,3,8227,KF-DPC,-3.5923139546491694,-3.5347680565738,50.15191516362188,50.152588160095284,0.10696323448593273,0.16132773543213527,0.03163230389490333
frequency,550.0,550 MHz,7,D:\git\sim\outputs\KF-DPC失效频率扫描_200-600MHz_N500_MC10_预热20_20260910\frequency\point_07,4,9236,No Algorithm,-3.9056950283523917,-3.8527330978662064,51.92866840055729,51.91725942845222,,,
frequency,550.0,550 MHz,7,D:\git\sim\outputs\KF-DPC失效频率扫描_200-600MHz_N500_MC10_预热20_20260910\frequency\point_07,4,9236,DPC,-3.936352032221422,-3.807966109145254,52.09623378910293,52.0877656640811,1.012740042424719,1.7316723058864232,0.24703924243246939
frequency,550.0,550 MHz,7,D:\git\sim\outputs\KF-DPC失效频率扫描_200-600MHz_N500_MC10_预热20_20260910\frequency\point_07,4,9236,KF-DPC,-3.5537372194362775,-3.530079671366095,49.91419413639373,49.90094236656145,0.10527971923881976,0.16328682796311977,0.01300914532000521
frequency,550.0,550 MHz,7,D:\git\sim\outputs\KF-DPC失效频率扫描_200-600MHz_N500_MC10_预热20_20260910\frequency\point_07,5,10245,No Algorithm,-3.8935754055297416,-3.745614403111026,51.86070145955673,51.85254935592299,,,
frequency,550.0,550 MHz,7,D:\git\sim\outputs\KF-DPC失效频率扫描_200-600MHz_N500_MC10_预热20_20260910\frequency\point_07,5,10245,DPC,-3.8928713102376196,-3.8756287585781894,51.86074602373005,51.86155407896958,1.0125753535760877,1.7334953366445758,0.24792963582330863
frequency,550.0,550 MHz,7,D:\git\sim\outputs\KF-DPC失效频率扫描_200-600MHz_N500_MC10_预热20_20260910\frequency\point_07,5,10245,KF-DPC,-3.6255662544371443,-3.562727485718668,50.34861928312763,50.34353520146088,0.10871924250088742,0.163857529761374,0.046622308623124664
frequency,550.0,550 MHz,7,D:\git\sim\outputs\KF-DPC失效频率扫描_200-600MHz_N500_MC10_预热20_20260910\frequency\point_07,6,11254,No Algorithm,-3.9248430144402406,-4.005925209370929,52.03103868384776,52.02937830039073,,,
frequency,550.0,550 MHz,7,D:\git\sim\outputs\KF-DPC失效频率扫描_200-600MHz_N500_MC10_预热20_20260910\frequency\point_07,6,11254,DPC,-3.896678724795437,-3.967248779704449,51.8806997497837,51.88791333421508,1.0114561969748281,1.7374409659895065,0.24661627852669937
frequency,550.0,550 MHz,7,D:\git\sim\outputs\KF-DPC失效频率扫描_200-600MHz_N500_MC10_预热20_20260910\frequency\point_07,6,11254,KF-DPC,-3.5600760247748777,-3.330772425275753,49.95994258306882,49.953534064762685,0.10577689972194412,0.16150932085446887,0.020662072140368932
frequency,550.0,550 MHz,7,D:\git\sim\outputs\KF-DPC失效频率扫描_200-600MHz_N500_MC10_预热20_20260910\frequency\point_07,7,12263,No Algorithm,-3.8746335740493287,-3.909700102205,51.758259550680584,51.75801297220183,,,
frequency,550.0,550 MHz,7,D:\git\sim\outputs\KF-DPC失效频率扫描_200-600MHz_N500_MC10_预热20_20260910\frequency\point_07,7,12263,DPC,-3.8921960300103775,-3.9869646397940244,51.84247966192465,51.85016139810435,1.0096269104643836,1.7283269847559182,0.2503489614552129
frequency,550.0,550 MHz,7,D:\git\sim\outputs\KF-DPC失效频率扫描_200-600MHz_N500_MC10_预热20_20260910\frequency\point_07,7,12263,KF-DPC,-3.530937268516676,-3.5508699888572464,49.779685132642854,49.781145845067265,0.1023076174434712,0.1609993631960497,0.011174938544858858
frequency,550.0,550 MHz,7,D:\git\sim\outputs\KF-DPC失效频率扫描_200-600MHz_N500_MC10_预热20_20260910\frequency\point_07,8,13272,No Algorithm,-3.886524590963008,-3.8282092950189073,51.82359463774601,51.81196018728385,,,
frequency,550.0,550 MHz,7,D:\git\sim\outputs\KF-DPC失效频率扫描_200-600MHz_N500_MC10_预热20_20260910\frequency\point_07,8,13272,DPC,-3.9162270188668864,-3.965079763178388,51.99866164791329,51.994672883007325,1.0127574197533902,1.7356880859137136,0.24832557233817376
frequency,550.0,550 MHz,7,D:\git\sim\outputs\KF-DPC失效频率扫描_200-600MHz_N500_MC10_预热20_20260910\frequency\point_07,8,13272,KF-DPC,-3.5333006064217347,-3.7560784989278098,49.80636867553368,49.81127889153854,0.1042635229934005,0.16078846004125696,0.022582306215579908
frequency,550.0,550 MHz,7,D:\git\sim\outputs\KF-DPC失效频率扫描_200-600MHz_N500_MC10_预热20_20260910\frequency\point_07,9,14281,No Algorithm,-3.8926291512555578,-4.1186220878859165,51.85186570738042,51.853570702836954,,,
frequency,550.0,550 MHz,7,D:\git\sim\outputs\KF-DPC失效频率扫描_200-600MHz_N500_MC10_预热20_20260910\frequency\point_07,9,14281,DPC,-3.9111366673092847,-3.926679055653382,51.959979828951944,51.955850379375626,1.0061048663333945,1.7307096134166249,0.2532758863275396
frequency,550.0,550 MHz,7,D:\git\sim\outputs\KF-DPC失效频率扫描_200-600MHz_N500_MC10_预热20_20260910\frequency\point_07,9,14281,KF-DPC,-3.6412847876089387,-3.6576602206211106,50.44106428342929,50.44369318747169,0.10675514553159261,0.16276647249759404,0.0451340219142453
frequency,600.0,600 MHz,8,D:\git\sim\outputs\KF-DPC失效频率扫描_200-600MHz_N500_MC10_预热20_20260910\frequency\point_08,0,5200,No Algorithm,-3.895520354568597,-4.051115636195331,51.88190776180257,51.88037625844836,,,
frequency,600.0,600 MHz,8,D:\git\sim\outputs\KF-DPC失效频率扫描_200-600MHz_N500_MC10_预热20_20260910\frequency\point_08,0,5200,DPC,-3.9181204770157207,-3.970706313013351,51.98953321468651,51.99608333349793,1.0067489437121429,1.733676964086123,0.2456707353163069
frequency,600.0,600 MHz,8,D:\git\sim\outputs\KF-DPC失效频率扫描_200-600MHz_N500_MC10_预热20_20260910\frequency\point_08,0,5200,KF-DPC,-3.716339632265901,-3.8127997791303474,50.872290538073926,50.87153831280308,0.10746598621053143,0.1603187102016936,0.04822399807378909
frequency,600.0,600 MHz,8,D:\git\sim\outputs\KF-DPC失效频率扫描_200-600MHz_N500_MC10_预热20_20260910\frequency\point_08,1,6209,No Algorithm,-3.9123851089485706,-3.977122617934657,51.96957390169875,51.96674805597993,,,
frequency,600.0,600 MHz,8,D:\git\sim\outputs\KF-DPC失效频率扫描_200-600MHz_N500_MC10_预热20_20260910\frequency\point_08,1,6209,DPC,-3.9167338130024705,-4.127382583318518,51.993267036072645,51.99820589779994,1.0098835460540494,1.7316727706353323,0.24924635207279314
frequency,600.0,600 MHz,8,D:\git\sim\outputs\KF-DPC失效频率扫描_200-600MHz_N500_MC10_预热20_20260910\frequency\point_08,1,6209,KF-DPC,-3.7636394332130463,-3.7918119529634065,51.12231079083007,51.12661928806234,0.1081667978932488,0.1609859363512123,0.056810733625986515
frequency,600.0,600 MHz,8,D:\git\sim\outputs\KF-DPC失效频率扫描_200-600MHz_N500_MC10_预热20_20260910\frequency\point_08,2,7218,No Algorithm,-3.893332690751433,-3.5799772933793887,51.851829770942814,51.85539563174335,,,
frequency,600.0,600 MHz,8,D:\git\sim\outputs\KF-DPC失效频率扫描_200-600MHz_N500_MC10_预热20_20260910\frequency\point_08,2,7218,DPC,-3.918332187718226,-3.8628499842350483,52.00008499233185,52.001981681942986,1.0094968271243836,1.733828360695596,0.2419007211253757
frequency,600.0,600 MHz,8,D:\git\sim\outputs\KF-DPC失效频率扫描_200-600MHz_N500_MC10_预热20_20260910\frequency\point_08,2,7218,KF-DPC,-3.7871485665022147,-3.6892081762225555,51.279437118094755,51.291572320412044,0.11049701148047306,0.16415063387305312,0.06344126522094597
frequency,600.0,600 MHz,8,D:\git\sim\outputs\KF-DPC失效频率扫描_200-600MHz_N500_MC10_预热20_20260910\frequency\point_08,3,8227,No Algorithm,-3.9231384573172017,-3.7405989226358125,52.019625684824554,52.02074770354285,,,
frequency,600.0,600 MHz,8,D:\git\sim\outputs\KF-DPC失效频率扫描_200-600MHz_N500_MC10_预热20_20260910\frequency\point_08,3,8227,DPC,-3.9120849062194303,-3.8500775104280374,51.96473569043205,51.97078618939258,1.009734979580256,1.7347140063230597,0.24577282191415137
frequency,600.0,600 MHz,8,D:\git\sim\outputs\KF-DPC失效频率扫描_200-600MHz_N500_MC10_预热20_20260910\frequency\point_08,3,8227,KF-DPC,-3.715689989342396,-3.6627357561152833,50.8718769086797,50.86978419727705,0.10696323448593273,0.16132773543213527,0.03163230389490333
frequency,600.0,600 MHz,8,D:\git\sim\outputs\KF-DPC失效频率扫描_200-600MHz_N500_MC10_预热20_20260910\frequency\point_08,4,9236,No Algorithm,-3.9124230327532565,-4.140749727772618,51.9592069078332,51.95852277062157,,,
frequency,600.0,600 MHz,8,D:\git\sim\outputs\KF-DPC失效频率扫描_200-600MHz_N500_MC10_预热20_20260910\frequency\point_08,4,9236,DPC,-3.940262545856405,-3.868026708111358,52.119032390624334,52.11066325237011,1.012740042424719,1.7316723058864232,0.24703924243246939
frequency,600.0,600 MHz,8,D:\git\sim\outputs\KF-DPC失效频率扫描_200-600MHz_N500_MC10_预热20_20260910\frequency\point_08,4,9236,KF-DPC,-3.6825564511920055,-3.6456351111159697,50.67258341062678,50.665377856905636,0.10527971923881976,0.16328682796311977,0.01300914532000521
frequency,600.0,600 MHz,8,D:\git\sim\outputs\KF-DPC失效频率扫描_200-600MHz_N500_MC10_预热20_20260910\frequency\point_08,5,10245,No Algorithm,-3.9026457114129727,-3.8462740979411283,51.91136709893942,51.91158609493521,,,
frequency,600.0,600 MHz,8,D:\git\sim\outputs\KF-DPC失效频率扫描_200-600MHz_N500_MC10_预热20_20260910\frequency\point_08,5,10245,DPC,-3.911785569230016,-4.154260423182665,51.96075204377406,51.94742876453457,1.0125753535760877,1.7334953366445758,0.24792963582330863
frequency,600.0,600 MHz,8,D:\git\sim\outputs\KF-DPC失效频率扫描_200-600MHz_N500_MC10_预热20_20260910\frequency\point_08,5,10245,KF-DPC,-3.7379038452621853,-3.6768542106044872,51.00258382950816,51.00305864267243,0.10871924250088742,0.163857529761374,0.046622308623124664
frequency,600.0,600 MHz,8,D:\git\sim\outputs\KF-DPC失效频率扫描_200-600MHz_N500_MC10_预热20_20260910\frequency\point_08,6,11254,No Algorithm,-3.9051344960584977,-3.833681764006373,51.91972364131254,51.910724943616174,,,
frequency,600.0,600 MHz,8,D:\git\sim\outputs\KF-DPC失效频率扫描_200-600MHz_N500_MC10_预热20_20260910\frequency\point_08,6,11254,DPC,-3.928302469631413,-4.356115652113627,52.04977089939102,52.03940668559418,1.0114561969748281,1.7374409659895065,0.24661627852669937
frequency,600.0,600 MHz,8,D:\git\sim\outputs\KF-DPC失效频率扫描_200-600MHz_N500_MC10_预热20_20260910\frequency\point_08,6,11254,KF-DPC,-3.687798839748093,-3.414919275230898,50.707740729972116,50.70601108389039,0.10577689972194412,0.16150932085446887,0.020662072140368932
frequency,600.0,600 MHz,8,D:\git\sim\outputs\KF-DPC失效频率扫描_200-600MHz_N500_MC10_预热20_20260910\frequency\point_08,7,12263,No Algorithm,-3.9193923018108157,-3.8909535139752323,52.00203342941286,52.00294727128855,,,
frequency,600.0,600 MHz,8,D:\git\sim\outputs\KF-DPC失效频率扫描_200-600MHz_N500_MC10_预热20_20260910\frequency\point_08,7,12263,DPC,-3.89096128731822,-4.195262881562547,51.850687404194495,51.8575994680774,1.0096269104643836,1.7283269847559182,0.2503489614552129
frequency,600.0,600 MHz,8,D:\git\sim\outputs\KF-DPC失效频率扫描_200-600MHz_N500_MC10_预热20_20260910\frequency\point_08,7,12263,KF-DPC,-3.664897534002296,-3.6389070926562446,50.56558712277336,50.56538889204024,0.1023076174434712,0.1609993631960497,0.011174938544858858
frequency,600.0,600 MHz,8,D:\git\sim\outputs\KF-DPC失效频率扫描_200-600MHz_N500_MC10_预热20_20260910\frequency\point_08,8,13272,No Algorithm,-3.906038756348651,-4.220409982524528,51.92067889451372,51.91088486984975,,,
frequency,600.0,600 MHz,8,D:\git\sim\outputs\KF-DPC失效频率扫描_200-600MHz_N500_MC10_预热20_20260910\frequency\point_08,8,13272,DPC,-3.907826467642942,-3.854955468452395,51.94028224415988,51.94448130113628,1.0127574197533902,1.7356880859137136,0.24832557233817376
frequency,600.0,600 MHz,8,D:\git\sim\outputs\KF-DPC失效频率扫描_200-600MHz_N500_MC10_预热20_20260910\frequency\point_08,8,13272,KF-DPC,-3.662556777873908,-3.8133027753980224,50.565959010953016,50.56430970560282,0.1042635229934005,0.16078846004125696,0.022582306215579908
frequency,600.0,600 MHz,8,D:\git\sim\outputs\KF-DPC失效频率扫描_200-600MHz_N500_MC10_预热20_20260910\frequency\point_08,9,14281,No Algorithm,-3.9039959716932726,-4.001423625469943,51.91503991906886,51.90647260194747,,,
frequency,600.0,600 MHz,8,D:\git\sim\outputs\KF-DPC失效频率扫描_200-600MHz_N500_MC10_预热20_20260910\frequency\point_08,9,14281,DPC,-3.8807935309125736,-3.603723725330083,51.79467435867821,51.80363997994151,1.0061048663333945,1.7307096134166249,0.2532758863275396
frequency,600.0,600 MHz,8,D:\git\sim\outputs\KF-DPC失效频率扫描_200-600MHz_N500_MC10_预热20_20260910\frequency\point_08,9,14281,KF-DPC,-3.7638038250805024,-3.7803087628834895,51.14182421290103,51.15089279129229,0.10675514553159261,0.16276647249759404,0.0451340219142453
