frequency_MHz,wavelength_m,T_long,K,TL_s,Ts_s,physical_duration_s,buoy_wave_speed_mps,buoy_wave_heading_deg,buoy_wave_diffusion_m_per_sqrt_s,mc_trials,compute_device,method,tail_mean_power_db,tail_mean_gain_over_single_mean_db,tail_mean_gain_over_single_best_db,tail_mean_phase_std_deg,tail_mean_phase_rmse_deg,final_power_db,tail_mean_distance_rmse_m,tail_mean_node_rmse_m,tail_mean_uav_rmse_m,tail_mean_uav_line_intercept_rmse_m,tail_mean_uav_velocity_rmse_mps,power_change_vs_dfpc_db,phase_std_change_vs_dfpc_deg,phase_rmse_change_vs_dfpc_deg,distance_rmse_change_vs_dfpc_m,point_name,cluster_relative_noise_std
20.0,15.0,8,30,1.5,0.05,11.950000000000001,5.0,0.0,0.5,20,cuda,Random Phase Reference,-3.9165537800656027,55.22014341265768,47.238179198093206,51.99420516926989,51.9994385247331,-3.907805607943104,,,,,,-3.139364512305883,27.75386935369109,27.75698450986338,,20_000,0.0
20.0,15.0,8,30,1.5,0.05,11.950000000000001,5.0,0.0,0.5,20,cuda,No Algorithm,-3.7540091315206925,55.383134424081256,47.401170209516785,51.0383196149724,51.03825366503575,-3.8051739272688585,3.166429097167006,1.73170556782207,5.195682979992946,,,-2.976819863760973,26.797983799393602,26.795799650166025,2.163734182060478,20_000,0.0
20.0,15.0,8,30,1.5,0.05,11.950000000000001,5.0,0.0,0.5,20,cuda,DPC,-0.7771892677597196,58.35972235343397,50.377758138869495,24.2403358155788,24.242454014869722,-0.789770942475672,1.0026949151065279,1.73170556782207,0.15401987809422582,0.15392543570910058,0.024896228682008248,0.0,0.0,0.0,0.0,20_000,0.0
20.0,15.0,8,30,1.5,0.05,11.950000000000001,5.0,0.0,0.5,20,cuda,Cluster DPC,-0.07049070550508807,59.066556558126955,51.08459234356248,7.545075134072857,7.550505397140545,-0.0696259151235274,0.28862629212183577,0.427111672353138,0.15401987809422582,0.15392543570910058,0.024896228682008248,0.7066985622546316,-16.695260681505943,-16.691948617729178,-0.7140686229846921,20_000,0.0
20.0,15.0,8,30,1.5,0.05,11.950000000000001,5.0,0.0,0.5,20,cuda,UAV+Node-KF DPC,-0.09465026855386371,59.04240856067946,51.060444346114984,8.754393919782858,8.760631570615805,-0.09424551658209034,0.3429442062984889,0.5394002293612955,0.03292906492147588,0.074144833973439,0.009192765287405176,0.6825389992058559,-15.485941895795941,-15.481822444253917,-0.659750708808039,20_000,0.0
20.0,15.0,8,30,1.5,0.05,11.950000000000001,5.0,0.0,0.5,20,cuda,Cluster UAV+Node-KF DPC,-0.06461500777746462,59.072421376989944,51.09045716242547,7.242256966556323,7.250736638067927,-0.06412331169830601,0.2749041745948328,0.427111672353138,0.03292906492147588,0.074144833973439,0.009192765287405176,0.712574259982255,-16.998078849022477,-16.991717376801795,-0.727790740511695,20_000,0.0
20.0,15.0,8,30,1.5,0.05,11.950000000000001,5.0,0.0,0.5,20,cuda,Random Phase Reference,-3.9165537800656027,55.22014341265768,47.238179198093206,51.99420516926989,51.9994385247331,-3.907805607943104,,,,,,-3.139364512305883,27.75386935369109,27.75698450986338,,20_020,0.2
20.0,15.0,8,30,1.5,0.05,11.950000000000001,5.0,0.0,0.5,20,cuda,No Algorithm,-3.7540091315206925,55.383134424081256,47.401170209516785,51.0383196149724,51.03825366503575,-3.8051739272688585,3.166429097167006,1.73170556782207,5.195682979992946,,,-2.976819863760973,26.797983799393602,26.795799650166025,2.163734182060478,20_020,0.2
20.0,15.0,8,30,1.5,0.05,11.950000000000001,5.0,0.0,0.5,20,cuda,DPC,-0.7771892677597196,58.35972235343397,50.377758138869495,24.2403358155788,24.242454014869722,-0.789770942475672,1.0026949151065279,1.73170556782207,0.15401987809422582,0.15392543570910058,0.024896228682008248,0.0,0.0,0.0,0.0,20_020,0.2
20.0,15.0,8,30,1.5,0.05,11.950000000000001,5.0,0.0,0.5,20,cuda,Cluster DPC,-0.07051194969043667,59.06653527515185,51.08457106058737,7.546448769391137,7.551868158131586,-0.06962801822681731,0.288684481056592,0.4272493113555152,0.15401987809422582,0.15392543570910058,0.024896228682008248,0.7066773180692829,-16.693887046187662,-16.690585856738135,-0.7140104340499358,20_020,0.2
20.0,15.0,8,30,1.5,0.05,11.950000000000001,5.0,0.0,0.5,20,cuda,UAV+Node-KF DPC,-0.09465026855386371,59.04240856067946,51.060444346114984,8.754393919782858,8.760631570615805,-0.09424551658209034,0.3429442062984889,0.5394002293612955,0.03292906492147588,0.074144833973439,0.009192765287405176,0.6825389992058559,-15.485941895795941,-15.481822444253917,-0.659750708808039,20_020,0.2
20.0,15.0,8,30,1.5,0.05,11.950000000000001,5.0,0.0,0.5,20,cuda,Cluster UAV+Node-KF DPC,-0.06463705106015441,59.07239916266913,51.09043494810465,7.24366402064003,7.252088884895099,-0.06412692547322905,0.27496218152192536,0.4272493113555152,0.03292906492147588,0.074144833973439,0.009192765287405176,0.7125522166995653,-16.99667179493877,-16.990365129974624,-0.7277327335846024,20_020,0.2
100.0,3.0,8,30,1.5,0.05,11.950000000000001,5.0,0.0,0.5,20,cpu,Random Phase Reference,-3.910400133023919,55.226465136167434,47.24450092160296,51.929254395699466,51.92929883326923,-3.9348998528575656,,,,,,-0.0046545050179847,0.018761558825239888,0.020060786949706255,,100_000,0.0
100.0,3.0,8,30,1.5,0.05,11.950000000000001,5.0,0.0,0.5,20,cpu,No Algorithm,-3.911151621409721,55.22583266539819,47.243868450833716,51.94616577201638,51.94516556744986,-3.930153784719024,3.166429097167006,1.73170556782207,5.195682979992946,,,-0.0054059934037864465,0.035672935142152085,0.03592752113033981,2.1637341868904,100_000,0.0
100.0,3.0,8,30,1.5,0.05,11.950000000000001,5.0,0.0,0.5,20,cpu,DPC,-3.9057456280059344,55.23136333876403,47.249399124199556,51.910492836874226,51.90923804631952,-3.983148669634469,1.002694910276606,1.73170556782207,0.15401986434156836,0.15392535479150338,0.024896226443692396,0.0,0.0,0.0,0.0,100_000,0.0
100.0,3.0,8,30,1.5,0.05,11.950000000000001,5.0,0.0,0.5,20,cpu,Cluster DPC,-1.440196913780263,57.69784485781181,49.71588064324734,34.152060427166894,34.1745495004378,-1.4086624772876013,0.28862629006258456,0.427111672353138,0.15401986434156836,0.15392535479150338,0.024896226443692396,2.4655487142256716,-17.758432409707332,-17.734688545881724,-0.7140686202140215,100_000,0.0
100.0,3.0,8,30,1.5,0.05,11.950000000000001,5.0,0.0,0.5,20,cpu,UAV+Node-KF DPC,-1.9380971390881896,57.20022249267273,49.21825827810825,39.25223540119233,39.271977716324066,-1.9207595662087122,0.3429441585971347,0.5394002293612955,0.032937151200700676,0.07414890539588755,0.009192909704661724,1.9676484889177448,-12.658257435681897,-12.637260329995456,-0.6597507516794714,100_000,0.0
100.0,3.0,8,30,1.5,0.05,11.950000000000001,5.0,0.0,0.5,20,cpu,Cluster UAV+Node-KF DPC,-1.3052718352780701,57.83254012697298,49.8505759124085,32.688453875873826,32.7250088189345,-1.28561336015744,0.27490389424908934,0.427111672353138,0.032937151200700676,0.07414890539588755,0.009192909704661724,2.6004737927278643,-19.2220389610004,-19.184229227385025,-0.7277910160275167,100_000,0.0
100.0,3.0,8,30,1.5,0.05,11.950000000000001,5.0,0.0,0.5,20,cpu,Random Phase Reference,-3.910400133023919,55.226465136167434,47.24450092160296,51.929254395699466,51.92929883326923,-3.9348998528575656,,,,,,-0.0046545050179847,0.018761558825239888,0.020060786949706255,,100_020,0.2
100.0,3.0,8,30,1.5,0.05,11.950000000000001,5.0,0.0,0.5,20,cpu,No Algorithm,-3.911151621409721,55.22583266539819,47.243868450833716,51.94616577201638,51.94516556744986,-3.930153784719024,3.166429097167006,1.73170556782207,5.195682979992946,,,-0.0054059934037864465,0.035672935142152085,0.03592752113033981,2.1637341868904,100_020,0.2
100.0,3.0,8,30,1.5,0.05,11.950000000000001,5.0,0.0,0.5,20,cpu,DPC,-3.9057456280059344,55.23136333876403,47.249399124199556,51.910492836874226,51.90923804631952,-3.983148669634469,1.002694910276606,1.73170556782207,0.15401986434156836,0.15392535479150338,0.024896226443692396,0.0,0.0,0.0,0.0,100_020,0.2
100.0,3.0,8,30,1.5,0.05,11.950000000000001,5.0,0.0,0.5,20,cpu,Cluster DPC,-1.4405910506163768,57.69745544276062,49.71549122819614,34.15803669629397,34.18051736854745,-1.408681309622488,0.28868447823970694,0.4272493113555152,0.15401986434156836,0.15392535479150338,0.024896226443692396,2.4651545773895576,-17.752456140580257,-17.728720677772074,-0.7140104320368992,100_020,0.2
100.0,3.0,8,30,1.5,0.05,11.950000000000001,5.0,0.0,0.5,20,cpu,UAV+Node-KF DPC,-1.9380971390881896,57.20022249267273,49.21825827810825,39.25223540119233,39.271977716324066,-1.9207595662087122,0.3429441585971347,0.5394002293612955,0.032937151200700676,0.07414890539588755,0.009192909704661724,1.9676484889177448,-12.658257435681897,-12.637260329995456,-0.6597507516794714,100_020,0.2
100.0,3.0,8,30,1.5,0.05,11.950000000000001,5.0,0.0,0.5,20,cpu,Cluster UAV+Node-KF DPC,-1.305718092191874,57.83209747810531,49.85013326354084,32.69502805259087,32.73154877831249,-1.2857085396830064,0.2749618977423503,0.4272493113555152,0.032937151200700676,0.07414890539588755,0.009192909704661724,2.6000275358140605,-19.215464784283355,-19.177689268007036,-0.7277330125342558,100_020,0.2
