factor,factor_value,factor_label,frequency_MHz,wavelength_m,N,connectivity,actual_mean_degree,uav_position_noise_m,node_position_noise_m,mc_trials,T_long,K,TL_s,Ts_s,buoy_wave_speed_mps,buoy_random_displacement_std_m,buoy_center_accumulation_ratio,no_algorithm_tail_power_db,dfpc_tail_power_db,dfpc_gain_over_no_algorithm_db,no_algorithm_tail_gain_over_single_mean_db,dfpc_tail_gain_over_single_mean_db,dfpc_tail_gain_over_single_best_db,no_algorithm_tail_phase_std_deg,no_algorithm_tail_phase_rmse_deg,dfpc_tail_phase_std_deg,dfpc_tail_phase_rmse_deg,dfpc_tail_distance_rmse_m,dfpc_tail_node_rmse_m,dfpc_tail_uav_rmse_m,dfpc_tail_uav_line_intercept_rmse_m,dfpc_tail_uav_velocity_rmse_mps,dfpc_final_power_db,dfpc_final_phase_std_deg,dfpc_final_phase_rmse_deg,dfpc_final_distance_rmse_m,node_kf_dpc_tail_power_db,node_kf_improvement_over_dfpc_db,node_kf_dpc_gain_over_single_mean_db,node_kf_dpc_phase_std_deg,node_kf_dpc_phase_rmse_deg,node_kf_dpc_distance_rmse_m,node_kf_dpc_node_rmse_m,node_kf_dpc_uav_rmse_m,node_kf_dpc_final_power_db,node_kf_dpc_final_phase_std_deg,node_kf_dpc_final_phase_rmse_deg,node_kf_dpc_final_distance_rmse_m,kf_dfpc_tail_power_db,kf_improvement_over_dfpc_db,kf_dfpc_gain_over_single_mean_db,kf_dfpc_phase_std_deg,kf_dfpc_phase_rmse_deg,kf_dfpc_distance_rmse_m,kf_dfpc_node_rmse_m,kf_dfpc_uav_rmse_m,kf_dfpc_final_power_db,kf_dfpc_final_phase_std_deg,kf_dfpc_final_phase_rmse_deg,kf_dfpc_final_distance_rmse_m,controlled_design,target_mean_degree,point_index,point_out_dir
frequency,40.0,40 MHz,40.0,7.5,500,0.02,11.9132,5.0,1.0,10,20,30,1.5,0.05,0.8,0.08,0.08,-3.9210696320183325,-2.6566027629224735,1.264466869095859,50.058330454702045,51.3227973237979,51.3227973237979,52.014420096924404,52.01409931515421,43.94949054095323,43.949865912318835,1.0101125085997635,1.7331225394346874,0.2476126207332031,0.23214309741419645,0.015365968287234669,-2.666322019537015,43.99811760245938,43.98828897686513,1.0248410980279945,-0.12644453087004806,2.5301582320524254,53.85295555585032,9.785817934372776,9.78481256198849,0.1767140520774759,0.16199909901719575,0.2476126207332031,-0.12287046796319312,9.646839265709987,9.642037389479485,0.171784830693204,-0.06611483057990578,2.590487932342567,53.91328525614047,7.073727841187307,7.087636910877754,0.10661951775003016,0.16199909901719575,0.03592930935738078,-0.06846133257156524,7.199804275134608,7.208186326633498,0.10796311659134165,False,,0,D:\git\sim\outputs\仅节点KF对照_40-600MHz_N500_MC10_预热20_20260910\frequency\point_00
frequency,60.0,60 MHz,60.0,5.0,500,0.02,11.9132,5.0,1.0,10,20,30,1.5,0.05,0.8,0.08,0.08,-3.903749725993728,-3.6930094793444996,0.21074024664922833,50.07565036072664,50.28639060737588,50.28639060737588,51.918169070489945,51.91895830565774,50.7316943964197,50.73035398798925,1.0101125085997635,1.7331225394346874,0.2476126207332031,0.23214309741419645,0.015365968287234669,-3.684167234261731,50.7269179885197,50.73384345079323,1.0248410980279945,-0.24466377667461317,3.4483457026698865,53.73473631004576,13.620942396005379,13.620971223354589,0.1767140520774759,0.16199909901719575,0.2476126207332031,-0.23539244175157048,13.362801288533836,13.356670311795895,0.171784830693204,-0.10900591412037378,3.5840035652241258,53.8703941726,9.083028876468147,9.107242411808576,0.10661951775003016,0.16199909901719575,0.03592930935738078,-0.11320518765851165,9.25975620793123,9.274616581509374,0.10796311659134165,False,,1,D:\git\sim\outputs\仅节点KF对照_40-600MHz_N500_MC10_预热20_20260910\frequency\point_01
frequency,80.0,80 MHz,80.0,3.75,500,0.02,11.9132,5.0,1.0,10,20,30,1.5,0.05,0.8,0.08,0.08,-3.9103146667047155,-3.897819174158117,0.01249549254659895,50.069085420015654,50.08158091256226,50.08158091256226,51.95602084234192,51.95286325980007,51.88716826107511,51.88350586192976,1.0101125085997635,1.7331225394346874,0.2476126207332031,0.23214309741419645,0.015365968287234669,-3.8653940861179765,51.70356730994797,51.72063230451606,1.0248410980279945,-0.4096070591687884,3.4882121149893286,53.56979302755158,17.639375348442126,17.64058971934669,0.1767140520774759,0.16199909901719575,0.2476126207332031,-0.39128941795012673,17.23768101925851,17.2298009548337,0.171784830693204,-0.16906521468462926,3.728753959473488,53.810334872035746,11.31217910947144,11.346601808752776,0.10661951775003016,0.16199909901719575,0.03592930935738078,-0.17555491443554466,11.533187680843337,11.55453728899846,0.10796311659134165,False,,2,D:\git\sim\outputs\仅节点KF对照_40-600MHz_N500_MC10_预热20_20260910\frequency\point_02
frequency,100.0,100 MHz,100.0,3.0,500,0.02,11.9132,5.0,1.0,10,20,30,1.5,0.05,0.8,0.08,0.08,-3.912457859066901,-3.915384185609968,-0.002926326543066601,50.06694222765347,50.0640159011104,50.0640159011104,51.96709907313543,51.96079648793002,51.98058676379821,51.98125924787917,1.0101125085997635,1.7331225394346874,0.2476126207332031,0.23214309741419645,0.015365968287234669,-3.8516319320295223,51.63523262664241,51.61414757289763,1.0248410980279945,-0.6190086908674657,3.2963754947425024,53.360391395852915,21.69496024686257,21.69619265295008,0.1767140520774759,0.16199909901719575,0.2476126207332031,-0.5891485173532864,21.157687246223624,21.147737608370466,0.171784830693204,-0.24628303465141987,3.6691011509585483,53.733117052068955,13.65391519623938,13.698346829733282,0.10661951775003016,0.16199909901719575,0.03592930935738078,-0.2554849156965755,13.915865095032188,13.94361665561299,0.10796311659134165,False,,3,D:\git\sim\outputs\仅节点KF对照_40-600MHz_N500_MC10_预热20_20260910\frequency\point_03
frequency,150.0,150 MHz,150.0,2.0,500,0.02,11.9132,5.0,1.0,10,20,30,1.5,0.05,0.8,0.08,0.08,-3.8989704661973756,-3.908740613358552,-0.009770147161176228,50.080429620523,50.07065947336183,50.07065947336183,51.89047290667271,51.89131920618038,51.948105196191285,51.94956870702254,1.0101125085997635,1.7331225394346874,0.2476126207332031,0.23214309741419645,0.015365968287234669,-3.8438083736903828,51.561790419000715,51.59035146788832,1.0248410980279945,-1.3001597427900005,2.608580870568551,52.679240343930374,31.352246525363267,31.350316340290004,0.1767140520774759,0.16199909901719575,0.2476126207332031,-1.2438867963782028,30.68450517034595,30.672166580104875,0.171784830693204,-0.5142974557554497,3.3944431576031016,53.46510263096492,19.734531204969002,19.80344416936963,0.10661951775003016,0.16199909901719575,0.03592930935738078,-0.5319991638881271,20.09271082686393,20.13616333810637,0.10796311659134165,False,,4,D:\git\sim\outputs\仅节点KF对照_40-600MHz_N500_MC10_预热20_20260910\frequency\point_04
frequency,200.0,200 MHz,200.0,1.5,500,0.02,11.9132,5.0,1.0,10,20,30,1.5,0.05,0.8,0.08,0.08,-3.9069810963117786,-3.9114356820663607,-0.004454585754582342,50.0724189904086,50.06796440465401,50.06796440465401,51.934580512516135,51.93807237551102,51.95874825513818,51.95520677442494,1.0101125085997635,1.7331225394346874,0.2476126207332031,0.23214309741419645,0.015365968287234669,-3.922048276915931,52.016024903107166,52.00258838403825,1.0248410980279945,-2.077047485706739,1.8343881963596218,51.90235260101364,39.25248648286184,39.251562902131234,0.1767140520774759,0.16199909901719575,0.2476126207332031,-2.009642695778904,38.65573247456446,38.63879185779954,0.171784830693204,-0.8876260207338603,3.023809661332501,53.09177406598651,25.923583936505622,26.012793333009252,0.10661951775003016,0.16199909901719575,0.03592930935738078,-0.9146391893801177,26.348353530961155,26.395035753362322,0.10796311659134165,False,,5,D:\git\sim\outputs\仅节点KF对照_40-600MHz_N500_MC10_预热20_20260910\frequency\point_05
frequency,250.0,250 MHz,250.0,1.2,500,0.02,11.9132,5.0,1.0,10,20,30,1.5,0.05,0.8,0.08,0.08,-3.906114436676929,-3.911783322912074,-0.005668886235145026,50.073285650043445,50.0676167638083,50.0676167638083,51.932989603858246,51.934145079678274,51.96212160302193,51.959405562599045,1.0101125085997635,1.7331225394346874,0.2476126207332031,0.23214309741419645,0.015365968287234669,-3.9248558776728393,52.009683548274985,51.998436752172026,1.0248410980279945,-2.7701279916712362,1.1416553312408382,51.20927209504914,44.787376182697045,44.78572879375411,0.1767140520774759,0.16199909901719575,0.2476126207332031,-2.713416996509332,44.3909386538288,44.369497640135926,0.171784830693204,-1.350749896606741,2.5610334263053334,52.62865019011364,31.915702605779796,32.00819333806987,0.10661951775003016,0.16199909901719575,0.03592930935738078,-1.3826339210888126,32.32560976032106,32.37635493812717,0.10796311659134165,False,,6,D:\git\sim\outputs\仅节点KF对照_40-600MHz_N500_MC10_预热20_20260910\frequency\point_06
frequency,300.0,300 MHz,300.0,1.0,500,0.02,11.9132,5.0,1.0,10,20,30,1.5,0.05,0.8,0.08,0.08,-3.916662421763031,-3.9033796329596706,0.013282788803360715,50.062737664957346,50.076020453760705,50.076020453760705,51.988211034091314,51.988291421560355,51.91589385383748,51.91589486894436,1.0101125085997635,1.7331225394346874,0.2476126207332031,0.23214309741419645,0.015365968287234669,-3.98766522417249,52.36148677811131,52.35424730065024,1.0248410980279945,-3.275422704074421,0.6279569288852496,50.70397738264595,48.2068524754229,48.20397017626915,0.1767140520774759,0.16199909901719575,0.2476126207332031,-3.2190006758636014,47.8418596006968,47.85622171252757,0.171784830693204,-1.860034712060687,2.0433449208989836,52.119365374659694,37.259688680169496,37.33592912868876,0.10661951775003016,0.16199909901719575,0.03592930935738078,-1.8813101600395046,37.48214784545739,37.51277498749926,0.10796311659134165,False,,7,D:\git\sim\outputs\仅节点KF对照_40-600MHz_N500_MC10_预热20_20260910\frequency\point_07
frequency,400.0,400 MHz,400.0,0.75,500,0.02,11.9132,5.0,1.0,10,20,30,1.5,0.05,0.8,0.08,0.08,-3.9130768284743938,-3.91147724914393,0.0015995793304643838,50.06632325824598,50.06792283757645,50.06792283757645,51.96849767942616,51.96885266576628,51.95766205362299,51.95636098332536,1.0101125085997635,1.7331225394346874,0.2476126207332031,0.23214309741419645,0.015365968287234669,-3.9115727506710884,51.94421721975518,51.943986175886245,1.0248410980279945,-3.762111739384306,0.14936550975962362,50.21728834733607,51.12558182134079,51.123219013795556,0.1767140520774759,0.16199909901719575,0.2476126207332031,-3.752415780324581,51.0729424263548,51.04381463173241,0.171784830693204,-2.7940078059172095,1.1174694432267205,51.185392280803164,44.9667929456299,44.99975224857403,0.10661951775003016,0.16199909901719575,0.03592930935738078,-2.775134041114675,44.83872086959688,44.92551308580088,0.10796311659134165,False,,8,D:\git\sim\outputs\仅节点KF对照_40-600MHz_N500_MC10_预热20_20260910\frequency\point_08
frequency,500.0,500 MHz,500.0,0.6,500,0.02,11.9132,5.0,1.0,10,20,30,1.5,0.05,0.8,0.08,0.08,-3.904248771632273,-3.9064392107395123,-0.0021904391072393344,50.0751513150881,50.07296087598086,50.07296087598086,51.92104941955848,51.920680369424275,51.929949204251905,51.927218208231686,1.0101125085997635,1.7331225394346874,0.2476126207332031,0.23214309741419645,0.015365968287234669,-3.9537905754023055,52.171168251223,52.16971046376466,1.0248410980279945,-3.886953952700921,0.019485258038591823,50.092446134019454,51.8236537099613,51.8213132484231,0.1767140520774759,0.16199909901719575,0.2476126207332031,-3.8787409036818583,51.80153310624331,51.818918805511544,0.171784830693204,-3.4108551134201823,0.49558409731932973,50.56854497330019,49.05813831115359,49.06603456978532,0.10661951775003016,0.16199909901719575,0.03592930935738078,-3.3841108700946094,48.92263227341958,48.92596484803567,0.10796311659134165,False,,9,D:\git\sim\outputs\仅节点KF对照_40-600MHz_N500_MC10_预热20_20260910\frequency\point_09
frequency,600.0,600 MHz,600.0,0.5,500,0.02,11.9132,5.0,1.0,10,20,30,1.5,0.05,0.8,0.08,0.08,-3.907391228092434,-3.9124904264330107,-0.005099198340576725,50.07200885862794,50.066909660287365,50.066909660287365,51.935098701034924,51.93244062019732,51.9662820274345,51.96702765542875,1.0101125085997635,1.7331225394346874,0.2476126207332031,0.23214309741419645,0.015365968287234669,-3.9792742797702942,52.3206801598504,52.31500870708403,1.0248410980279945,-3.913158530355326,-0.0006681039223152875,50.06624155636505,51.97003817747402,51.96821940696616,0.1767140520774759,0.16199909901719575,0.2476126207332031,-3.9373820402988526,52.12405269351141,52.106253977458685,0.171784830693204,-3.7180329506817387,0.1944574757512721,50.26136713603864,50.88021936724129,50.881455309095834,0.10661951775003016,0.16199909901719575,0.03592930935738078,-3.6911380482216662,50.746718144641896,50.726786199429014,0.10796311659134165,False,,10,D:\git\sim\outputs\仅节点KF对照_40-600MHz_N500_MC10_预热20_20260910\frequency\point_10
